2026-02-07 07:24:48,570 [INFO] Activator:176 - 


2026-02-07 07:24:48,578 [INFO] Activator:177 - !SESSION log4j initialized
2026-02-07 07:24:54,760 [INFO] LogOutputStream:77 - [STDOUT_REDIRECT] 
2026-02-07 07:24:55,173 [ERROR] ConfigurationRetriever:142 - IOException on connection: sw-center.st.com
2026-02-07 07:24:55,174 [ERROR] ConfigurationRetriever:142 - IOException on connection: sw-center.st.com
2026-02-07 07:24:55,175 [ERROR] ConfigurationRetriever:142 - IOException on connection: sw-center.st.com
2026-02-07 07:24:57,248 [INFO] ApplicationProperties:184 - Using Application install path: C:\ST\STM32CubeIDE_1.18.1\STM32CubeIDE\plugins\com.st.stm32cube.common.mx_6.14.1.202504091515
2026-02-07 07:24:57,273 [INFO] DbMcusXml:78 - Set database path to: C:\ST\STM32CubeIDE_1.18.1\STM32CubeIDE\plugins\com.st.stm32cube.common.mx_6.14.1.202504091515\\db\/mcu/
2026-02-07 07:24:57,274 [INFO] ApiDb:274 - Set plugin database path to: C:\ST\STM32CubeIDE_1.18.1\STM32CubeIDE\plugins\com.st.stm32cube.common.mx_6.14.1.202504091515\\db\/plugins/boardmanager/
2026-02-07 07:24:57,274 [WARN] ApiDb:259 - Overriding images path with different value:  => C:\ST\STM32CubeIDE_1.18.1\STM32CubeIDE\plugins\com.st.stm32cube.common.mx_6.14.1.202504091515\\db\/plugins/mcufinder/images/
2026-02-07 07:24:57,285 [INFO] ApiDb:250 - Set database path to: C:\Users\Lenovo\.stmcufinder\plugins\mcufinder//mcu/
2026-02-07 07:24:57,287 [INFO] DbMcusAds:125 - Set database path to: C:\Users\Lenovo\.stmcufinder\plugins\mcufinder//mcu/
2026-02-07 07:24:57,290 [INFO] CrossReferenceDbSqlite:203 - Set database path to: C:\Users\Lenovo\.stmcufinder\plugins\mcufinder//mcu/cs/
2026-02-07 07:24:57,431 [INFO] RulesReader:64 - Compatibility file has been processed (302 Rules)
2026-02-07 07:24:57,544 [INFO] DbMcusXml:78 - Set database path to: C:\ST\STM32CubeIDE_1.18.1\STM32CubeIDE\plugins\com.st.stm32cube.common.mx_6.14.1.202504091515\\db\/mcu/
2026-02-07 07:24:57,545 [INFO] ApiDb:274 - Set plugin database path to: C:\ST\STM32CubeIDE_1.18.1\STM32CubeIDE\plugins\com.st.stm32cube.common.mx_6.14.1.202504091515\\db\/plugins/boardmanager/
2026-02-07 07:24:57,545 [INFO] ApiDb:261 - Set plugin images path to: C:\ST\STM32CubeIDE_1.18.1\STM32CubeIDE\plugins\com.st.stm32cube.common.mx_6.14.1.202504091515\\db\/plugins/mcufinder/images/
2026-02-07 07:24:57,545 [WARN] DbFile:41 - Overriding database path with different value: C:\Users\Lenovo\.stmcufinder\plugins\mcufinder/ => C:\Users\Lenovo\.stmcufinder\plugins\mcufinder
2026-02-07 07:24:57,545 [INFO] ApiDb:250 - Set database path to: C:\Users\Lenovo\.stmcufinder\plugins\mcufinder//mcu/
2026-02-07 07:24:57,545 [WARN] DbFile:41 - Overriding database path with different value: C:\Users\Lenovo\.stmcufinder\plugins\mcufinder/ => C:\Users\Lenovo\.stmcufinder\plugins\mcufinder
2026-02-07 07:24:57,545 [INFO] DbMcusAds:125 - Set database path to: C:\Users\Lenovo\.stmcufinder\plugins\mcufinder//mcu/
2026-02-07 07:24:57,546 [WARN] DbFile:41 - Overriding database path with different value: C:\Users\Lenovo\.stmcufinder\plugins\mcufinder/ => C:\Users\Lenovo\.stmcufinder\plugins\mcufinder
2026-02-07 07:24:57,546 [WARN] DbFile:41 - Overriding database path with different value: C:\Users\Lenovo\.stmcufinder\plugins\mcufinder/ => C:\Users\Lenovo\.stmcufinder\plugins\mcufinder
2026-02-07 07:24:57,546 [INFO] CrossReferenceDbSqlite:203 - Set database path to: C:\Users\Lenovo\.stmcufinder\plugins\mcufinder//mcu/cs/
2026-02-07 07:24:57,630 [INFO] MainPanel:272 - HeapMemory: 268435456
2026-02-07 07:24:57,748 [INFO] DbMcusXml:78 - Set database path to: C:\ST\STM32CubeIDE_1.18.1\STM32CubeIDE\plugins\com.st.stm32cube.common.mx_6.14.1.202504091515\\db\/mcu/
2026-02-07 07:24:57,748 [INFO] ApiDb:274 - Set plugin database path to: C:\ST\STM32CubeIDE_1.18.1\STM32CubeIDE\plugins\com.st.stm32cube.common.mx_6.14.1.202504091515\\db\/plugins/boardmanager/
2026-02-07 07:24:57,748 [INFO] ApiDb:261 - Set plugin images path to: C:\ST\STM32CubeIDE_1.18.1\STM32CubeIDE\plugins\com.st.stm32cube.common.mx_6.14.1.202504091515\\db\/plugins/mcufinder/images/
2026-02-07 07:24:57,748 [WARN] DbFile:41 - Overriding database path with different value: C:\Users\Lenovo\.stmcufinder\plugins\mcufinder/ => C:\Users\Lenovo\.stmcufinder\plugins\mcufinder
2026-02-07 07:24:57,749 [INFO] ApiDb:250 - Set database path to: C:\Users\Lenovo\.stmcufinder\plugins\mcufinder//mcu/
2026-02-07 07:24:57,749 [WARN] DbFile:41 - Overriding database path with different value: C:\Users\Lenovo\.stmcufinder\plugins\mcufinder/ => C:\Users\Lenovo\.stmcufinder\plugins\mcufinder
2026-02-07 07:24:57,749 [INFO] DbMcusAds:125 - Set database path to: C:\Users\Lenovo\.stmcufinder\plugins\mcufinder//mcu/
2026-02-07 07:24:57,749 [WARN] DbFile:41 - Overriding database path with different value: C:\Users\Lenovo\.stmcufinder\plugins\mcufinder/ => C:\Users\Lenovo\.stmcufinder\plugins\mcufinder
2026-02-07 07:24:57,749 [WARN] DbFile:41 - Overriding database path with different value: C:\Users\Lenovo\.stmcufinder\plugins\mcufinder/ => C:\Users\Lenovo\.stmcufinder\plugins\mcufinder
2026-02-07 07:24:57,749 [INFO] CrossReferenceDbSqlite:203 - Set database path to: C:\Users\Lenovo\.stmcufinder\plugins\mcufinder//mcu/cs/
2026-02-07 07:24:57,768 [INFO] ApplicationProperties:184 - Using Application install path: C:\ST\STM32CubeIDE_1.18.1\STM32CubeIDE\plugins\com.st.stm32cube.common.mx_6.14.1.202504091515
2026-02-07 07:24:57,769 [INFO] PluginManage:196 - Search for loadable plugins [exclusion list=, ]
2026-02-07 07:24:57,770 [INFO] PluginManage:310 - Check plugin analytics
2026-02-07 07:24:57,928 [INFO] AnalyticsPlugin:253 - Accepted Software Licenses: 
2026-02-07 07:24:57,928 [INFO] AnalyticsPlugin:255 - Accepted CMSIS Pack Licenses: 
2026-02-07 07:24:57,928 [INFO] AnalyticsPlugin:257 - Accepted Firmware Licenses: 
2026-02-07 07:24:57,930 [INFO] PluginManage:359 - Loaded plugin analytics (category:tool,tabindex:-1)
2026-02-07 07:24:57,931 [INFO] PluginManage:310 - Check plugin cadmodel
2026-02-07 07:24:57,932 [ERROR] ConfigurationRetriever:142 - IOException on connection: sw-center.st.com
2026-02-07 07:24:57,932 [ERROR] ConfigurationRetriever:142 - IOException on connection: sw-center.st.com
2026-02-07 07:24:57,933 [ERROR] ConfigurationRetriever:142 - IOException on connection: sw-center.st.com
2026-02-07 07:24:57,953 [INFO] CADModel:105 - Init CAD model plugin
2026-02-07 07:24:57,953 [INFO] PluginManage:359 - Loaded plugin cadmodel (category:power,tabindex:5)
2026-02-07 07:24:57,953 [INFO] PluginManage:310 - Check plugin clock
2026-02-07 07:24:57,978 [INFO] PluginManage:359 - Loaded plugin clock (category:base,tabindex:2)
2026-02-07 07:24:57,978 [INFO] PluginManage:310 - Check plugin ddr
2026-02-07 07:24:57,981 [INFO] PluginManage:359 - Loaded plugin ddr (category:tool,tabindex:6)
2026-02-07 07:24:57,982 [INFO] PluginManage:310 - Check plugin filemanager
2026-02-07 07:24:58,129 [INFO] PluginManage:359 - Loaded plugin filemanager (category:base,tabindex:10)
2026-02-07 07:24:58,129 [INFO] PluginManage:310 - Check plugin ipmanager
2026-02-07 07:24:58,138 [INFO] PluginManage:359 - Loaded plugin ipmanager (category:base,tabindex:5)
2026-02-07 07:24:58,138 [INFO] PluginManage:310 - Check plugin lpbam
2026-02-07 07:24:58,161 [INFO] PluginManage:359 - Loaded plugin lpbam (category:base,tabindex:0)
2026-02-07 07:24:58,161 [INFO] PluginManage:310 - Check plugin memorymap
2026-02-07 07:24:58,190 [INFO] PluginManage:359 - Loaded plugin memorymap (category:base,tabindex:4)
2026-02-07 07:24:58,191 [INFO] PluginManage:310 - Check plugin pinoutandconfiguration
2026-02-07 07:24:58,216 [INFO] PluginManage:359 - Loaded plugin pinoutandconfiguration (category:base,tabindex:1)
2026-02-07 07:24:58,216 [INFO] PluginManage:310 - Check plugin pinoutconfig
2026-02-07 07:24:58,328 [WARN] SupportedApi:132 - Cannot load RTOS API schema: s4s-elt-must-match.1: The content of 'definitions' must match (annotation?, (simpleType | complexType)?, (unique | key | keyref)*)). A problem was found starting at: attribute.
2026-02-07 07:24:58,475 [INFO] PluginManage:359 - Loaded plugin pinoutconfig (category:base,tabindex:0)
2026-02-07 07:24:58,475 [INFO] PluginManage:310 - Check plugin power
2026-02-07 07:24:58,503 [INFO] PluginManage:359 - Loaded plugin power (category:power,tabindex:4)
2026-02-07 07:24:58,504 [INFO] PluginManage:310 - Check plugin projectmanager
2026-02-07 07:24:58,524 [INFO] PluginManage:359 - Loaded plugin projectmanager (category:projectmanager,tabindex:4)
2026-02-07 07:24:58,524 [INFO] PluginManage:310 - Check plugin rif
2026-02-07 07:24:58,552 [INFO] PluginManage:359 - Loaded plugin rif (category:base,tabindex:3)
2026-02-07 07:24:58,552 [INFO] PluginManage:310 - Check plugin thirdparty
2026-02-07 07:24:58,956 [INFO] PluginManage:359 - Loaded plugin thirdparty (category:base,tabindex:-1)
2026-02-07 07:24:58,956 [WARN] IntegrityCheckThread:84 - waiting for thirdparty lock release [integrity check]
2026-02-07 07:24:58,956 [INFO] PluginManage:310 - Check plugin tools
2026-02-07 07:24:58,956 [INFO] IntegrityCheckThread:86 - entering critical section [integrity check]
2026-02-07 07:24:58,957 [INFO] ThirdPartyUpdaterWithRetryManager:70 - Updater plugin not ready yet. [1/15]
2026-02-07 07:24:59,016 [INFO] PluginManage:359 - Loaded plugin tools (category:base,tabindex:7)
2026-02-07 07:24:59,016 [INFO] PluginManage:310 - Check plugin tutovideos
2026-02-07 07:24:59,231 [INFO] PluginManage:359 - Loaded plugin tutovideos (category:base,tabindex:-1)
2026-02-07 07:24:59,231 [INFO] PluginManage:310 - Check plugin updater
2026-02-07 07:24:59,254 [INFO] PluginManage:359 - Loaded plugin updater (category:base,tabindex:12)
2026-02-07 07:24:59,254 [INFO] PluginManage:310 - Check plugin userauth
2026-02-07 07:24:59,258 [INFO] UserAuth:118 - Init User Auth plugin
2026-02-07 07:24:59,259 [INFO] PluginManage:359 - Loaded plugin userauth (category:base,tabindex:14)
2026-02-07 07:24:59,260 [INFO] PluginManage:283 - PluginManage : Loaded plugins [18]
2026-02-07 07:24:59,476 [INFO] PinOutPanel:1589 - setPackage(No Configuration,No Configuration)
2026-02-07 07:24:59,566 [INFO] CADModel:165 - CPN selected for project level
2026-02-07 07:24:59,566 [INFO] CADModel:114 - Register for checkConnection events
2026-02-07 07:24:59,605 [INFO] IPUIPlugin:80 - create IPUIPlugin
2026-02-07 07:24:59,605 [INFO] PluginManager:220 - loadIPPluginJar : add adc
2026-02-07 07:24:59,670 [INFO] IPUIPlugin:80 - create IPUIPlugin
2026-02-07 07:24:59,670 [INFO] PluginManager:220 - loadIPPluginJar : add aes
2026-02-07 07:24:59,739 [INFO] IPUIPlugin:80 - create IPUIPlugin
2026-02-07 07:24:59,739 [INFO] PluginManager:220 - loadIPPluginJar : add can
2026-02-07 07:24:59,779 [INFO] IPUIPlugin:80 - create IPUIPlugin
2026-02-07 07:24:59,779 [INFO] PluginManager:220 - loadIPPluginJar : add comp
2026-02-07 07:24:59,829 [INFO] IPUIPlugin:80 - create IPUIPlugin
2026-02-07 07:24:59,829 [INFO] PluginManager:220 - loadIPPluginJar : add cryp
2026-02-07 07:24:59,845 [INFO] IPUIPlugin:80 - create IPUIPlugin
2026-02-07 07:24:59,846 [INFO] PluginManager:220 - loadIPPluginJar : add ddr_ctrl_phy
2026-02-07 07:24:59,891 [INFO] IPUIPlugin:80 - create IPUIPlugin
2026-02-07 07:24:59,892 [INFO] PluginManager:220 - loadIPPluginJar : add dfsdm
2026-02-07 07:24:59,910 [INFO] IPUIPlugin:80 - create IPUIPlugin
2026-02-07 07:24:59,911 [INFO] PluginManager:220 - loadIPPluginJar : add dma
2026-02-07 07:24:59,972 [INFO] IPUIPlugin:80 - create IPUIPlugin
2026-02-07 07:24:59,972 [INFO] PluginManager:220 - loadIPPluginJar : add dma3
2026-02-07 07:25:00,044 [INFO] IPUIPlugin:80 - create IPUIPlugin
2026-02-07 07:25:00,044 [INFO] PluginManager:220 - loadIPPluginJar : add extmemmanager
2026-02-07 07:25:00,081 [INFO] IPUIPlugin:80 - create IPUIPlugin
2026-02-07 07:25:00,081 [INFO] PluginManager:220 - loadIPPluginJar : add fatfs
2026-02-07 07:25:00,150 [INFO] IPUIPlugin:80 - create IPUIPlugin
2026-02-07 07:25:00,150 [INFO] PluginManager:220 - loadIPPluginJar : add fmc
2026-02-07 07:25:00,171 [INFO] IPUIPlugin:80 - create IPUIPlugin
2026-02-07 07:25:00,171 [INFO] PluginManager:220 - loadIPPluginJar : add freertos
2026-02-07 07:25:00,204 [INFO] IPUIPlugin:80 - create IPUIPlugin
2026-02-07 07:25:00,204 [INFO] PluginManager:220 - loadIPPluginJar : add genericplugin
2026-02-07 07:25:00,349 [INFO] IPUIPlugin:80 - create IPUIPlugin
2026-02-07 07:25:00,349 [INFO] PluginManager:220 - loadIPPluginJar : add gfxmmu
2026-02-07 07:25:00,545 [INFO] IPUIPlugin:80 - create IPUIPlugin
2026-02-07 07:25:00,546 [INFO] PluginManager:220 - loadIPPluginJar : add gic
2026-02-07 07:25:00,564 [INFO] IPUIPlugin:80 - create IPUIPlugin
2026-02-07 07:25:00,564 [INFO] PluginManager:220 - loadIPPluginJar : add gpio
2026-02-07 07:25:00,694 [INFO] IPUIPlugin:80 - create IPUIPlugin
2026-02-07 07:25:00,695 [INFO] PluginManager:220 - loadIPPluginJar : add gtzc
2026-02-07 07:25:00,745 [INFO] IPUIPlugin:80 - create IPUIPlugin
2026-02-07 07:25:00,745 [INFO] PluginManager:220 - loadIPPluginJar : add hash
2026-02-07 07:25:00,832 [INFO] IPUIPlugin:80 - create IPUIPlugin
2026-02-07 07:25:00,832 [INFO] PluginManager:220 - loadIPPluginJar : add i2c
2026-02-07 07:25:00,892 [INFO] IPUIPlugin:80 - create IPUIPlugin
2026-02-07 07:25:00,892 [INFO] PluginManager:220 - loadIPPluginJar : add i2s
2026-02-07 07:25:00,955 [INFO] IPUIPlugin:80 - create IPUIPlugin
2026-02-07 07:25:00,955 [INFO] PluginManager:220 - loadIPPluginJar : add i3c
2026-02-07 07:25:01,124 [INFO] IPUIPlugin:80 - create IPUIPlugin
2026-02-07 07:25:01,125 [INFO] PluginManager:220 - loadIPPluginJar : add ipddr
2026-02-07 07:25:01,279 [INFO] IPUIPlugin:80 - create IPUIPlugin
2026-02-07 07:25:01,280 [INFO] PluginManager:220 - loadIPPluginJar : add linkedlist
2026-02-07 07:25:01,338 [INFO] IPUIPlugin:80 - create IPUIPlugin
2026-02-07 07:25:01,339 [INFO] PluginManager:220 - loadIPPluginJar : add lorawan
2026-02-07 07:25:01,399 [INFO] IPUIPlugin:80 - create IPUIPlugin
2026-02-07 07:25:01,399 [INFO] PluginManager:220 - loadIPPluginJar : add ltdc
2026-02-07 07:25:01,419 [INFO] IPUIPlugin:80 - create IPUIPlugin
2026-02-07 07:25:01,420 [INFO] PluginManager:220 - loadIPPluginJar : add mdma
2026-02-07 07:25:01,437 [INFO] IPUIPlugin:80 - create IPUIPlugin
2026-02-07 07:25:01,437 [INFO] PluginManager:220 - loadIPPluginJar : add nvic
2026-02-07 07:25:01,502 [INFO] IPUIPlugin:80 - create IPUIPlugin
2026-02-07 07:25:01,502 [INFO] PluginManager:220 - loadIPPluginJar : add opamp
2026-02-07 07:25:01,603 [INFO] IPUIPlugin:80 - create IPUIPlugin
2026-02-07 07:25:01,604 [INFO] PluginManager:220 - loadIPPluginJar : add openamp
2026-02-07 07:25:01,671 [INFO] IPUIPlugin:80 - create IPUIPlugin
2026-02-07 07:25:01,672 [INFO] PluginManager:220 - loadIPPluginJar : add pdm2pcm
2026-02-07 07:25:01,690 [INFO] IPUIPlugin:80 - create IPUIPlugin
2026-02-07 07:25:01,693 [INFO] PluginManager:220 - loadIPPluginJar : add plateformsettings
2026-02-07 07:25:01,729 [INFO] IPUIPlugin:80 - create IPUIPlugin
2026-02-07 07:25:01,729 [INFO] PluginManager:220 - loadIPPluginJar : add quadspi
2026-02-07 07:25:01,769 [INFO] IPUIPlugin:80 - create IPUIPlugin
2026-02-07 07:25:01,770 [INFO] PluginManager:220 - loadIPPluginJar : add radio
2026-02-07 07:25:01,789 [INFO] IPUIPlugin:80 - create IPUIPlugin
2026-02-07 07:25:01,789 [INFO] PluginManager:220 - loadIPPluginJar : add resmgrutility
2026-02-07 07:25:01,855 [INFO] IPUIPlugin:80 - create IPUIPlugin
2026-02-07 07:25:01,855 [INFO] PluginManager:220 - loadIPPluginJar : add sai
2026-02-07 07:25:01,911 [INFO] IPUIPlugin:80 - create IPUIPlugin
2026-02-07 07:25:01,911 [INFO] PluginManager:220 - loadIPPluginJar : add spi
2026-02-07 07:25:01,959 [INFO] ThirdPartyUpdaterWithRetryManager:70 - Updater plugin not ready yet. [2/15]
2026-02-07 07:25:02,017 [INFO] IPUIPlugin:80 - create IPUIPlugin
2026-02-07 07:25:02,017 [INFO] PluginManager:220 - loadIPPluginJar : add stm32_wpan
2026-02-07 07:25:02,057 [INFO] IPUIPlugin:80 - create IPUIPlugin
2026-02-07 07:25:02,057 [INFO] PluginManager:220 - loadIPPluginJar : add tim
2026-02-07 07:25:02,149 [INFO] IPUIPlugin:80 - create IPUIPlugin
2026-02-07 07:25:02,149 [INFO] PluginManager:220 - loadIPPluginJar : add touchsensing
2026-02-07 07:25:02,185 [INFO] IPUIPlugin:80 - create IPUIPlugin
2026-02-07 07:25:02,185 [INFO] PluginManager:220 - loadIPPluginJar : add tracer_emb
2026-02-07 07:25:02,223 [INFO] IPUIPlugin:80 - create IPUIPlugin
2026-02-07 07:25:02,223 [INFO] PluginManager:220 - loadIPPluginJar : add ts
2026-02-07 07:25:02,263 [INFO] IPUIPlugin:80 - create IPUIPlugin
2026-02-07 07:25:02,263 [INFO] PluginManager:220 - loadIPPluginJar : add tsc
2026-02-07 07:25:02,301 [INFO] IPUIPlugin:80 - create IPUIPlugin
2026-02-07 07:25:02,302 [INFO] PluginManager:220 - loadIPPluginJar : add ucpd
2026-02-07 07:25:02,379 [INFO] IPUIPlugin:80 - create IPUIPlugin
2026-02-07 07:25:02,379 [INFO] PluginManager:220 - loadIPPluginJar : add usart
2026-02-07 07:25:02,447 [INFO] IPUIPlugin:80 - create IPUIPlugin
2026-02-07 07:25:02,447 [INFO] PluginManager:220 - loadIPPluginJar : add usbx
2026-02-07 07:25:02,583 [FATAL] Updater:351 - Updater called before beeing initialized
2026-02-07 07:25:02,611 [INFO] RulesReader:64 - Compatibility file has been processed (302 Rules)
2026-02-07 07:25:02,621 [INFO] RulesReader:64 - Compatibility file has been processed (302 Rules)
2026-02-07 07:25:02,630 [INFO] CADModel:165 - CPN selected for project level
2026-02-07 07:25:02,630 [INFO] CADModel:114 - Register for checkConnection events
2026-02-07 07:25:02,630 [FATAL] Updater:351 - Updater called before beeing initialized
2026-02-07 07:25:02,630 [ERROR] CADModel:125 - Updater not yet initialized, retry later 
2026-02-07 07:25:02,796 [FATAL] Updater:351 - Updater called before beeing initialized
2026-02-07 07:25:02,799 [INFO] CADModel:165 - CPN selected for project level
2026-02-07 07:25:02,799 [INFO] CADModel:114 - Register for checkConnection events
2026-02-07 07:25:02,799 [FATAL] Updater:351 - Updater called before beeing initialized
2026-02-07 07:25:02,799 [ERROR] CADModel:125 - Updater not yet initialized, retry later 
2026-02-07 07:25:02,804 [FATAL] Updater:351 - Updater called before beeing initialized
2026-02-07 07:25:02,942 [FATAL] Updater:351 - Updater called before beeing initialized
2026-02-07 07:25:02,959 [INFO] DbMcusAds:53 - JSON generation date=Mon Nov 10 17:43:01 ICT 2025 (1762771381118)
2026-02-07 07:25:02,959 [FATAL] Updater:351 - Updater called before beeing initialized
2026-02-07 07:25:02,996 [WARN] DetailPanel:346 - Failed to get advertising image, set to default
2026-02-07 07:25:03,214 [FATAL] Updater:351 - Updater called before beeing initialized
2026-02-07 07:25:03,217 [FATAL] Updater:351 - Updater called before beeing initialized
2026-02-07 07:25:03,217 [FATAL] Updater:351 - Updater called before beeing initialized
2026-02-07 07:25:03,217 [WARN] DetailPanel:346 - Failed to get advertising image, set to default
2026-02-07 07:25:03,218 [FATAL] Updater:351 - Updater called before beeing initialized
2026-02-07 07:25:03,283 [ERROR] Updater:1198 - MainUpdater not yet initialized. External WinMGr cannot be set.
2026-02-07 07:25:03,297 [INFO] Updater:1134 - Updater Version found : 6.14.1
2026-02-07 07:25:03,313 [INFO] ApplicationProperties:184 - Using Application install path: C:\ST\STM32CubeIDE_1.18.1\STM32CubeIDE\plugins\com.st.stm32cube.common.mx_6.14.1.202504091515
2026-02-07 07:25:04,896 [ERROR] LogOutputStream:75 - [STDERR_REDIRECT] Feb 07, 2026 7:25:04 AM java.util.prefs.WindowsPreferences <init>
2026-02-07 07:25:04,897 [ERROR] LogOutputStream:75 - [STDERR_REDIRECT] WARNING: Could not open/create prefs root node Software\JavaSoft\Prefs at root 0xffffffff80000002. Windows RegCreateKeyEx(...) returned error code 5.
2026-02-07 07:25:04,897 [ERROR] LogOutputStream:75 - [STDERR_REDIRECT] 
2026-02-07 07:25:04,960 [INFO] ThirdPartyUpdaterWithRetryManager:70 - Updater plugin not ready yet. [3/15]
2026-02-07 07:25:05,134 [INFO] MainUpdater:2872 - connection check result : 22
2026-02-07 07:25:05,135 [INFO] MainUpdater:289 - Updater Check For Update Now.
2026-02-07 07:25:05,135 [INFO] MicroXplorer:498 - Change Database Version : DB.6.0.141
2026-02-07 07:25:05,157 [INFO] McuFinderGlobals:63 - Set McuFinder mode to 2 (CubeIDE integrated)
2026-02-07 07:25:05,158 [INFO] UserAuth:171 - activating auth plugin
2026-02-07 07:25:05,162 [INFO] UserAuth:484 - Internet connection configuration mode: 2
2026-02-07 07:25:05,182 [INFO] UserAuth:484 - Internet connection configuration mode: 2
2026-02-07 07:25:05,358 [INFO] CheckServerUpdateThread:120 - End of CheckServer Thread
2026-02-07 07:25:08,237 [WARN] PackLoader:240 - Cannot read IP mode file for STMicroelectronics.FP-SNS-MOTENVWB1.1.4.0
2026-02-07 07:25:08,256 [WARN] PackLoader:240 - Cannot read IP mode file for STMicroelectronics.X-CUBE-SMBUS.2.1.0
2026-02-07 07:25:08,295 [WARN] PackLoader:240 - Cannot read IP mode file for STMicroelectronics.X-CUBE-AZRTOS-F7.1.1.0
2026-02-07 07:25:08,317 [WARN] PackLoader:240 - Cannot read IP mode file for Cesanta.I-CUBE-Mongoose.7.19.0
2026-02-07 07:25:08,334 [ERROR] Engine:466 - C:\Users\Lenovo\.stm32cubemx\thirdparties\pdsc\STMicroelectronics.FP-SNS-MOTENV1.5.1.0.pdsc: PDSC version is not supported
2026-02-07 07:25:08,351 [ERROR] Engine:466 - C:\Users\Lenovo\.stm32cubemx\thirdparties\pdsc\WES.I-CUBE-Cesium.1.4.0.pdsc: PDSC version is not supported
2026-02-07 07:25:08,386 [WARN] PackLoader:240 - Cannot read IP mode file for Infineon.AIROC-Wi-Fi-Bluetooth-STM32.1.7.1
2026-02-07 07:25:08,425 [WARN] PackLoader:240 - Cannot read IP mode file for STMicroelectronics.X-CUBE-AZRTOS-H7.3.4.0
2026-02-07 07:25:08,461 [WARN] PackLoader:240 - Cannot read IP mode file for STMicroelectronics.X-CUBE-DISPLAY.3.0.0
2026-02-07 07:25:08,487 [WARN] PackLoader:240 - Cannot read IP mode file for STMicroelectronics.X-CUBE-NFC10.1.0.0
2026-02-07 07:25:08,507 [WARN] PackLoader:240 - Cannot read IP mode file for STMicroelectronics.X-CUBE-ST60.1.1.0
2026-02-07 07:25:08,526 [WARN] PackLoader:240 - Cannot read IP mode file for emotas.I-CUBE-CANOPEN.1.3.0
2026-02-07 07:25:08,546 [WARN] PackLoader:240 - Cannot read IP mode file for STMicroelectronics.X-CUBE-GNSS1.7.1.0
2026-02-07 07:25:08,564 [WARN] PackLoader:240 - Cannot read IP mode file for STMicroelectronics.FP-SNS-SMARTAG2.1.2.0
2026-02-07 07:25:08,588 [INFO] LogOutputStream:77 - [STDOUT_REDIRECT] 1 : Invalid condition id : UX_CORESTACK_Condition cause : null
2026-02-07 07:25:08,588 [INFO] LogOutputStream:77 - [STDOUT_REDIRECT] 1 : Invalid condition id : UX_CORESTACK_Condition cause : null
2026-02-07 07:25:08,589 [INFO] LogOutputStream:77 - [STDOUT_REDIRECT] 1 : Invalid condition id : UX_CORESTACK_Condition cause : null
2026-02-07 07:25:08,590 [INFO] LogOutputStream:77 - [STDOUT_REDIRECT] 1 : Invalid condition id : UX_CORESTACK_Condition cause : null
2026-02-07 07:25:08,590 [INFO] LogOutputStream:77 - [STDOUT_REDIRECT] 1 : Invalid condition id : UX_CORESTACK_Condition cause : null
2026-02-07 07:25:08,592 [WARN] PackLoader:240 - Cannot read IP mode file for STMicroelectronics.X-CUBE-AZRTOS-WL.2.0.0
2026-02-07 07:25:08,626 [WARN] PackLoader:240 - Cannot read IP mode file for STMicroelectronics.X-CUBE-AZRTOS-H7RS.1.2.0
2026-02-07 07:25:08,649 [WARN] PackLoader:240 - Cannot read IP mode file for STMicroelectronics.X-CUBE-BLE2.3.3.0
2026-02-07 07:25:08,714 [WARN] PackLoader:240 - Cannot read IP mode file for STMicroelectronics.X-CUBE-NFC9.1.0.0
2026-02-07 07:25:08,734 [WARN] PackLoader:240 - Cannot read IP mode file for wolfSSL.I-CUBE-wolfSSL.5.8.2
2026-02-07 07:25:08,751 [WARN] PackLoader:240 - Cannot read IP mode file for STMicroelectronics.X-CUBE-BLE1.7.1.0
2026-02-07 07:25:08,768 [WARN] PackLoader:240 - Cannot read IP mode file for wolfSSL.I-CUBE-wolfMQTT.1.19.2
2026-02-07 07:25:08,785 [ERROR] Engine:466 - C:\Users\Lenovo\.stm32cubemx\thirdparties\pdsc\STMicroelectronics.X-CUBE-FREERTOS.1.4.0.pdsc: PDSC version is not supported
2026-02-07 07:25:08,805 [WARN] PackLoader:240 - Cannot read IP mode file for STMicroelectronics.X-CUBE-EEPRMA1.5.2.0
2026-02-07 07:25:08,823 [ERROR] Engine:466 - C:\Users\Lenovo\.stm32cubemx\thirdparties\pdsc\STMicroelectronics.X-CUBE-ST67W61.1.1.0.pdsc: PDSC version is not supported
2026-02-07 07:25:08,873 [WARN] PackLoader:240 - Cannot read IP mode file for STMicroelectronics.X-CUBE-MEMS1.12.0.0
2026-02-07 07:25:08,967 [WARN] PackLoader:240 - Cannot read IP mode file for STMicroelectronics.X-CUBE-AZRTOS-G0.1.1.0
2026-02-07 07:25:08,998 [WARN] PackLoader:240 - Cannot read IP mode file for STMicroelectronics.X-CUBE-SAFEA1.1.2.2
2026-02-07 07:25:09,018 [WARN] PackLoader:240 - Cannot read IP mode file for STMicroelectronics.X-CUBE-NFC4.3.0.0
2026-02-07 07:25:09,040 [WARN] PackLoader:240 - Cannot read IP mode file for EmbeddedOffice.I-CUBE-FS-RTOS.1.0.1
2026-02-07 07:25:09,059 [WARN] PackLoader:240 - Cannot read IP mode file for STMicroelectronics.X-CUBE-WB05N.2.0.0
2026-02-07 07:25:09,076 [WARN] PackLoader:240 - Cannot read IP mode file for wolfSSL.I-CUBE-wolfTPM.3.8.0
2026-02-07 07:25:09,096 [WARN] PackLoader:240 - Cannot read IP mode file for STMicroelectronics.X-CUBE-TCPP.4.2.0
2026-02-07 07:25:09,117 [WARN] PackLoader:240 - Cannot read IP mode file for RealThread.X-CUBE-RT-Thread_Nano.4.1.1
2026-02-07 07:25:09,135 [WARN] PackLoader:240 - Cannot read IP mode file for STMicroelectronics.FP-ATR-SIGFOX1.3.2.0
2026-02-07 07:25:09,155 [WARN] PackLoader:240 - Cannot read IP mode file for ITTIA_DB.I-CUBE-ITTIADB.8.9.0
2026-02-07 07:25:09,175 [WARN] PackLoader:240 - Cannot read IP mode file for STMicroelectronics.X-CUBE-AI.10.2.0
2026-02-07 07:25:09,206 [WARN] PackLoader:240 - Cannot read IP mode file for SEGGER.I-CUBE-embOS.1.3.1
2026-02-07 07:25:09,247 [WARN] PackLoader:240 - Cannot read IP mode file for STMicroelectronics.X-CUBE-ALGOBUILD.1.4.0
2026-02-07 07:25:09,297 [WARN] PackLoader:240 - Cannot read IP mode file for STMicroelectronics.X-CUBE-MEMS1.11.3.0
2026-02-07 07:25:09,415 [WARN] PackLoader:240 - Cannot read IP mode file for STMicroelectronics.X-CUBE-PM33A1.1.0.0
2026-02-07 07:25:09,453 [WARN] PackLoader:240 - Cannot read IP mode file for STMicroelectronics.X-CUBE-AZRTOS-F4.1.1.0
2026-02-07 07:25:09,477 [WARN] PackLoader:240 - Cannot read IP mode file for STMicroelectronics.X-CUBE-ISPU.2.1.0
2026-02-07 07:25:09,498 [ERROR] Engine:466 - C:\Users\Lenovo\.stm32cubemx\thirdparties\pdsc\STMicroelectronics.X-CUBE-IPS.3.2.0.pdsc: PDSC version is not supported
2026-02-07 07:25:09,520 [WARN] PackLoader:240 - Cannot read IP mode file for STMicroelectronics.X-CUBE-NFC12.1.0.0
2026-02-07 07:25:09,555 [WARN] PackLoader:240 - Cannot read IP mode file for STMicroelectronics.X-CUBE-AZRTOS-L5.2.0.0
2026-02-07 07:25:09,578 [WARN] PackLoader:240 - Cannot read IP mode file for STMicroelectronics.X-CUBE-NFC6.3.1.0
2026-02-07 07:25:09,597 [WARN] PackLoader:240 - Cannot read IP mode file for STMicroelectronics.X-CUBE-FREERTOS.1.3.1
2026-02-07 07:25:09,617 [WARN] PackLoader:240 - Cannot read IP mode file for STMicroelectronics.X-CUBE-TOUCHGFX.4.26.0
2026-02-07 07:25:09,637 [WARN] PackLoader:240 - Cannot read IP mode file for STMicroelectronics.FP-SNS-STAIOTCFT.1.0.0
2026-02-07 07:25:09,656 [WARN] PackLoader:240 - Cannot read IP mode file for STMicroelectronics.X-CUBE-DPower.1.3.0
2026-02-07 07:25:09,689 [WARN] ConditionMgr:438 - getConditionDescription Invalid condition id : LAN8742 Phy interface Condition cause : null
2026-02-07 07:25:09,689 [WARN] PackLoader:240 - Cannot read IP mode file for STMicroelectronics.X-CUBE-AZRTOS-L4.2.0.0
2026-02-07 07:25:09,690 [WARN] ConditionMgr:1044 - genDependencies : Invalid condition id : LAN8742 Phy interface Condition cause : null
2026-02-07 07:25:09,690 [WARN] ConditionMgr:1044 - genDependencies : Invalid condition id : LAN8742 Phy interface Condition cause : null
2026-02-07 07:25:09,691 [WARN] ConditionMgr:1044 - genDependencies : Invalid condition id : LAN8742 Phy interface Condition cause : null
2026-02-07 07:25:09,712 [WARN] PackLoader:240 - Cannot read IP mode file for STMicroelectronics.X-CUBE-SFXS2LP1.4.0.0
2026-02-07 07:25:09,734 [WARN] PackLoader:240 - Cannot read IP mode file for STMicroelectronics.X-CUBE-BLEMGR.4.1.0
2026-02-07 07:25:09,763 [WARN] ConditionMgr:438 - getConditionDescription Invalid condition id : UX DEVICE CLASS RTOS Condition cause : null
2026-02-07 07:25:09,763 [WARN] ConditionMgr:438 - getConditionDescription Invalid condition id : UX DEVICE CLASS RTOS Condition cause : null
2026-02-07 07:25:09,765 [WARN] PackLoader:240 - Cannot read IP mode file for STMicroelectronics.X-CUBE-AZRTOS-WB.2.0.0
2026-02-07 07:25:09,765 [WARN] ConditionMgr:1044 - genDependencies : Invalid condition id : UX DEVICE CLASS RTOS Condition cause : null
2026-02-07 07:25:09,765 [WARN] ConditionMgr:1044 - genDependencies : Invalid condition id : UX DEVICE CLASS RTOS Condition cause : null
2026-02-07 07:25:09,765 [WARN] ConditionMgr:1044 - genDependencies : Invalid condition id : UX DEVICE CLASS RTOS Condition cause : null
2026-02-07 07:25:09,765 [WARN] ConditionMgr:1044 - genDependencies : Invalid condition id : UX DEVICE CLASS RTOS Condition cause : null
2026-02-07 07:25:09,766 [WARN] ConditionMgr:1044 - genDependencies : Invalid condition id : UX DEVICE CLASS RTOS Condition cause : null
2026-02-07 07:25:09,784 [WARN] PackLoader:240 - Cannot read IP mode file for STMicroelectronics.X-CUBE-GNSS1.7.0.1
2026-02-07 07:25:09,802 [WARN] ConditionMgr:438 - getConditionDescription Invalid condition id : Cortex-A Device cause : null
2026-02-07 07:25:09,822 [WARN] ConditionMgr:1044 - genDependencies : Invalid condition id : Cortex-A Device cause : null
2026-02-07 07:25:09,822 [WARN] ConditionMgr:1044 - genDependencies : Invalid condition id : Cortex-A Device cause : null
2026-02-07 07:25:09,822 [WARN] ConditionMgr:1044 - genDependencies : Invalid condition id : Cortex-A Device cause : null
2026-02-07 07:25:09,850 [WARN] PackLoader:240 - Cannot read IP mode file for STMicroelectronics.X-CUBE-SUBG2.5.0.0
2026-02-07 07:25:09,883 [WARN] PackLoader:240 - Cannot read IP mode file for STMicroelectronics.X-CUBE-AZRTOS-H7RS.1.1.0
2026-02-07 07:25:09,913 [WARN] PackLoader:240 - Cannot read IP mode file for STMicroelectronics.X-CUBE-AZRTOS-G4.2.0.0
2026-02-07 07:25:09,929 [WARN] PackLoader:240 - Cannot read IP mode file for wolfSSL.I-CUBE-wolfSSH.1.4.20
2026-02-07 07:25:09,947 [WARN] PackLoader:240 - Cannot read IP mode file for STMicroelectronics.X-CUBE-NFC7.2.0.0
2026-02-07 07:25:09,964 [WARN] PackLoader:240 - Cannot read IP mode file for STMicroelectronics.X-CUBE-ALS.1.0.2
2026-02-07 07:25:09,990 [WARN] PackLoader:240 - Cannot read IP mode file for STMicroelectronics.X-CUBE-STSE01.1.0.0
2026-02-07 07:25:10,016 [WARN] PackLoader:240 - Cannot read IP mode file for STMicroelectronics.X-CUBE-TOF1.3.4.3
2026-02-07 07:25:10,022 [INFO] ThirdParty:978 - Integrity check success = true
2026-02-07 07:25:10,023 [INFO] IntegrityCheckThread:100 - exiting critical section [integrity check]
2026-02-07 07:25:10,023 [INFO] IntegrityCheckThread:103 - End integrity checks thread
2026-02-07 07:30:14,005 [INFO] McuFinderGlobals:63 - Set McuFinder mode to 2 (CubeIDE integrated)
2026-02-07 07:30:14,196 [INFO] MainUpdater:2872 - connection check result : 10
2026-02-07 07:30:14,232 [INFO] McuFinderGlobals:76 - Set McuFinderConnectedMode to true
2026-02-07 07:30:14,584 [INFO] ServerAccessManage:473 - Download File mcusAds.json._tmp_
2026-02-07 07:30:14,703 [INFO] LoadUrlFilesThread:156 - End of LoadUrlFiles Thread
2026-02-07 07:30:15,068 [INFO] ServerAccessManage:473 - Download File cube-finder-db.zip
2026-02-07 07:30:16,968 [INFO] FileExtend:242 - Unzip File : cube-finder-db.zip
2026-02-07 07:30:16,968 [INFO] FileExtend:257 - Standard Zip Deflate
2026-02-07 07:30:18,187 [INFO] LoadUrlFilesThread:156 - End of LoadUrlFiles Thread
2026-02-07 07:30:18,595 [ERROR] ServerAccessManage:1146 - Warning during Server Connection :  Unknown host xsel.stmcufinder.com
2026-02-07 07:30:18,595 [ERROR] ServerAccessManage:651 - Unknown host server name. : crdb.zip.
2026-02-07 07:30:22,637 [INFO] LoadUrlFilesThread:156 - End of LoadUrlFiles Thread
2026-02-07 07:30:24,047 [INFO] DbMcusAds:53 - JSON generation date=Thu Jan 08 22:57:51 ICT 2026 (1767887871456)
2026-02-07 07:30:24,072 [ERROR] TargetSelectorAdapter:267 - Unable to refresh data
2026-02-07 07:30:24,701 [INFO] ApiDb:581 - Connected to CubeFinder SQLite database (C:\Users\Lenovo\.stmcufinder\plugins\mcufinder\mcu\cube-finder-db.db)
2026-02-07 07:30:24,769 [INFO] ApiDb:668 - CubeFinder database Data Model version=2.1
2026-02-07 07:30:24,769 [INFO] ApiDb:669 - CubeFinder database Configuration version=3.0.39
2026-02-07 07:30:24,769 [INFO] ApiDb:670 - CubeFinder database generation date=2025-12-22 (1766407740)
2026-02-07 07:30:24,770 [INFO] ApiDb:671 - CubeFinder database FW Pack versions=[FP-ATR-ASTRA1_V2.0.0, FP-SNS-FLIGHT1_V5.1.0, FP-SNS-MOTENV1_V5.1.0, FP-SNS-MOTENVWB1_V1.4.0, FP-SNS-SMARTAG2_V1.2.0, FP-SNS-STBOX1_V2.1.0, STM32Cube_FW_C0_V1.4.0, STM32Cube_FW_F4_V1.28.3, STM32Cube_FW_F7_V1.17.4, STM32Cube_FW_G0_V1.6.2, STM32Cube_FW_G4_V1.6.1, STM32Cube_FW_H5_V1.5.1, STM32Cube_FW_H7RS_V1.3.0, STM32Cube_FW_H7_V1.12.1, STM32Cube_FW_L0_V1.12.2, STM32Cube_FW_L4_V1.18.1, STM32Cube_FW_L5_V1.6.0, STM32Cube_FW_N6_V1.3.0, STM32Cube_FW_U0_V1.3.0, STM32Cube_FW_U3_V1.2.1, STM32Cube_FW_U5_V1.8.0, STM32Cube_FW_WB0_V1.4.0, STM32Cube_FW_WBA_V1.8.0, STM32Cube_FW_WB_V1.24.0, STM32Cube_FW_WL3_V1.3.0, STM32Cube_FW_WL_V1.4.0, X-CUBE-ALGOBUILD_V1.4.0, X-CUBE-ALS_V1.0.2, X-CUBE-AZRTOS-F4_V1.1.0, X-CUBE-AZRTOS-F7_V1.1.0, X-CUBE-AZRTOS-G0_V1.1.0, X-CUBE-AZRTOS-G4_V2.0.0, X-CUBE-AZRTOS-H7RS_V1.1.0, X-CUBE-AZRTOS-H7_V3.4.0, X-CUBE-AZRTOS-L4_V2.0.0, X-CUBE-AZRTOS-L5_V2.0.0, X-CUBE-AZRTOS-WB_V2.0.0, X-CUBE-AZRTOS-WL_V2.0.0, X-CUBE-BLE1_V7.1.0, X-CUBE-BLE2_V3.3.0, X-CUBE-BLEMGR_V4.1.0, X-CUBE-EEPRMA1_V5.2.0, X-CUBE-FREERTOS_V1.3.1, X-CUBE-GNSS1_V6.0.0, X-CUBE-MEMS1_V12.0.0, X-CUBE-NFC4_V3.0.0, X-CUBE-NFC7_V2.0.0, X-CUBE-SFXS2LP1_V4.0.0, X-CUBE-ST67W61_V1.1.0, X-CUBE-SUBG2_V5.0.0, X-CUBE-TOF1_V3.4.3]
2026-02-07 07:30:24,823 [INFO] DbBoardsSqlite:226 - include board P-NUCLEO-WB55-NUCLEO as a kit item of type 'Nucleo-64'
2026-02-07 07:30:24,823 [INFO] DbBoardsSqlite:226 - include board P-NUCLEO-WB55-USBDONGLE as a kit item of type 'Nucleo USB Dongle'
2026-02-07 07:30:24,824 [INFO] DbBoardsSqlite:226 - include board STEVAL-IDP005V1 as a kit item of type 'Evaluation Board'
2026-02-07 07:30:24,824 [INFO] DbBoardsSqlite:226 - include board STEVAL-IDP005V2 as a kit item of type 'Evaluation Board'
2026-02-07 07:30:24,886 [INFO] ApiDb:240 - Found 895 in-development CPN: [B-G473E-ZEST1S, B-WB1M-WPAN1, B-WBA5M-WPAN, B-WL5M-SUBG1, NUCLEO-C031C6, NUCLEO-C051C8, NUCLEO-C071RB, NUCLEO-C092RC, NUCLEO-H503RB, NUCLEO-H533RE, NUCLEO-H563ZI, NUCLEO-H7S3L8, NUCLEO-N657X0-Q, NUCLEO-U031R8, NUCLEO-U083RC, NUCLEO-U385RG-Q, NUCLEO-U545RE-Q, NUCLEO-U5A5ZJ-Q, NUCLEO-WB05KZ, NUCLEO-WB07CC, NUCLEO-WB09KE, NUCLEO-WBA52CG, NUCLEO-WBA55CG, NUCLEO-WBA65RI, NUCLEO-WL33CC1, NUCLEO-WL33CC2, STEVAL-PROTEUS1, STEVAL-SMARTAG2, STEVAL-STWINBX1, STM320518-EVAL, STM32C0116-DK, STM32C011D6Y3TR, STM32C011D6Y6TR, STM32C011F4P3, STM32C011F4P6, STM32C011F4U3, STM32C011F4U6TR, STM32C011F6P3, STM32C011F6P6, STM32C011F6U3, STM32C011F6U6TR, STM32C011J4M3, STM32C011J4M6, STM32C011J6M3, STM32C011J6M6, STM32C0316-DK, STM32C031C4T3, STM32C031C4T6, STM32C031C4U3, STM32C031C4U6, STM32C031C6T3, STM32C031C6T6, STM32C031C6U3, STM32C031C6U6, STM32C031F4P3, STM32C031F4P6, STM32C031F6P3, STM32C031F6P6, STM32C031G4U3, STM32C031G4U6, STM32C031G6U3, STM32C031G6U6, STM32C031K4T3, STM32C031K4T6, STM32C031K4U3, STM32C031K4U6, STM32C031K6T3, STM32C031K6T6, STM32C031K6U3, STM32C031K6U6, STM32C051C6T6, STM32C051C6U6, STM32C051C8T6, STM32C051C8U6, STM32C051D8Y6TR, STM32C051F6P6, STM32C051F8P6, STM32C051G6U6, STM32C051G8U6, STM32C051K6T6, STM32C051K6U6, STM32C051K8T6, STM32C071C8T6, STM32C071C8T6N, STM32C071C8U6, STM32C071C8U6N, STM32C071CBT6, STM32C071CBT6N, STM32C071CBU6, STM32C071CBU6N, STM32C071F8P6, STM32C071F8P6N, STM32C071FBP6, STM32C071FBP6N, STM32C071FBY6TR, STM32C071G8U6, STM32C071G8U6N, STM32C071GBU6, STM32C071GBU6N, STM32C071K8T6, STM32C071K8T6N, STM32C071K8U6, STM32C071K8U6N, STM32C071KBT6, STM32C071KBT6N, STM32C071KBU6, STM32C071KBU6N, STM32C071R8T6, STM32C071R8T6N, STM32C071RBI6N, STM32C071RBT6, STM32C071RBT6N, STM32C091CBT6, STM32C091CBU6, STM32C091CCT6, STM32C091CCU6, STM32C091ECY6TR, STM32C091FBP6, STM32C091FCP6, STM32C091GBU6, STM32C091GCU6, STM32C091KBT6, STM32C091KBU6, STM32C091KCT6, STM32C091KCU6, STM32C091RBT6, STM32C091RCI6, STM32C091RCT6, STM32C092CBT6, STM32C092CBU6, STM32C092CCT6, STM32C092CCU6, STM32C092ECY6TR, STM32C092FBP6, STM32C092FCP6, STM32C092GBU6, STM32C092GCU6, STM32C092KBT6, STM32C092KBU6, STM32C092KCT6, STM32C092KCU6, STM32C092RBT6, STM32C092RCI6, STM32C092RCT6, STM32G071K8TXN, STM32G071K8UXN, STM32G081GBU6N, STM32G081KBT6N, STM32G081KBUXN, STM32G0B1CCT6N, STM32G0B1KCT6, STM32G0B1NEY6TR, STM32G0B1RCT6N, STM32G0C1CCT6, STM32G0C1CCT6N, STM32G0C1CCU6N, STM32G0C1CET6N, STM32G0C1CEU6N, STM32G0C1KCT6, STM32G0C1NEY6TR, STM32G0C1RCI6N, STM32G0C1RCT6N, STM32G0C1REI6N, STM32G0C1RET6N, STM32G0C1VCI6, STM32G0C1VEI6, STM32G411C6T3, STM32G411C6T6, STM32G411C6U3, STM32G411C6U6, STM32G411C8T3, STM32G411C8T6, STM32G411C8U3, STM32G411C8U6, STM32G411CBT3, STM32G411CBT6, STM32G411CBU3, STM32G411CBU6, STM32G411CCT3, STM32G411CCT6, STM32G411CCU3, STM32G411CCU6, STM32G411K6T3, STM32G411K6T6, STM32G411K6U3, STM32G411K6U6, STM32G411K8T3, STM32G411K8T6, STM32G411K8U3, STM32G411K8U6, STM32G411KBT3, STM32G411KBT6, STM32G411KBU3, STM32G411KBU6, STM32G411M6T3, STM32G411M6T6, STM32G411M8T3, STM32G411M8T6, STM32G411MBT3, STM32G411MBT6, STM32G411MCT3, STM32G411MCT6, STM32G411R6T3, STM32G411R6T6, STM32G411R8T3, STM32G411R8T6, STM32G411RBT3, STM32G411RBT6, STM32G411RCT3, STM32G411RCT6, STM32G414CBT3, STM32G414CBT6, STM32G414CBU3, STM32G414CBU6, STM32G414CCT3, STM32G414CCT6, STM32G414CCU3, STM32G414CCU6, STM32G414MBT3, STM32G414MBT6, STM32G414MCT3, STM32G414MCT6, STM32G414RBT3, STM32G414RBT6, STM32G414RCT3, STM32G414RCT6, STM32G414VBT3, STM32G414VBT6, STM32G414VCT3, STM32G414VCT6, STM32G431CBT3Z, STM32G431RBT3Z, STM32G471CCT6, STM32G471CCU6, STM32G471CET3, STM32G471CET6, STM32G471CEU3, STM32G471CEU6, STM32G471MCT6, STM32G471MET3, STM32G471MET6, STM32G471MEY6TR, STM32G471QCT6, STM32G471QET3, STM32G471RCT6, STM32G471RET3, STM32G471RET6, STM32G471VCH6, STM32G471VCI6, STM32G471VCT6, STM32G471VEH3, STM32G471VEH6, STM32G471VEI3, STM32G471VEI6, STM32G471VET3, STM32G471VET6, STM32G473QET3Z, STM32G473RET3Z, STM32G474CCT6, STM32G491RET3Z, STM32H503CBT6, STM32H503CBU6, STM32H503EBY6TR, STM32H503KBU6, STM32H503RBT6, STM32H523CCT6, STM32H523CCU6, STM32H523CET6, STM32H523CEU6, STM32H523HEY6TR, STM32H523RCT6, STM32H523RET6, STM32H523VCI6, STM32H523VCT6, STM32H523VEI6, STM32H523VET6, STM32H523ZCJ6, STM32H523ZCT6, STM32H523ZEJ6, STM32H523ZET6, STM32H533CET6, STM32H533CEU6, STM32H533HEY6TR, STM32H533RET6, STM32H533VEI6, STM32H533VET6, STM32H533ZEJ6, STM32H533ZET6, STM32H562AGI6, STM32H562AII6, STM32H562IGK6, STM32H562IGT6, STM32H562IIK6, STM32H562IIT6, STM32H562RGT6, STM32H562RGV6, STM32H562RIT6, STM32H562RIV6, STM32H562VGT6, STM32H562VIT6, STM32H562ZGT6, STM32H562ZIT6, STM32H563AGI6, STM32H563AII3Q, STM32H563AII6, STM32H563IGK6, STM32H563IGT6, STM32H563IIK3Q, STM32H563IIK6, STM32H563IIT3Q, STM32H563IIT6, STM32H563MIY3QTR, STM32H563RGT6, STM32H563RGV6, STM32H563RIT6, STM32H563RIV6, STM32H563VGT6, STM32H563VIT3Q, STM32H563VIT6, STM32H563ZGT6, STM32H563ZIT3Q, STM32H563ZIT6, STM32H573AII3Q, STM32H573AII6, STM32H573I-DK, STM32H573IIK3Q, STM32H573IIK6, STM32H573IIT3Q, STM32H573IIT6, STM32H573MIY3QTR, STM32H573RIT6, STM32H573RIV6, STM32H573VIT3Q, STM32H573VIT6, STM32H573ZIT3Q, STM32H573ZIT6, STM32H7R3A8I6, STM32H7R3I8K6, STM32H7R3I8T6, STM32H7R3L8H6, STM32H7R3L8H6H, STM32H7R3R8V6, STM32H7R3V8H6, STM32H7R3V8T6, STM32H7R3V8Y6TR, STM32H7R3Z8J6, STM32H7R3Z8T6, STM32H7R7A8I6, STM32H7R7I8K6, STM32H7R7I8T6, STM32H7R7L8H6, STM32H7R7L8H6H, STM32H7R7Z8J6, STM32H7S3A8I6, STM32H7S3I8K6, STM32H7S3I8T6, STM32H7S3L8H6, STM32H7S3L8H6H, STM32H7S3R8V6, STM32H7S3V8H6, STM32H7S3V8T6, STM32H7S3V8Y6TR, STM32H7S3Z8J6, STM32H7S3Z8T6, STM32H7S78-DK, STM32H7S7A8I6, STM32H7S7I8K6, STM32H7S7I8T6, STM32H7S7L8H6, STM32H7S7L8H6H, STM32H7S7Z8J6, STM32L4R5QGI6STR, STM32MP131AAE3, STM32MP131AAF3, STM32MP131AAG3, STM32MP131CAE3, STM32MP131CAF3, STM32MP131CAG3, STM32MP131DAE7, STM32MP131DAF7, STM32MP131DAG7, STM32MP131FAE7, STM32MP131FAF7, STM32MP131FAG7, STM32MP133AAE3, STM32MP133AAF3, STM32MP133AAG3, STM32MP133CAE3, STM32MP133CAF3, STM32MP133CAG3, STM32MP133DAE7, STM32MP133DAF7, STM32MP133DAG7, STM32MP133FAE7, STM32MP133FAF7, STM32MP133FAG7, STM32MP135AAE3, STM32MP135AAF3, STM32MP135AAG3, STM32MP135CAE3, STM32MP135CAF3, STM32MP135CAG3, STM32MP135DAE7, STM32MP135DAF7, STM32MP135DAG7, STM32MP135F-DK, STM32MP135FAE7, STM32MP135FAF7, STM32MP135FAF7T, STM32MP135FAF7U, STM32MP135FAG7, STM32MP231AAJ3, STM32MP231AAK3, STM32MP231AAL3, STM32MP231CAJ3, STM32MP231CAK3, STM32MP231CAL3, STM32MP231DAJ3, STM32MP231DAK3, STM32MP231DAL3, STM32MP231FAJ3, STM32MP231FAK3, STM32MP231FAL3, STM32MP233AAJ3, STM32MP233AAK3, STM32MP233AAL3, STM32MP233CAJ3, STM32MP233CAK3, STM32MP233CAL3, STM32MP233DAJ3, STM32MP233DAK3, STM32MP233DAL3, STM32MP233FAJ3, STM32MP233FAK3, STM32MP233FAL3, STM32MP235AAJ3, STM32MP235AAK3, STM32MP235AAL3, STM32MP235CAJ3, STM32MP235CAK3, STM32MP235CAL3, STM32MP235DAJ3, STM32MP235DAK3, STM32MP235DAL3, STM32MP235FAJ3, STM32MP235FAK3, STM32MP235FAL3, STM32MP251AAI3, STM32MP251AAJ3, STM32MP251AAK3, STM32MP251AAL3, STM32MP251CAI3, STM32MP251CAJ3, STM32MP251CAK3, STM32MP251CAL3, STM32MP251DAI3, STM32MP251DAJ3, STM32MP251DAK3, STM32MP251DAL3, STM32MP251FAI3, STM32MP251FAJ3, STM32MP251FAK3, STM32MP251FAL3, STM32MP253AAI3, STM32MP253AAJ3, STM32MP253AAK3, STM32MP253AAL3, STM32MP253CAI3, STM32MP253CAJ3, STM32MP253CAK3, STM32MP253CAL3, STM32MP253DAI3, STM32MP253DAJ3, STM32MP253DAK3, STM32MP253DAL3, STM32MP253FAI3, STM32MP253FAJ3, STM32MP253FAK3, STM32MP253FAL3, STM32MP255AAI3, STM32MP255AAJ3, STM32MP255AAK3, STM32MP255AAL3, STM32MP255CAI3, STM32MP255CAJ3, STM32MP255CAK3, STM32MP255CAL3, STM32MP255DAI3, STM32MP255DAJ3, STM32MP255DAK3, STM32MP255DAL3, STM32MP255FAI3, STM32MP255FAJ3, STM32MP255FAK3, STM32MP255FAL3, STM32MP257AAI3, STM32MP257AAJ3, STM32MP257AAK3, STM32MP257AAL3, STM32MP257CAI3, STM32MP257CAJ3, STM32MP257CAK3, STM32MP257CAL3, STM32MP257DAI3, STM32MP257DAJ3, STM32MP257DAK3, STM32MP257DAL3, STM32MP257F-DK, STM32MP257F-EV1, STM32MP257FAI3, STM32MP257FAJ3, STM32MP257FAK3, STM32MP257FAL3, STM32N645A0H3Q, STM32N645B0H3Q, STM32N645I0H3Q, STM32N645L0H3Q, STM32N645X0H3Q, STM32N645Z0H3Q, STM32N647A0H3Q, STM32N647B0H3Q, STM32N647I0H3Q, STM32N647L0H3Q, STM32N647X0H3Q, STM32N647Z0H3Q, STM32N655A0H3Q, STM32N655B0H3Q, STM32N655I0H3Q, STM32N655L0H3Q, STM32N655X0H3Q, STM32N655Z0H3Q, STM32N6570-DK, STM32N657A0H3Q, STM32N657B0H3Q, STM32N657I0H3Q, STM32N657L0H3Q, STM32N657X0H3Q, STM32N657Z0H3Q, STM32U031C6T6, STM32U031C6U6, STM32U031C8T6, STM32U031C8U6, STM32U031F4P6, STM32U031F6P6, STM32U031F8P6, STM32U031G6Y6TR, STM32U031G8Y6TR, STM32U031K4U6, STM32U031K6U6, STM32U031K8U6, STM32U031R6I6, STM32U031R6T6, STM32U031R8I6, STM32U031R8T6, STM32U073C8T6, STM32U073C8U6, STM32U073CBT6, STM32U073CBU6, STM32U073CCT6, STM32U073CCU6, STM32U073H8Y6TR, STM32U073HBY6TR, STM32U073HCY6TR, STM32U073K8U6, STM32U073KBU6, STM32U073KCU6, STM32U073M8I6, STM32U073M8T6, STM32U073MBI6, STM32U073MBT6, STM32U073MCI6, STM32U073MCT6, STM32U073R8I6, STM32U073R8T6, STM32U073RBI6, STM32U073RBT6, STM32U073RCI6, STM32U073RCT6, STM32U083C-DK, STM32U083CCT6, STM32U083CCU6, STM32U083HCY6TR, STM32U083KCU6, STM32U083MCI6, STM32U083MCT6, STM32U083RCI6, STM32U083RCT6, STM32U375CET6, STM32U375CET6Q, STM32U375CEU6, STM32U375CEU6Q, STM32U375CEY6QTR, STM32U375CGT6, STM32U375CGT6Q, STM32U375CGU6, STM32U375CGU6Q, STM32U375CGY6QTR, STM32U375KEU6, STM32U375KGU6, STM32U375REI6, STM32U375REI6Q, STM32U375RET6, STM32U375RET6Q, STM32U375REY6GTR, STM32U375REY6QTR, STM32U375RGI6, STM32U375RGI6Q, STM32U375RGT6, STM32U375RGT6Q, STM32U375RGY6GTR, STM32U375RGY6QTR, STM32U375VEI6, STM32U375VEI6Q, STM32U375VET6, STM32U375VET6Q, STM32U375VGI6, STM32U375VGI6Q, STM32U375VGT6, STM32U375VGT6Q, STM32U385CGT6, STM32U385CGT6Q, STM32U385CGU6, STM32U385CGU6Q, STM32U385CGY6QTR, STM32U385KGU6, STM32U385RGI6, STM32U385RGI6Q, STM32U385RGT6, STM32U385RGT6Q, STM32U385RGY6GTR, STM32U385RGY6QTR, STM32U385VGI6, STM32U385VGI6Q, STM32U385VGT6, STM32U385VGT6Q, STM32U535CBT6, STM32U535CBT6Q, STM32U535CBU6, STM32U535CBU6Q, STM32U535CCT6, STM32U535CCT6Q, STM32U535CCU6, STM32U535CCU6Q, STM32U535CET6, STM32U535CET6Q, STM32U535CEU6, STM32U535CEU6Q, STM32U535JEY6QTR, STM32U535NCY6QTR, STM32U535NEY6QTR, STM32U535RBI6, STM32U535RBI6Q, STM32U535RBT6, STM32U535RBT6Q, STM32U535RCI6, STM32U535RCI6Q, STM32U535RCT6, STM32U535RCT6Q, STM32U535REI6, STM32U535REI6Q, STM32U535RET6, STM32U535RET6Q, STM32U535VCI6, STM32U535VCI6Q, STM32U535VCT6, STM32U535VCT6Q, STM32U535VEI6, STM32U535VEI6Q, STM32U535VET6, STM32U535VET6Q, STM32U545CET6, STM32U545CET6Q, STM32U545CEU6, STM32U545CEU6Q, STM32U545JEY6QTR, STM32U545NEY6QTR, STM32U545REI6, STM32U545REI6Q, STM32U545RET6, STM32U545RET6Q, STM32U545VEI6, STM32U545VEI6Q, STM32U545VET6, STM32U545VET6Q, STM32U595AIH6, STM32U595AIH6Q, STM32U595AJH6, STM32U595AJH6Q, STM32U595QII6, STM32U595QII6Q, STM32U595QJI6, STM32U595QJI6Q, STM32U595RIT6, STM32U595RIT6Q, STM32U595RJT6, STM32U595RJT6Q, STM32U595VIT6, STM32U595VIT6Q, STM32U595VJT6, STM32U595VJT6Q, STM32U595ZIT6, STM32U595ZIT6Q, STM32U595ZIY6QTR, STM32U595ZJT6, STM32U595ZJT6Q, STM32U595ZJY6QTR, STM32U599BJY6QTR, STM32U599NIH6Q, STM32U599NJH6Q, STM32U599VIT6Q, STM32U599VJT6, STM32U599VJT6Q, STM32U599ZIT6Q, STM32U599ZIY6QTR, STM32U599ZJT6Q, STM32U599ZJY6QTR, STM32U5A5AJH6, STM32U5A5AJH6Q, STM32U5A5QII3Q , STM32U5A5QJI6, STM32U5A5QJI6Q, STM32U5A5RJT6, STM32U5A5RJT6Q, STM32U5A5VJT6, STM32U5A5VJT6Q, STM32U5A5ZJT6, STM32U5A5ZJT6Q, STM32U5A5ZJY6QTR, STM32U5A9BJY6QTR, STM32U5A9J-DK, STM32U5A9NJH6Q, STM32U5A9VJT6Q, STM32U5A9ZJT6Q, STM32U5A9ZJY6QTR, STM32U5F7VIT6, STM32U5F7VIT6Q, STM32U5F7VJT6, STM32U5F7VJT6Q, STM32U5F9BJY6QTR, STM32U5F9NJH6Q, STM32U5F9VIT6Q, STM32U5F9VJT6Q, STM32U5F9ZIJ6QTR, STM32U5F9ZIT6Q, STM32U5F9ZJJ6QTR, STM32U5F9ZJT6Q, STM32U5G7VJT6, STM32U5G7VJT6Q, STM32U5G9BJY6QTR, STM32U5G9J-DK1, STM32U5G9J-DK2, STM32U5G9NJH6Q, STM32U5G9VJT6Q, STM32U5G9ZJJ6QTR, STM32U5G9ZJT6Q, STM32WB05KZV6TR, STM32WB05KZV7TR, STM32WB05TZF6TR, STM32WB05TZF7TR, STM32WB06CCF6TR, STM32WB06CCF7TR, STM32WB06CCV6TR, STM32WB06CCV7TR, STM32WB06KCV6TR, STM32WB06KCV7TR, STM32WB07CCF6TR, STM32WB07CCF7TR, STM32WB07CCV6TR, STM32WB07CCV7TR, STM32WB07KCV6TR, STM32WB07KCV7TR, STM32WB09KEV6TR, STM32WB09KEV7TR, STM32WB09TEF6TR, STM32WB09TEF7TR, STM32WB1MMCH6, STM32WBA50KGU6, STM32WBA50KGU6TR, STM32WBA52CEU6, STM32WBA52CEU6TR, STM32WBA52CEU7, STM32WBA52CEU7TR, STM32WBA52CGU6, STM32WBA52CGU6TR, STM32WBA52CGU6U, STM32WBA52CGU7, STM32WBA52CGU7TR, STM32WBA52KEU6, STM32WBA52KEU6TR, STM32WBA52KGU6, STM32WBA52KGU6TR, STM32WBA54CEU6, STM32WBA54CEU6TR, STM32WBA54CEU7, STM32WBA54CEU7TR, STM32WBA54CGU6, STM32WBA54CGU6TR, STM32WBA54CGU7, STM32WBA54CGU7TR, STM32WBA54KEU6, STM32WBA54KEU6TR, STM32WBA54KEU7, STM32WBA54KEU7TR, STM32WBA54KGU6, STM32WBA54KGU6TR, STM32WBA54KGU7, STM32WBA54KGU7TR, STM32WBA55CEU6, STM32WBA55CEU6TR, STM32WBA55CEU7, STM32WBA55CEU7TR, STM32WBA55CGU6, STM32WBA55CGU6TR, STM32WBA55CGU6U, STM32WBA55CGU7, STM32WBA55CGU7TR, STM32WBA55G-DK1, STM32WBA55HEF6, STM32WBA55HEF7, STM32WBA55HGF6, STM32WBA55HGF7, STM32WBA55UEI6, STM32WBA55UEI6TR, STM32WBA55UEI7, STM32WBA55UEI7TR, STM32WBA55UGI6, STM32WBA55UGI6TR, STM32WBA55UGI7, STM32WBA55UGI7TR, STM32WBA5MJGH6TR, STM32WBA62CGU6, STM32WBA62CIU6, STM32WBA62MGF6, STM32WBA62MIF6, STM32WBA62PGI6, STM32WBA62PII6, STM32WBA63CGU6, STM32WBA63CGU7, STM32WBA63CIU6, STM32WBA63CIU7, STM32WBA64CGU6, STM32WBA64CGU7, STM32WBA64CIU6, STM32WBA64CIU7, STM32WBA65CGU6, STM32WBA65CGU7, STM32WBA65CIU6, STM32WBA65CIU7, STM32WBA65I-DK1, STM32WBA65MGF6, STM32WBA65MGF7, STM32WBA65MIF6, STM32WBA65MIF7, STM32WBA65PGI6, STM32WBA65PGI7, STM32WBA65PII6, STM32WBA65PII7, STM32WBA65RGV6, STM32WBA65RGV7, STM32WBA65RIV6, STM32WBA65RIV7, STM32WL30K8V6, STM32WL30KBV6, STM32WL31C8V6, STM32WL31CBV6, STM32WL31K8V6, STM32WL31KBV6, STM32WL33C8V6, STM32WL33C8V6TR, STM32WL33C8V7, STM32WL33C8V7TR, STM32WL33CBV6, STM32WL33CBV6TR, STM32WL33CBV7, STM32WL33CBV7TR, STM32WL33CCV6, STM32WL33CCV6TR, STM32WL33CCV7, STM32WL33CCV7A, STM32WL33CCV7ATR, STM32WL33CCV7TR, STM32WL33K8V6, STM32WL33K8V6TR, STM32WL33K8V7, STM32WL33K8V7TR, STM32WL33KBV6, STM32WL33KBV6TR, STM32WL33KBV7, STM32WL33KBV7TR, STM32WL33KCV6, STM32WL33KCV6TR, STM32WL33KCV7, STM32WL33KCV7TR, STM32WL5MOCH6, STM32WL5MOCH6TR]
2026-02-07 07:30:24,891 [INFO] ApiDb:668 - CubeFinder database Data Model version=2.1
2026-02-07 07:30:24,891 [INFO] ApiDb:669 - CubeFinder database Configuration version=3.0.39
2026-02-07 07:30:24,891 [INFO] ApiDb:670 - CubeFinder database generation date=2025-12-22 (1766407740)
2026-02-07 07:30:24,891 [INFO] ApiDb:671 - CubeFinder database FW Pack versions=[FP-ATR-ASTRA1_V2.0.0, FP-SNS-FLIGHT1_V5.1.0, FP-SNS-MOTENV1_V5.1.0, FP-SNS-MOTENVWB1_V1.4.0, FP-SNS-SMARTAG2_V1.2.0, FP-SNS-STBOX1_V2.1.0, STM32Cube_FW_C0_V1.4.0, STM32Cube_FW_F4_V1.28.3, STM32Cube_FW_F7_V1.17.4, STM32Cube_FW_G0_V1.6.2, STM32Cube_FW_G4_V1.6.1, STM32Cube_FW_H5_V1.5.1, STM32Cube_FW_H7RS_V1.3.0, STM32Cube_FW_H7_V1.12.1, STM32Cube_FW_L0_V1.12.2, STM32Cube_FW_L4_V1.18.1, STM32Cube_FW_L5_V1.6.0, STM32Cube_FW_N6_V1.3.0, STM32Cube_FW_U0_V1.3.0, STM32Cube_FW_U3_V1.2.1, STM32Cube_FW_U5_V1.8.0, STM32Cube_FW_WB0_V1.4.0, STM32Cube_FW_WBA_V1.8.0, STM32Cube_FW_WB_V1.24.0, STM32Cube_FW_WL3_V1.3.0, STM32Cube_FW_WL_V1.4.0, X-CUBE-ALGOBUILD_V1.4.0, X-CUBE-ALS_V1.0.2, X-CUBE-AZRTOS-F4_V1.1.0, X-CUBE-AZRTOS-F7_V1.1.0, X-CUBE-AZRTOS-G0_V1.1.0, X-CUBE-AZRTOS-G4_V2.0.0, X-CUBE-AZRTOS-H7RS_V1.1.0, X-CUBE-AZRTOS-H7_V3.4.0, X-CUBE-AZRTOS-L4_V2.0.0, X-CUBE-AZRTOS-L5_V2.0.0, X-CUBE-AZRTOS-WB_V2.0.0, X-CUBE-AZRTOS-WL_V2.0.0, X-CUBE-BLE1_V7.1.0, X-CUBE-BLE2_V3.3.0, X-CUBE-BLEMGR_V4.1.0, X-CUBE-EEPRMA1_V5.2.0, X-CUBE-FREERTOS_V1.3.1, X-CUBE-GNSS1_V6.0.0, X-CUBE-MEMS1_V12.0.0, X-CUBE-NFC4_V3.0.0, X-CUBE-NFC7_V2.0.0, X-CUBE-SFXS2LP1_V4.0.0, X-CUBE-ST67W61_V1.1.0, X-CUBE-SUBG2_V5.0.0, X-CUBE-TOF1_V3.4.3]
2026-02-07 07:30:26,829 [INFO] ApiDb:240 - Found 895 in-development CPN: [B-G473E-ZEST1S, B-WB1M-WPAN1, B-WBA5M-WPAN, B-WL5M-SUBG1, NUCLEO-C031C6, NUCLEO-C051C8, NUCLEO-C071RB, NUCLEO-C092RC, NUCLEO-H503RB, NUCLEO-H533RE, NUCLEO-H563ZI, NUCLEO-H7S3L8, NUCLEO-N657X0-Q, NUCLEO-U031R8, NUCLEO-U083RC, NUCLEO-U385RG-Q, NUCLEO-U545RE-Q, NUCLEO-U5A5ZJ-Q, NUCLEO-WB05KZ, NUCLEO-WB07CC, NUCLEO-WB09KE, NUCLEO-WBA52CG, NUCLEO-WBA55CG, NUCLEO-WBA65RI, NUCLEO-WL33CC1, NUCLEO-WL33CC2, STEVAL-PROTEUS1, STEVAL-SMARTAG2, STEVAL-STWINBX1, STM320518-EVAL, STM32C0116-DK, STM32C011D6Y3TR, STM32C011D6Y6TR, STM32C011F4P3, STM32C011F4P6, STM32C011F4U3, STM32C011F4U6TR, STM32C011F6P3, STM32C011F6P6, STM32C011F6U3, STM32C011F6U6TR, STM32C011J4M3, STM32C011J4M6, STM32C011J6M3, STM32C011J6M6, STM32C0316-DK, STM32C031C4T3, STM32C031C4T6, STM32C031C4U3, STM32C031C4U6, STM32C031C6T3, STM32C031C6T6, STM32C031C6U3, STM32C031C6U6, STM32C031F4P3, STM32C031F4P6, STM32C031F6P3, STM32C031F6P6, STM32C031G4U3, STM32C031G4U6, STM32C031G6U3, STM32C031G6U6, STM32C031K4T3, STM32C031K4T6, STM32C031K4U3, STM32C031K4U6, STM32C031K6T3, STM32C031K6T6, STM32C031K6U3, STM32C031K6U6, STM32C051C6T6, STM32C051C6U6, STM32C051C8T6, STM32C051C8U6, STM32C051D8Y6TR, STM32C051F6P6, STM32C051F8P6, STM32C051G6U6, STM32C051G8U6, STM32C051K6T6, STM32C051K6U6, STM32C051K8T6, STM32C071C8T6, STM32C071C8T6N, STM32C071C8U6, STM32C071C8U6N, STM32C071CBT6, STM32C071CBT6N, STM32C071CBU6, STM32C071CBU6N, STM32C071F8P6, STM32C071F8P6N, STM32C071FBP6, STM32C071FBP6N, STM32C071FBY6TR, STM32C071G8U6, STM32C071G8U6N, STM32C071GBU6, STM32C071GBU6N, STM32C071K8T6, STM32C071K8T6N, STM32C071K8U6, STM32C071K8U6N, STM32C071KBT6, STM32C071KBT6N, STM32C071KBU6, STM32C071KBU6N, STM32C071R8T6, STM32C071R8T6N, STM32C071RBI6N, STM32C071RBT6, STM32C071RBT6N, STM32C091CBT6, STM32C091CBU6, STM32C091CCT6, STM32C091CCU6, STM32C091ECY6TR, STM32C091FBP6, STM32C091FCP6, STM32C091GBU6, STM32C091GCU6, STM32C091KBT6, STM32C091KBU6, STM32C091KCT6, STM32C091KCU6, STM32C091RBT6, STM32C091RCI6, STM32C091RCT6, STM32C092CBT6, STM32C092CBU6, STM32C092CCT6, STM32C092CCU6, STM32C092ECY6TR, STM32C092FBP6, STM32C092FCP6, STM32C092GBU6, STM32C092GCU6, STM32C092KBT6, STM32C092KBU6, STM32C092KCT6, STM32C092KCU6, STM32C092RBT6, STM32C092RCI6, STM32C092RCT6, STM32G071K8TXN, STM32G071K8UXN, STM32G081GBU6N, STM32G081KBT6N, STM32G081KBUXN, STM32G0B1CCT6N, STM32G0B1KCT6, STM32G0B1NEY6TR, STM32G0B1RCT6N, STM32G0C1CCT6, STM32G0C1CCT6N, STM32G0C1CCU6N, STM32G0C1CET6N, STM32G0C1CEU6N, STM32G0C1KCT6, STM32G0C1NEY6TR, STM32G0C1RCI6N, STM32G0C1RCT6N, STM32G0C1REI6N, STM32G0C1RET6N, STM32G0C1VCI6, STM32G0C1VEI6, STM32G411C6T3, STM32G411C6T6, STM32G411C6U3, STM32G411C6U6, STM32G411C8T3, STM32G411C8T6, STM32G411C8U3, STM32G411C8U6, STM32G411CBT3, STM32G411CBT6, STM32G411CBU3, STM32G411CBU6, STM32G411CCT3, STM32G411CCT6, STM32G411CCU3, STM32G411CCU6, STM32G411K6T3, STM32G411K6T6, STM32G411K6U3, STM32G411K6U6, STM32G411K8T3, STM32G411K8T6, STM32G411K8U3, STM32G411K8U6, STM32G411KBT3, STM32G411KBT6, STM32G411KBU3, STM32G411KBU6, STM32G411M6T3, STM32G411M6T6, STM32G411M8T3, STM32G411M8T6, STM32G411MBT3, STM32G411MBT6, STM32G411MCT3, STM32G411MCT6, STM32G411R6T3, STM32G411R6T6, STM32G411R8T3, STM32G411R8T6, STM32G411RBT3, STM32G411RBT6, STM32G411RCT3, STM32G411RCT6, STM32G414CBT3, STM32G414CBT6, STM32G414CBU3, STM32G414CBU6, STM32G414CCT3, STM32G414CCT6, STM32G414CCU3, STM32G414CCU6, STM32G414MBT3, STM32G414MBT6, STM32G414MCT3, STM32G414MCT6, STM32G414RBT3, STM32G414RBT6, STM32G414RCT3, STM32G414RCT6, STM32G414VBT3, STM32G414VBT6, STM32G414VCT3, STM32G414VCT6, STM32G431CBT3Z, STM32G431RBT3Z, STM32G471CCT6, STM32G471CCU6, STM32G471CET3, STM32G471CET6, STM32G471CEU3, STM32G471CEU6, STM32G471MCT6, STM32G471MET3, STM32G471MET6, STM32G471MEY6TR, STM32G471QCT6, STM32G471QET3, STM32G471RCT6, STM32G471RET3, STM32G471RET6, STM32G471VCH6, STM32G471VCI6, STM32G471VCT6, STM32G471VEH3, STM32G471VEH6, STM32G471VEI3, STM32G471VEI6, STM32G471VET3, STM32G471VET6, STM32G473QET3Z, STM32G473RET3Z, STM32G474CCT6, STM32G491RET3Z, STM32H503CBT6, STM32H503CBU6, STM32H503EBY6TR, STM32H503KBU6, STM32H503RBT6, STM32H523CCT6, STM32H523CCU6, STM32H523CET6, STM32H523CEU6, STM32H523HEY6TR, STM32H523RCT6, STM32H523RET6, STM32H523VCI6, STM32H523VCT6, STM32H523VEI6, STM32H523VET6, STM32H523ZCJ6, STM32H523ZCT6, STM32H523ZEJ6, STM32H523ZET6, STM32H533CET6, STM32H533CEU6, STM32H533HEY6TR, STM32H533RET6, STM32H533VEI6, STM32H533VET6, STM32H533ZEJ6, STM32H533ZET6, STM32H562AGI6, STM32H562AII6, STM32H562IGK6, STM32H562IGT6, STM32H562IIK6, STM32H562IIT6, STM32H562RGT6, STM32H562RGV6, STM32H562RIT6, STM32H562RIV6, STM32H562VGT6, STM32H562VIT6, STM32H562ZGT6, STM32H562ZIT6, STM32H563AGI6, STM32H563AII3Q, STM32H563AII6, STM32H563IGK6, STM32H563IGT6, STM32H563IIK3Q, STM32H563IIK6, STM32H563IIT3Q, STM32H563IIT6, STM32H563MIY3QTR, STM32H563RGT6, STM32H563RGV6, STM32H563RIT6, STM32H563RIV6, STM32H563VGT6, STM32H563VIT3Q, STM32H563VIT6, STM32H563ZGT6, STM32H563ZIT3Q, STM32H563ZIT6, STM32H573AII3Q, STM32H573AII6, STM32H573I-DK, STM32H573IIK3Q, STM32H573IIK6, STM32H573IIT3Q, STM32H573IIT6, STM32H573MIY3QTR, STM32H573RIT6, STM32H573RIV6, STM32H573VIT3Q, STM32H573VIT6, STM32H573ZIT3Q, STM32H573ZIT6, STM32H7R3A8I6, STM32H7R3I8K6, STM32H7R3I8T6, STM32H7R3L8H6, STM32H7R3L8H6H, STM32H7R3R8V6, STM32H7R3V8H6, STM32H7R3V8T6, STM32H7R3V8Y6TR, STM32H7R3Z8J6, STM32H7R3Z8T6, STM32H7R7A8I6, STM32H7R7I8K6, STM32H7R7I8T6, STM32H7R7L8H6, STM32H7R7L8H6H, STM32H7R7Z8J6, STM32H7S3A8I6, STM32H7S3I8K6, STM32H7S3I8T6, STM32H7S3L8H6, STM32H7S3L8H6H, STM32H7S3R8V6, STM32H7S3V8H6, STM32H7S3V8T6, STM32H7S3V8Y6TR, STM32H7S3Z8J6, STM32H7S3Z8T6, STM32H7S78-DK, STM32H7S7A8I6, STM32H7S7I8K6, STM32H7S7I8T6, STM32H7S7L8H6, STM32H7S7L8H6H, STM32H7S7Z8J6, STM32L4R5QGI6STR, STM32MP131AAE3, STM32MP131AAF3, STM32MP131AAG3, STM32MP131CAE3, STM32MP131CAF3, STM32MP131CAG3, STM32MP131DAE7, STM32MP131DAF7, STM32MP131DAG7, STM32MP131FAE7, STM32MP131FAF7, STM32MP131FAG7, STM32MP133AAE3, STM32MP133AAF3, STM32MP133AAG3, STM32MP133CAE3, STM32MP133CAF3, STM32MP133CAG3, STM32MP133DAE7, STM32MP133DAF7, STM32MP133DAG7, STM32MP133FAE7, STM32MP133FAF7, STM32MP133FAG7, STM32MP135AAE3, STM32MP135AAF3, STM32MP135AAG3, STM32MP135CAE3, STM32MP135CAF3, STM32MP135CAG3, STM32MP135DAE7, STM32MP135DAF7, STM32MP135DAG7, STM32MP135F-DK, STM32MP135FAE7, STM32MP135FAF7, STM32MP135FAF7T, STM32MP135FAF7U, STM32MP135FAG7, STM32MP231AAJ3, STM32MP231AAK3, STM32MP231AAL3, STM32MP231CAJ3, STM32MP231CAK3, STM32MP231CAL3, STM32MP231DAJ3, STM32MP231DAK3, STM32MP231DAL3, STM32MP231FAJ3, STM32MP231FAK3, STM32MP231FAL3, STM32MP233AAJ3, STM32MP233AAK3, STM32MP233AAL3, STM32MP233CAJ3, STM32MP233CAK3, STM32MP233CAL3, STM32MP233DAJ3, STM32MP233DAK3, STM32MP233DAL3, STM32MP233FAJ3, STM32MP233FAK3, STM32MP233FAL3, STM32MP235AAJ3, STM32MP235AAK3, STM32MP235AAL3, STM32MP235CAJ3, STM32MP235CAK3, STM32MP235CAL3, STM32MP235DAJ3, STM32MP235DAK3, STM32MP235DAL3, STM32MP235FAJ3, STM32MP235FAK3, STM32MP235FAL3, STM32MP251AAI3, STM32MP251AAJ3, STM32MP251AAK3, STM32MP251AAL3, STM32MP251CAI3, STM32MP251CAJ3, STM32MP251CAK3, STM32MP251CAL3, STM32MP251DAI3, STM32MP251DAJ3, STM32MP251DAK3, STM32MP251DAL3, STM32MP251FAI3, STM32MP251FAJ3, STM32MP251FAK3, STM32MP251FAL3, STM32MP253AAI3, STM32MP253AAJ3, STM32MP253AAK3, STM32MP253AAL3, STM32MP253CAI3, STM32MP253CAJ3, STM32MP253CAK3, STM32MP253CAL3, STM32MP253DAI3, STM32MP253DAJ3, STM32MP253DAK3, STM32MP253DAL3, STM32MP253FAI3, STM32MP253FAJ3, STM32MP253FAK3, STM32MP253FAL3, STM32MP255AAI3, STM32MP255AAJ3, STM32MP255AAK3, STM32MP255AAL3, STM32MP255CAI3, STM32MP255CAJ3, STM32MP255CAK3, STM32MP255CAL3, STM32MP255DAI3, STM32MP255DAJ3, STM32MP255DAK3, STM32MP255DAL3, STM32MP255FAI3, STM32MP255FAJ3, STM32MP255FAK3, STM32MP255FAL3, STM32MP257AAI3, STM32MP257AAJ3, STM32MP257AAK3, STM32MP257AAL3, STM32MP257CAI3, STM32MP257CAJ3, STM32MP257CAK3, STM32MP257CAL3, STM32MP257DAI3, STM32MP257DAJ3, STM32MP257DAK3, STM32MP257DAL3, STM32MP257F-DK, STM32MP257F-EV1, STM32MP257FAI3, STM32MP257FAJ3, STM32MP257FAK3, STM32MP257FAL3, STM32N645A0H3Q, STM32N645B0H3Q, STM32N645I0H3Q, STM32N645L0H3Q, STM32N645X0H3Q, STM32N645Z0H3Q, STM32N647A0H3Q, STM32N647B0H3Q, STM32N647I0H3Q, STM32N647L0H3Q, STM32N647X0H3Q, STM32N647Z0H3Q, STM32N655A0H3Q, STM32N655B0H3Q, STM32N655I0H3Q, STM32N655L0H3Q, STM32N655X0H3Q, STM32N655Z0H3Q, STM32N6570-DK, STM32N657A0H3Q, STM32N657B0H3Q, STM32N657I0H3Q, STM32N657L0H3Q, STM32N657X0H3Q, STM32N657Z0H3Q, STM32U031C6T6, STM32U031C6U6, STM32U031C8T6, STM32U031C8U6, STM32U031F4P6, STM32U031F6P6, STM32U031F8P6, STM32U031G6Y6TR, STM32U031G8Y6TR, STM32U031K4U6, STM32U031K6U6, STM32U031K8U6, STM32U031R6I6, STM32U031R6T6, STM32U031R8I6, STM32U031R8T6, STM32U073C8T6, STM32U073C8U6, STM32U073CBT6, STM32U073CBU6, STM32U073CCT6, STM32U073CCU6, STM32U073H8Y6TR, STM32U073HBY6TR, STM32U073HCY6TR, STM32U073K8U6, STM32U073KBU6, STM32U073KCU6, STM32U073M8I6, STM32U073M8T6, STM32U073MBI6, STM32U073MBT6, STM32U073MCI6, STM32U073MCT6, STM32U073R8I6, STM32U073R8T6, STM32U073RBI6, STM32U073RBT6, STM32U073RCI6, STM32U073RCT6, STM32U083C-DK, STM32U083CCT6, STM32U083CCU6, STM32U083HCY6TR, STM32U083KCU6, STM32U083MCI6, STM32U083MCT6, STM32U083RCI6, STM32U083RCT6, STM32U375CET6, STM32U375CET6Q, STM32U375CEU6, STM32U375CEU6Q, STM32U375CEY6QTR, STM32U375CGT6, STM32U375CGT6Q, STM32U375CGU6, STM32U375CGU6Q, STM32U375CGY6QTR, STM32U375KEU6, STM32U375KGU6, STM32U375REI6, STM32U375REI6Q, STM32U375RET6, STM32U375RET6Q, STM32U375REY6GTR, STM32U375REY6QTR, STM32U375RGI6, STM32U375RGI6Q, STM32U375RGT6, STM32U375RGT6Q, STM32U375RGY6GTR, STM32U375RGY6QTR, STM32U375VEI6, STM32U375VEI6Q, STM32U375VET6, STM32U375VET6Q, STM32U375VGI6, STM32U375VGI6Q, STM32U375VGT6, STM32U375VGT6Q, STM32U385CGT6, STM32U385CGT6Q, STM32U385CGU6, STM32U385CGU6Q, STM32U385CGY6QTR, STM32U385KGU6, STM32U385RGI6, STM32U385RGI6Q, STM32U385RGT6, STM32U385RGT6Q, STM32U385RGY6GTR, STM32U385RGY6QTR, STM32U385VGI6, STM32U385VGI6Q, STM32U385VGT6, STM32U385VGT6Q, STM32U535CBT6, STM32U535CBT6Q, STM32U535CBU6, STM32U535CBU6Q, STM32U535CCT6, STM32U535CCT6Q, STM32U535CCU6, STM32U535CCU6Q, STM32U535CET6, STM32U535CET6Q, STM32U535CEU6, STM32U535CEU6Q, STM32U535JEY6QTR, STM32U535NCY6QTR, STM32U535NEY6QTR, STM32U535RBI6, STM32U535RBI6Q, STM32U535RBT6, STM32U535RBT6Q, STM32U535RCI6, STM32U535RCI6Q, STM32U535RCT6, STM32U535RCT6Q, STM32U535REI6, STM32U535REI6Q, STM32U535RET6, STM32U535RET6Q, STM32U535VCI6, STM32U535VCI6Q, STM32U535VCT6, STM32U535VCT6Q, STM32U535VEI6, STM32U535VEI6Q, STM32U535VET6, STM32U535VET6Q, STM32U545CET6, STM32U545CET6Q, STM32U545CEU6, STM32U545CEU6Q, STM32U545JEY6QTR, STM32U545NEY6QTR, STM32U545REI6, STM32U545REI6Q, STM32U545RET6, STM32U545RET6Q, STM32U545VEI6, STM32U545VEI6Q, STM32U545VET6, STM32U545VET6Q, STM32U595AIH6, STM32U595AIH6Q, STM32U595AJH6, STM32U595AJH6Q, STM32U595QII6, STM32U595QII6Q, STM32U595QJI6, STM32U595QJI6Q, STM32U595RIT6, STM32U595RIT6Q, STM32U595RJT6, STM32U595RJT6Q, STM32U595VIT6, STM32U595VIT6Q, STM32U595VJT6, STM32U595VJT6Q, STM32U595ZIT6, STM32U595ZIT6Q, STM32U595ZIY6QTR, STM32U595ZJT6, STM32U595ZJT6Q, STM32U595ZJY6QTR, STM32U599BJY6QTR, STM32U599NIH6Q, STM32U599NJH6Q, STM32U599VIT6Q, STM32U599VJT6, STM32U599VJT6Q, STM32U599ZIT6Q, STM32U599ZIY6QTR, STM32U599ZJT6Q, STM32U599ZJY6QTR, STM32U5A5AJH6, STM32U5A5AJH6Q, STM32U5A5QII3Q , STM32U5A5QJI6, STM32U5A5QJI6Q, STM32U5A5RJT6, STM32U5A5RJT6Q, STM32U5A5VJT6, STM32U5A5VJT6Q, STM32U5A5ZJT6, STM32U5A5ZJT6Q, STM32U5A5ZJY6QTR, STM32U5A9BJY6QTR, STM32U5A9J-DK, STM32U5A9NJH6Q, STM32U5A9VJT6Q, STM32U5A9ZJT6Q, STM32U5A9ZJY6QTR, STM32U5F7VIT6, STM32U5F7VIT6Q, STM32U5F7VJT6, STM32U5F7VJT6Q, STM32U5F9BJY6QTR, STM32U5F9NJH6Q, STM32U5F9VIT6Q, STM32U5F9VJT6Q, STM32U5F9ZIJ6QTR, STM32U5F9ZIT6Q, STM32U5F9ZJJ6QTR, STM32U5F9ZJT6Q, STM32U5G7VJT6, STM32U5G7VJT6Q, STM32U5G9BJY6QTR, STM32U5G9J-DK1, STM32U5G9J-DK2, STM32U5G9NJH6Q, STM32U5G9VJT6Q, STM32U5G9ZJJ6QTR, STM32U5G9ZJT6Q, STM32WB05KZV6TR, STM32WB05KZV7TR, STM32WB05TZF6TR, STM32WB05TZF7TR, STM32WB06CCF6TR, STM32WB06CCF7TR, STM32WB06CCV6TR, STM32WB06CCV7TR, STM32WB06KCV6TR, STM32WB06KCV7TR, STM32WB07CCF6TR, STM32WB07CCF7TR, STM32WB07CCV6TR, STM32WB07CCV7TR, STM32WB07KCV6TR, STM32WB07KCV7TR, STM32WB09KEV6TR, STM32WB09KEV7TR, STM32WB09TEF6TR, STM32WB09TEF7TR, STM32WB1MMCH6, STM32WBA50KGU6, STM32WBA50KGU6TR, STM32WBA52CEU6, STM32WBA52CEU6TR, STM32WBA52CEU7, STM32WBA52CEU7TR, STM32WBA52CGU6, STM32WBA52CGU6TR, STM32WBA52CGU6U, STM32WBA52CGU7, STM32WBA52CGU7TR, STM32WBA52KEU6, STM32WBA52KEU6TR, STM32WBA52KGU6, STM32WBA52KGU6TR, STM32WBA54CEU6, STM32WBA54CEU6TR, STM32WBA54CEU7, STM32WBA54CEU7TR, STM32WBA54CGU6, STM32WBA54CGU6TR, STM32WBA54CGU7, STM32WBA54CGU7TR, STM32WBA54KEU6, STM32WBA54KEU6TR, STM32WBA54KEU7, STM32WBA54KEU7TR, STM32WBA54KGU6, STM32WBA54KGU6TR, STM32WBA54KGU7, STM32WBA54KGU7TR, STM32WBA55CEU6, STM32WBA55CEU6TR, STM32WBA55CEU7, STM32WBA55CEU7TR, STM32WBA55CGU6, STM32WBA55CGU6TR, STM32WBA55CGU6U, STM32WBA55CGU7, STM32WBA55CGU7TR, STM32WBA55G-DK1, STM32WBA55HEF6, STM32WBA55HEF7, STM32WBA55HGF6, STM32WBA55HGF7, STM32WBA55UEI6, STM32WBA55UEI6TR, STM32WBA55UEI7, STM32WBA55UEI7TR, STM32WBA55UGI6, STM32WBA55UGI6TR, STM32WBA55UGI7, STM32WBA55UGI7TR, STM32WBA5MJGH6TR, STM32WBA62CGU6, STM32WBA62CIU6, STM32WBA62MGF6, STM32WBA62MIF6, STM32WBA62PGI6, STM32WBA62PII6, STM32WBA63CGU6, STM32WBA63CGU7, STM32WBA63CIU6, STM32WBA63CIU7, STM32WBA64CGU6, STM32WBA64CGU7, STM32WBA64CIU6, STM32WBA64CIU7, STM32WBA65CGU6, STM32WBA65CGU7, STM32WBA65CIU6, STM32WBA65CIU7, STM32WBA65I-DK1, STM32WBA65MGF6, STM32WBA65MGF7, STM32WBA65MIF6, STM32WBA65MIF7, STM32WBA65PGI6, STM32WBA65PGI7, STM32WBA65PII6, STM32WBA65PII7, STM32WBA65RGV6, STM32WBA65RGV7, STM32WBA65RIV6, STM32WBA65RIV7, STM32WL30K8V6, STM32WL30KBV6, STM32WL31C8V6, STM32WL31CBV6, STM32WL31K8V6, STM32WL31KBV6, STM32WL33C8V6, STM32WL33C8V6TR, STM32WL33C8V7, STM32WL33C8V7TR, STM32WL33CBV6, STM32WL33CBV6TR, STM32WL33CBV7, STM32WL33CBV7TR, STM32WL33CCV6, STM32WL33CCV6TR, STM32WL33CCV7, STM32WL33CCV7A, STM32WL33CCV7ATR, STM32WL33CCV7TR, STM32WL33K8V6, STM32WL33K8V6TR, STM32WL33K8V7, STM32WL33K8V7TR, STM32WL33KBV6, STM32WL33KBV6TR, STM32WL33KBV7, STM32WL33KBV7TR, STM32WL33KCV6, STM32WL33KCV6TR, STM32WL33KCV7, STM32WL33KCV7TR, STM32WL5MOCH6, STM32WL5MOCH6TR]
2026-02-07 07:30:26,833 [INFO] DbMcus:218 - Found 4822 MCUs, 4822 are supported
2026-02-07 07:30:26,841 [INFO] ApiDb:423 - Load user favorites file C:\Users\Lenovo/.stm32cubeide/favorites.mcus.txt: 0 item(s)
2026-02-07 07:30:26,841 [INFO] ApiDb:427 - User favorites MCUs=[]
2026-02-07 07:30:26,841 [INFO] DbMcus:224 - Set 0 / 0 favorites MCUs
2026-02-07 07:30:27,532 [INFO] BoardInfo:889 - No configuration file found for board P-NUCLEO-WB55
2026-02-07 07:30:27,534 [INFO] DbBoards:161 - Kit is not supported: P-NUCLEO-WB55
2026-02-07 07:30:27,544 [INFO] BoardInfo:889 - No configuration file found for board STEVAL-BFA001V1B
2026-02-07 07:30:27,546 [INFO] DbBoards:161 - Kit is not supported: STEVAL-BFA001V1B
2026-02-07 07:30:27,547 [INFO] BoardInfo:889 - No configuration file found for board STEVAL-BFA001V2B
2026-02-07 07:30:27,549 [INFO] DbBoards:161 - Kit is not supported: STEVAL-BFA001V2B
2026-02-07 07:30:27,835 [INFO] DbBoards:168 - Found 211 boards, 208 are supported
2026-02-07 07:30:27,835 [INFO] DbBoards:169 - Found 211 boards, 43 of them is supported for  Bsp
2026-02-07 07:30:27,839 [INFO] ApiDb:414 - User favorites file not found: C:\Users\Lenovo/.stm32cubeide/favorites.boards.txt
2026-02-07 07:30:27,839 [INFO] DbBoards:198 - Set 0 / 0 favorites Boards
2026-02-07 07:30:27,839 [INFO] McuFinderGlobals:76 - Set McuFinderConnectedMode to true
2026-02-07 07:30:27,846 [INFO] MultiScanPanel:200 - Auto-refresh data requested => check proxy status ongoing
2026-02-07 07:30:27,849 [INFO] FinderPluginLoader:95 - Searching for filters in installed packs
2026-02-07 07:30:29,424 [INFO] ServerAccessManage:473 - Download File 
2026-02-07 07:30:29,502 [INFO] LoadUrlFilesThread:185 - End of LoadServerUrlFiles without Thread
2026-02-07 07:30:29,581 [INFO] DetailPanel:341 - Set advertising image to C:/Users/Lenovo/STM32Cube/Repository/\en.prom-stm32mp21-0126.png
2026-02-07 07:49:47,153 [INFO] McuResultTable:1403 - Mark MCU STM32F103C8T6 as favorite
2026-02-07 07:49:59,961 [INFO] McuFinderGlobals:76 - Set McuFinderConnectedMode to true
2026-02-07 07:49:59,965 [INFO] ApiDb:448 - Save user favorites file C:\Users\Lenovo/.stm32cubeide/favorites.mcus.txt: 1 item(s)
2026-02-07 07:49:59,966 [INFO] ApiDb:452 - User favorites MCUs=[STM32F103C8T6]
2026-02-07 08:17:00,439 [ERROR] ConfigurationRetriever:142 - IOException on connection: sw-center.st.com
2026-02-07 08:17:00,440 [ERROR] ConfigurationRetriever:142 - IOException on connection: sw-center.st.com
2026-02-07 08:17:00,440 [ERROR] ConfigurationRetriever:142 - IOException on connection: sw-center.st.com
2026-02-07 08:17:00,501 [ERROR] ConfigurationRetriever:142 - IOException on connection: sw-center.st.com
2026-02-07 08:17:00,502 [ERROR] ConfigurationRetriever:142 - IOException on connection: sw-center.st.com
2026-02-07 08:17:00,502 [ERROR] ConfigurationRetriever:142 - IOException on connection: sw-center.st.com
2026-02-07 08:26:38,095 [ERROR] AdobePublisher:162 - Exception while opening the connection: java.net.UnknownHostException: stmicroelectronics.d3.sc.omtrdc.net
2026-02-07 08:26:38,096 [ERROR] AdobePublisher:162 - Exception while opening the connection: java.net.UnknownHostException: stmicroelectronics.d3.sc.omtrdc.net
2026-02-07 08:26:38,096 [ERROR] AdobePublisher:162 - Exception while opening the connection: java.net.UnknownHostException: stmicroelectronics.d3.sc.omtrdc.net
2026-02-07 08:26:38,096 [ERROR] AdobePublisher:162 - Exception while opening the connection: java.net.UnknownHostException: stmicroelectronics.d3.sc.omtrdc.net
2026-02-07 08:26:38,097 [ERROR] AdobePublisher:162 - Exception while opening the connection: java.net.UnknownHostException: stmicroelectronics.d3.sc.omtrdc.net
2026-02-07 08:26:38,842 [ERROR] AdobePublisher:162 - Exception while opening the connection: java.net.UnknownHostException: stmicroelectronics.d3.sc.omtrdc.net
2026-02-07 08:26:38,842 [ERROR] AdobePublisher:162 - Exception while opening the connection: java.net.UnknownHostException: stmicroelectronics.d3.sc.omtrdc.net
2026-02-07 08:26:38,842 [ERROR] AdobePublisher:162 - Exception while opening the connection: java.net.UnknownHostException: stmicroelectronics.d3.sc.omtrdc.net
2026-02-07 08:26:38,843 [ERROR] AdobePublisher:162 - Exception while opening the connection: java.net.UnknownHostException: stmicroelectronics.d3.sc.omtrdc.net
2026-02-07 08:26:38,843 [ERROR] AdobePublisher:162 - Exception while opening the connection: java.net.UnknownHostException: stmicroelectronics.d3.sc.omtrdc.net
2026-02-07 08:31:09,761 [ERROR] AdobePublisher:162 - Exception while opening the connection: java.net.UnknownHostException: stmicroelectronics.d3.sc.omtrdc.net
2026-02-07 08:31:09,762 [ERROR] AdobePublisher:162 - Exception while opening the connection: java.net.UnknownHostException: stmicroelectronics.d3.sc.omtrdc.net
2026-02-07 08:31:09,762 [ERROR] AdobePublisher:162 - Exception while opening the connection: java.net.UnknownHostException: stmicroelectronics.d3.sc.omtrdc.net
2026-02-07 08:31:09,763 [ERROR] AdobePublisher:162 - Exception while opening the connection: java.net.UnknownHostException: stmicroelectronics.d3.sc.omtrdc.net
2026-02-07 08:31:09,763 [ERROR] AdobePublisher:162 - Exception while opening the connection: java.net.UnknownHostException: stmicroelectronics.d3.sc.omtrdc.net
2026-02-07 08:31:10,803 [ERROR] AdobePublisher:162 - Exception while opening the connection: java.net.UnknownHostException: stmicroelectronics.d3.sc.omtrdc.net
2026-02-07 08:31:10,803 [ERROR] AdobePublisher:162 - Exception while opening the connection: java.net.UnknownHostException: stmicroelectronics.d3.sc.omtrdc.net
2026-02-07 08:31:10,803 [ERROR] AdobePublisher:162 - Exception while opening the connection: java.net.UnknownHostException: stmicroelectronics.d3.sc.omtrdc.net
2026-02-07 08:31:10,804 [ERROR] AdobePublisher:162 - Exception while opening the connection: java.net.UnknownHostException: stmicroelectronics.d3.sc.omtrdc.net
2026-02-07 08:31:10,804 [ERROR] AdobePublisher:162 - Exception while opening the connection: java.net.UnknownHostException: stmicroelectronics.d3.sc.omtrdc.net
2026-02-07 08:35:21,109 [ERROR] AdobePublisher:162 - Exception while opening the connection: java.net.UnknownHostException: stmicroelectronics.d3.sc.omtrdc.net
2026-02-07 08:35:21,110 [ERROR] AdobePublisher:162 - Exception while opening the connection: java.net.UnknownHostException: stmicroelectronics.d3.sc.omtrdc.net
2026-02-07 08:35:21,110 [ERROR] AdobePublisher:162 - Exception while opening the connection: java.net.UnknownHostException: stmicroelectronics.d3.sc.omtrdc.net
2026-02-07 08:35:21,110 [ERROR] AdobePublisher:162 - Exception while opening the connection: java.net.UnknownHostException: stmicroelectronics.d3.sc.omtrdc.net
2026-02-07 08:35:21,111 [ERROR] AdobePublisher:162 - Exception while opening the connection: java.net.UnknownHostException: stmicroelectronics.d3.sc.omtrdc.net
2026-02-07 08:35:21,310 [ERROR] AdobePublisher:162 - Exception while opening the connection: java.net.UnknownHostException: stmicroelectronics.d3.sc.omtrdc.net
2026-02-07 08:35:21,311 [ERROR] AdobePublisher:162 - Exception while opening the connection: java.net.UnknownHostException: stmicroelectronics.d3.sc.omtrdc.net
2026-02-07 08:35:21,311 [ERROR] AdobePublisher:162 - Exception while opening the connection: java.net.UnknownHostException: stmicroelectronics.d3.sc.omtrdc.net
2026-02-07 08:35:21,311 [ERROR] AdobePublisher:162 - Exception while opening the connection: java.net.UnknownHostException: stmicroelectronics.d3.sc.omtrdc.net
2026-02-07 08:35:21,311 [ERROR] AdobePublisher:162 - Exception while opening the connection: java.net.UnknownHostException: stmicroelectronics.d3.sc.omtrdc.net
2026-02-07 08:45:13,152 [ERROR] AdobePublisher:162 - Exception while opening the connection: java.net.UnknownHostException: stmicroelectronics.d3.sc.omtrdc.net
2026-02-07 08:45:13,153 [ERROR] AdobePublisher:162 - Exception while opening the connection: java.net.UnknownHostException: stmicroelectronics.d3.sc.omtrdc.net
2026-02-07 08:45:13,153 [ERROR] AdobePublisher:162 - Exception while opening the connection: java.net.UnknownHostException: stmicroelectronics.d3.sc.omtrdc.net
2026-02-07 08:45:13,153 [ERROR] AdobePublisher:162 - Exception while opening the connection: java.net.UnknownHostException: stmicroelectronics.d3.sc.omtrdc.net
2026-02-07 08:45:13,154 [ERROR] AdobePublisher:162 - Exception while opening the connection: java.net.UnknownHostException: stmicroelectronics.d3.sc.omtrdc.net
2026-02-07 08:45:13,688 [ERROR] AdobePublisher:162 - Exception while opening the connection: java.net.UnknownHostException: stmicroelectronics.d3.sc.omtrdc.net
2026-02-07 08:45:13,689 [ERROR] AdobePublisher:162 - Exception while opening the connection: java.net.UnknownHostException: stmicroelectronics.d3.sc.omtrdc.net
2026-02-07 08:45:13,689 [ERROR] AdobePublisher:162 - Exception while opening the connection: java.net.UnknownHostException: stmicroelectronics.d3.sc.omtrdc.net
2026-02-07 08:45:13,689 [ERROR] AdobePublisher:162 - Exception while opening the connection: java.net.UnknownHostException: stmicroelectronics.d3.sc.omtrdc.net
2026-02-07 08:45:13,689 [ERROR] AdobePublisher:162 - Exception while opening the connection: java.net.UnknownHostException: stmicroelectronics.d3.sc.omtrdc.net
2026-02-07 08:48:09,075 [ERROR] ConfigurationRetriever:142 - IOException on connection: sw-center.st.com
2026-02-07 08:48:09,076 [ERROR] ConfigurationRetriever:142 - IOException on connection: sw-center.st.com
2026-02-07 08:48:09,076 [ERROR] ConfigurationRetriever:142 - IOException on connection: sw-center.st.com
2026-02-07 08:48:09,130 [ERROR] ConfigurationRetriever:142 - IOException on connection: sw-center.st.com
2026-02-07 08:48:09,130 [ERROR] ConfigurationRetriever:142 - IOException on connection: sw-center.st.com
2026-02-07 08:48:09,131 [ERROR] ConfigurationRetriever:142 - IOException on connection: sw-center.st.com
2026-02-07 09:51:11,084 [ERROR] ConfigurationRetriever:142 - IOException on connection: sw-center.st.com
2026-02-07 09:51:11,085 [ERROR] ConfigurationRetriever:142 - IOException on connection: sw-center.st.com
2026-02-07 09:51:11,085 [ERROR] ConfigurationRetriever:142 - IOException on connection: sw-center.st.com
2026-02-07 09:51:11,136 [ERROR] ConfigurationRetriever:142 - IOException on connection: sw-center.st.com
2026-02-07 09:51:11,136 [ERROR] ConfigurationRetriever:142 - IOException on connection: sw-center.st.com
2026-02-07 09:51:11,137 [ERROR] ConfigurationRetriever:142 - IOException on connection: sw-center.st.com
2026-02-07 09:52:33,035 [ERROR] ConfigurationRetriever:142 - IOException on connection: sw-center.st.com
2026-02-07 09:52:33,036 [ERROR] ConfigurationRetriever:142 - IOException on connection: sw-center.st.com
2026-02-07 09:52:33,036 [ERROR] ConfigurationRetriever:142 - IOException on connection: sw-center.st.com
2026-02-07 09:52:33,088 [ERROR] ConfigurationRetriever:142 - IOException on connection: sw-center.st.com
2026-02-07 09:52:33,089 [ERROR] ConfigurationRetriever:142 - IOException on connection: sw-center.st.com
2026-02-07 09:52:33,089 [ERROR] ConfigurationRetriever:142 - IOException on connection: sw-center.st.com
2026-02-07 10:00:38,327 [ERROR] ConfigurationRetriever:142 - IOException on connection: sw-center.st.com
2026-02-07 10:00:38,327 [ERROR] ConfigurationRetriever:142 - IOException on connection: sw-center.st.com
2026-02-07 10:00:38,327 [ERROR] ConfigurationRetriever:142 - IOException on connection: sw-center.st.com
2026-02-07 10:00:38,396 [ERROR] ConfigurationRetriever:142 - IOException on connection: sw-center.st.com
2026-02-07 10:00:38,396 [ERROR] ConfigurationRetriever:142 - IOException on connection: sw-center.st.com
2026-02-07 10:00:38,396 [ERROR] ConfigurationRetriever:142 - IOException on connection: sw-center.st.com
2026-02-07 10:07:19,637 [ERROR] AdobePublisher:162 - Exception while opening the connection: java.net.UnknownHostException: stmicroelectronics.d3.sc.omtrdc.net
2026-02-07 10:07:19,637 [ERROR] AdobePublisher:162 - Exception while opening the connection: java.net.UnknownHostException: stmicroelectronics.d3.sc.omtrdc.net
2026-02-07 10:07:19,638 [ERROR] AdobePublisher:162 - Exception while opening the connection: java.net.UnknownHostException: stmicroelectronics.d3.sc.omtrdc.net
2026-02-07 10:07:19,638 [ERROR] AdobePublisher:162 - Exception while opening the connection: java.net.UnknownHostException: stmicroelectronics.d3.sc.omtrdc.net
2026-02-07 10:07:19,638 [ERROR] AdobePublisher:162 - Exception while opening the connection: java.net.UnknownHostException: stmicroelectronics.d3.sc.omtrdc.net
2026-02-07 10:07:19,639 [ERROR] AdobePublisher:162 - Exception while opening the connection: java.net.UnknownHostException: stmicroelectronics.d3.sc.omtrdc.net
2026-02-07 10:07:19,640 [ERROR] AdobePublisher:162 - Exception while opening the connection: java.net.UnknownHostException: stmicroelectronics.d3.sc.omtrdc.net
2026-02-07 10:07:19,640 [ERROR] AdobePublisher:162 - Exception while opening the connection: java.net.UnknownHostException: stmicroelectronics.d3.sc.omtrdc.net
2026-02-07 10:07:19,640 [ERROR] AdobePublisher:162 - Exception while opening the connection: java.net.UnknownHostException: stmicroelectronics.d3.sc.omtrdc.net
2026-02-07 10:07:19,640 [ERROR] AdobePublisher:162 - Exception while opening the connection: java.net.UnknownHostException: stmicroelectronics.d3.sc.omtrdc.net
2026-02-07 10:07:21,232 [ERROR] AdobePublisher:162 - Exception while opening the connection: java.net.UnknownHostException: stmicroelectronics.d3.sc.omtrdc.net
2026-02-07 10:07:21,232 [ERROR] AdobePublisher:162 - Exception while opening the connection: java.net.UnknownHostException: stmicroelectronics.d3.sc.omtrdc.net
2026-02-07 10:07:21,232 [ERROR] AdobePublisher:162 - Exception while opening the connection: java.net.UnknownHostException: stmicroelectronics.d3.sc.omtrdc.net
2026-02-07 10:07:21,232 [ERROR] AdobePublisher:162 - Exception while opening the connection: java.net.UnknownHostException: stmicroelectronics.d3.sc.omtrdc.net
2026-02-07 10:07:21,232 [ERROR] AdobePublisher:162 - Exception while opening the connection: java.net.UnknownHostException: stmicroelectronics.d3.sc.omtrdc.net
2026-02-07 10:59:59,149 [ERROR] LogOutputStream:75 - [STDERR_REDIRECT] 
2026-02-07 11:12:01,324 [INFO] Activator:176 - 


2026-02-07 11:12:01,326 [INFO] Activator:177 - !SESSION log4j initialized
2026-02-07 11:12:07,414 [INFO] LogOutputStream:77 - [STDOUT_REDIRECT] 
2026-02-07 11:12:07,891 [ERROR] ConfigurationRetriever:142 - IOException on connection: sw-center.st.com
2026-02-07 11:12:07,892 [ERROR] ConfigurationRetriever:142 - IOException on connection: sw-center.st.com
2026-02-07 11:12:07,894 [ERROR] ConfigurationRetriever:142 - IOException on connection: sw-center.st.com
2026-02-07 11:12:08,788 [INFO] ApplicationProperties:184 - Using Application install path: C:\ST\STM32CubeIDE_1.18.1\STM32CubeIDE\plugins\com.st.stm32cube.common.mx_6.14.1.202504091515
2026-02-07 11:12:08,808 [INFO] DbMcusXml:78 - Set database path to: C:\ST\STM32CubeIDE_1.18.1\STM32CubeIDE\plugins\com.st.stm32cube.common.mx_6.14.1.202504091515\\db\/mcu/
2026-02-07 11:12:08,808 [INFO] ApiDb:274 - Set plugin database path to: C:\ST\STM32CubeIDE_1.18.1\STM32CubeIDE\plugins\com.st.stm32cube.common.mx_6.14.1.202504091515\\db\/plugins/boardmanager/
2026-02-07 11:12:08,808 [WARN] ApiDb:259 - Overriding images path with different value:  => C:\ST\STM32CubeIDE_1.18.1\STM32CubeIDE\plugins\com.st.stm32cube.common.mx_6.14.1.202504091515\\db\/plugins/mcufinder/images/
2026-02-07 11:12:08,817 [INFO] ApiDb:250 - Set database path to: C:\Users\Lenovo\.stmcufinder\plugins\mcufinder//mcu/
2026-02-07 11:12:08,818 [INFO] DbMcusAds:125 - Set database path to: C:\Users\Lenovo\.stmcufinder\plugins\mcufinder//mcu/
2026-02-07 11:12:08,821 [INFO] CrossReferenceDbSqlite:203 - Set database path to: C:\Users\Lenovo\.stmcufinder\plugins\mcufinder//mcu/cs/
2026-02-07 11:12:08,932 [INFO] RulesReader:64 - Compatibility file has been processed (302 Rules)
2026-02-07 11:12:09,031 [INFO] DbMcusXml:78 - Set database path to: C:\ST\STM32CubeIDE_1.18.1\STM32CubeIDE\plugins\com.st.stm32cube.common.mx_6.14.1.202504091515\\db\/mcu/
2026-02-07 11:12:09,031 [INFO] ApiDb:274 - Set plugin database path to: C:\ST\STM32CubeIDE_1.18.1\STM32CubeIDE\plugins\com.st.stm32cube.common.mx_6.14.1.202504091515\\db\/plugins/boardmanager/
2026-02-07 11:12:09,032 [INFO] ApiDb:261 - Set plugin images path to: C:\ST\STM32CubeIDE_1.18.1\STM32CubeIDE\plugins\com.st.stm32cube.common.mx_6.14.1.202504091515\\db\/plugins/mcufinder/images/
2026-02-07 11:12:09,032 [WARN] DbFile:41 - Overriding database path with different value: C:\Users\Lenovo\.stmcufinder\plugins\mcufinder/ => C:\Users\Lenovo\.stmcufinder\plugins\mcufinder
2026-02-07 11:12:09,032 [INFO] ApiDb:250 - Set database path to: C:\Users\Lenovo\.stmcufinder\plugins\mcufinder//mcu/
2026-02-07 11:12:09,032 [WARN] DbFile:41 - Overriding database path with different value: C:\Users\Lenovo\.stmcufinder\plugins\mcufinder/ => C:\Users\Lenovo\.stmcufinder\plugins\mcufinder
2026-02-07 11:12:09,032 [INFO] DbMcusAds:125 - Set database path to: C:\Users\Lenovo\.stmcufinder\plugins\mcufinder//mcu/
2026-02-07 11:12:09,032 [WARN] DbFile:41 - Overriding database path with different value: C:\Users\Lenovo\.stmcufinder\plugins\mcufinder/ => C:\Users\Lenovo\.stmcufinder\plugins\mcufinder
2026-02-07 11:12:09,032 [WARN] DbFile:41 - Overriding database path with different value: C:\Users\Lenovo\.stmcufinder\plugins\mcufinder/ => C:\Users\Lenovo\.stmcufinder\plugins\mcufinder
2026-02-07 11:12:09,032 [INFO] CrossReferenceDbSqlite:203 - Set database path to: C:\Users\Lenovo\.stmcufinder\plugins\mcufinder//mcu/cs/
2026-02-07 11:12:09,117 [INFO] MainPanel:272 - HeapMemory: 268435456
2026-02-07 11:12:09,244 [INFO] DbMcusXml:78 - Set database path to: C:\ST\STM32CubeIDE_1.18.1\STM32CubeIDE\plugins\com.st.stm32cube.common.mx_6.14.1.202504091515\\db\/mcu/
2026-02-07 11:12:09,245 [INFO] ApiDb:274 - Set plugin database path to: C:\ST\STM32CubeIDE_1.18.1\STM32CubeIDE\plugins\com.st.stm32cube.common.mx_6.14.1.202504091515\\db\/plugins/boardmanager/
2026-02-07 11:12:09,245 [INFO] ApiDb:261 - Set plugin images path to: C:\ST\STM32CubeIDE_1.18.1\STM32CubeIDE\plugins\com.st.stm32cube.common.mx_6.14.1.202504091515\\db\/plugins/mcufinder/images/
2026-02-07 11:12:09,245 [WARN] DbFile:41 - Overriding database path with different value: C:\Users\Lenovo\.stmcufinder\plugins\mcufinder/ => C:\Users\Lenovo\.stmcufinder\plugins\mcufinder
2026-02-07 11:12:09,245 [INFO] ApiDb:250 - Set database path to: C:\Users\Lenovo\.stmcufinder\plugins\mcufinder//mcu/
2026-02-07 11:12:09,245 [WARN] DbFile:41 - Overriding database path with different value: C:\Users\Lenovo\.stmcufinder\plugins\mcufinder/ => C:\Users\Lenovo\.stmcufinder\plugins\mcufinder
2026-02-07 11:12:09,245 [INFO] DbMcusAds:125 - Set database path to: C:\Users\Lenovo\.stmcufinder\plugins\mcufinder//mcu/
2026-02-07 11:12:09,245 [WARN] DbFile:41 - Overriding database path with different value: C:\Users\Lenovo\.stmcufinder\plugins\mcufinder/ => C:\Users\Lenovo\.stmcufinder\plugins\mcufinder
2026-02-07 11:12:09,245 [WARN] DbFile:41 - Overriding database path with different value: C:\Users\Lenovo\.stmcufinder\plugins\mcufinder/ => C:\Users\Lenovo\.stmcufinder\plugins\mcufinder
2026-02-07 11:12:09,245 [INFO] CrossReferenceDbSqlite:203 - Set database path to: C:\Users\Lenovo\.stmcufinder\plugins\mcufinder//mcu/cs/
2026-02-07 11:12:09,266 [INFO] ApplicationProperties:184 - Using Application install path: C:\ST\STM32CubeIDE_1.18.1\STM32CubeIDE\plugins\com.st.stm32cube.common.mx_6.14.1.202504091515
2026-02-07 11:12:09,268 [INFO] PluginManage:196 - Search for loadable plugins [exclusion list=, ]
2026-02-07 11:12:09,269 [INFO] PluginManage:310 - Check plugin analytics
2026-02-07 11:12:09,442 [INFO] AnalyticsPlugin:253 - Accepted Software Licenses: 
2026-02-07 11:12:09,442 [INFO] AnalyticsPlugin:255 - Accepted CMSIS Pack Licenses: 
2026-02-07 11:12:09,442 [INFO] AnalyticsPlugin:257 - Accepted Firmware Licenses: 
2026-02-07 11:12:09,445 [INFO] PluginManage:359 - Loaded plugin analytics (category:tool,tabindex:-1)
2026-02-07 11:12:09,445 [INFO] PluginManage:310 - Check plugin cadmodel
2026-02-07 11:12:09,445 [ERROR] ConfigurationRetriever:142 - IOException on connection: sw-center.st.com
2026-02-07 11:12:09,446 [ERROR] ConfigurationRetriever:142 - IOException on connection: sw-center.st.com
2026-02-07 11:12:09,446 [ERROR] ConfigurationRetriever:142 - IOException on connection: sw-center.st.com
2026-02-07 11:12:09,451 [INFO] CADModel:105 - Init CAD model plugin
2026-02-07 11:12:09,451 [INFO] PluginManage:359 - Loaded plugin cadmodel (category:power,tabindex:5)
2026-02-07 11:12:09,452 [INFO] PluginManage:310 - Check plugin clock
2026-02-07 11:12:09,462 [INFO] PluginManage:359 - Loaded plugin clock (category:base,tabindex:2)
2026-02-07 11:12:09,463 [INFO] PluginManage:310 - Check plugin ddr
2026-02-07 11:12:09,465 [INFO] PluginManage:359 - Loaded plugin ddr (category:tool,tabindex:6)
2026-02-07 11:12:09,466 [INFO] PluginManage:310 - Check plugin filemanager
2026-02-07 11:12:09,615 [INFO] PluginManage:359 - Loaded plugin filemanager (category:base,tabindex:10)
2026-02-07 11:12:09,616 [INFO] PluginManage:310 - Check plugin ipmanager
2026-02-07 11:12:09,625 [INFO] PluginManage:359 - Loaded plugin ipmanager (category:base,tabindex:5)
2026-02-07 11:12:09,625 [INFO] PluginManage:310 - Check plugin lpbam
2026-02-07 11:12:09,634 [INFO] PluginManage:359 - Loaded plugin lpbam (category:base,tabindex:0)
2026-02-07 11:12:09,634 [INFO] PluginManage:310 - Check plugin memorymap
2026-02-07 11:12:09,650 [INFO] PluginManage:359 - Loaded plugin memorymap (category:base,tabindex:4)
2026-02-07 11:12:09,651 [INFO] PluginManage:310 - Check plugin pinoutandconfiguration
2026-02-07 11:12:09,661 [INFO] PluginManage:359 - Loaded plugin pinoutandconfiguration (category:base,tabindex:1)
2026-02-07 11:12:09,662 [INFO] PluginManage:310 - Check plugin pinoutconfig
2026-02-07 11:12:09,770 [WARN] SupportedApi:132 - Cannot load RTOS API schema: s4s-elt-must-match.1: The content of 'definitions' must match (annotation?, (simpleType | complexType)?, (unique | key | keyref)*)). A problem was found starting at: attribute.
2026-02-07 11:12:09,942 [INFO] PluginManage:359 - Loaded plugin pinoutconfig (category:base,tabindex:0)
2026-02-07 11:12:09,943 [INFO] PluginManage:310 - Check plugin power
2026-02-07 11:12:09,956 [INFO] PluginManage:359 - Loaded plugin power (category:power,tabindex:4)
2026-02-07 11:12:09,957 [INFO] PluginManage:310 - Check plugin projectmanager
2026-02-07 11:12:09,974 [INFO] PluginManage:359 - Loaded plugin projectmanager (category:projectmanager,tabindex:4)
2026-02-07 11:12:09,975 [INFO] PluginManage:310 - Check plugin rif
2026-02-07 11:12:09,984 [INFO] PluginManage:359 - Loaded plugin rif (category:base,tabindex:3)
2026-02-07 11:12:09,984 [INFO] PluginManage:310 - Check plugin thirdparty
2026-02-07 11:12:10,166 [INFO] PluginManage:359 - Loaded plugin thirdparty (category:base,tabindex:-1)
2026-02-07 11:12:10,166 [WARN] IntegrityCheckThread:84 - waiting for thirdparty lock release [integrity check]
2026-02-07 11:12:10,166 [INFO] PluginManage:310 - Check plugin tools
2026-02-07 11:12:10,166 [INFO] IntegrityCheckThread:86 - entering critical section [integrity check]
2026-02-07 11:12:10,167 [INFO] ThirdPartyUpdaterWithRetryManager:70 - Updater plugin not ready yet. [1/15]
2026-02-07 11:12:10,169 [INFO] PluginManage:359 - Loaded plugin tools (category:base,tabindex:7)
2026-02-07 11:12:10,169 [INFO] PluginManage:310 - Check plugin tutovideos
2026-02-07 11:12:10,358 [INFO] PluginManage:359 - Loaded plugin tutovideos (category:base,tabindex:-1)
2026-02-07 11:12:10,358 [INFO] PluginManage:310 - Check plugin updater
2026-02-07 11:12:10,383 [INFO] PluginManage:359 - Loaded plugin updater (category:base,tabindex:12)
2026-02-07 11:12:10,383 [INFO] PluginManage:310 - Check plugin userauth
2026-02-07 11:12:10,388 [INFO] UserAuth:118 - Init User Auth plugin
2026-02-07 11:12:10,389 [INFO] PluginManage:359 - Loaded plugin userauth (category:base,tabindex:14)
2026-02-07 11:12:10,390 [INFO] PluginManage:283 - PluginManage : Loaded plugins [18]
2026-02-07 11:12:10,653 [INFO] PinOutPanel:1589 - setPackage(No Configuration,No Configuration)
2026-02-07 11:12:10,754 [INFO] CADModel:165 - CPN selected for project level
2026-02-07 11:12:10,754 [INFO] CADModel:114 - Register for checkConnection events
2026-02-07 11:12:10,777 [INFO] IPUIPlugin:80 - create IPUIPlugin
2026-02-07 11:12:10,777 [INFO] PluginManager:220 - loadIPPluginJar : add adc
2026-02-07 11:12:10,781 [INFO] IPUIPlugin:80 - create IPUIPlugin
2026-02-07 11:12:10,781 [INFO] PluginManager:220 - loadIPPluginJar : add aes
2026-02-07 11:12:10,786 [INFO] IPUIPlugin:80 - create IPUIPlugin
2026-02-07 11:12:10,786 [INFO] PluginManager:220 - loadIPPluginJar : add can
2026-02-07 11:12:10,789 [INFO] IPUIPlugin:80 - create IPUIPlugin
2026-02-07 11:12:10,789 [INFO] PluginManager:220 - loadIPPluginJar : add comp
2026-02-07 11:12:10,792 [INFO] IPUIPlugin:80 - create IPUIPlugin
2026-02-07 11:12:10,793 [INFO] PluginManager:220 - loadIPPluginJar : add cryp
2026-02-07 11:12:10,797 [INFO] IPUIPlugin:80 - create IPUIPlugin
2026-02-07 11:12:10,797 [INFO] PluginManager:220 - loadIPPluginJar : add ddr_ctrl_phy
2026-02-07 11:12:10,801 [INFO] IPUIPlugin:80 - create IPUIPlugin
2026-02-07 11:12:10,801 [INFO] PluginManager:220 - loadIPPluginJar : add dfsdm
2026-02-07 11:12:10,808 [INFO] IPUIPlugin:80 - create IPUIPlugin
2026-02-07 11:12:10,809 [INFO] PluginManager:220 - loadIPPluginJar : add dma
2026-02-07 11:12:10,813 [INFO] IPUIPlugin:80 - create IPUIPlugin
2026-02-07 11:12:10,814 [INFO] PluginManager:220 - loadIPPluginJar : add dma3
2026-02-07 11:12:10,818 [INFO] IPUIPlugin:80 - create IPUIPlugin
2026-02-07 11:12:10,818 [INFO] PluginManager:220 - loadIPPluginJar : add extmemmanager
2026-02-07 11:12:10,821 [INFO] IPUIPlugin:80 - create IPUIPlugin
2026-02-07 11:12:10,821 [INFO] PluginManager:220 - loadIPPluginJar : add fatfs
2026-02-07 11:12:10,827 [INFO] IPUIPlugin:80 - create IPUIPlugin
2026-02-07 11:12:10,827 [INFO] PluginManager:220 - loadIPPluginJar : add fmc
2026-02-07 11:12:10,835 [INFO] IPUIPlugin:80 - create IPUIPlugin
2026-02-07 11:12:10,835 [INFO] PluginManager:220 - loadIPPluginJar : add freertos
2026-02-07 11:12:10,837 [INFO] IPUIPlugin:80 - create IPUIPlugin
2026-02-07 11:12:10,838 [INFO] PluginManager:220 - loadIPPluginJar : add genericplugin
2026-02-07 11:12:10,841 [INFO] IPUIPlugin:80 - create IPUIPlugin
2026-02-07 11:12:10,841 [INFO] PluginManager:220 - loadIPPluginJar : add gfxmmu
2026-02-07 11:12:10,847 [INFO] IPUIPlugin:80 - create IPUIPlugin
2026-02-07 11:12:10,847 [INFO] PluginManager:220 - loadIPPluginJar : add gic
2026-02-07 11:12:10,853 [INFO] IPUIPlugin:80 - create IPUIPlugin
2026-02-07 11:12:10,854 [INFO] PluginManager:220 - loadIPPluginJar : add gpio
2026-02-07 11:12:10,857 [INFO] IPUIPlugin:80 - create IPUIPlugin
2026-02-07 11:12:10,857 [INFO] PluginManager:220 - loadIPPluginJar : add gtzc
2026-02-07 11:12:10,862 [INFO] IPUIPlugin:80 - create IPUIPlugin
2026-02-07 11:12:10,863 [INFO] PluginManager:220 - loadIPPluginJar : add hash
2026-02-07 11:12:10,867 [INFO] IPUIPlugin:80 - create IPUIPlugin
2026-02-07 11:12:10,867 [INFO] PluginManager:220 - loadIPPluginJar : add i2c
2026-02-07 11:12:10,870 [INFO] IPUIPlugin:80 - create IPUIPlugin
2026-02-07 11:12:10,871 [INFO] PluginManager:220 - loadIPPluginJar : add i2s
2026-02-07 11:12:10,875 [INFO] IPUIPlugin:80 - create IPUIPlugin
2026-02-07 11:12:10,875 [INFO] PluginManager:220 - loadIPPluginJar : add i3c
2026-02-07 11:12:10,879 [INFO] IPUIPlugin:80 - create IPUIPlugin
2026-02-07 11:12:10,880 [INFO] PluginManager:220 - loadIPPluginJar : add ipddr
2026-02-07 11:12:10,888 [INFO] IPUIPlugin:80 - create IPUIPlugin
2026-02-07 11:12:10,888 [INFO] PluginManager:220 - loadIPPluginJar : add linkedlist
2026-02-07 11:12:10,892 [INFO] IPUIPlugin:80 - create IPUIPlugin
2026-02-07 11:12:10,892 [INFO] PluginManager:220 - loadIPPluginJar : add lorawan
2026-02-07 11:12:10,894 [INFO] IPUIPlugin:80 - create IPUIPlugin
2026-02-07 11:12:10,895 [INFO] PluginManager:220 - loadIPPluginJar : add ltdc
2026-02-07 11:12:10,901 [INFO] IPUIPlugin:80 - create IPUIPlugin
2026-02-07 11:12:10,902 [INFO] PluginManager:220 - loadIPPluginJar : add mdma
2026-02-07 11:12:10,906 [INFO] IPUIPlugin:80 - create IPUIPlugin
2026-02-07 11:12:10,906 [INFO] PluginManager:220 - loadIPPluginJar : add nvic
2026-02-07 11:12:10,911 [INFO] IPUIPlugin:80 - create IPUIPlugin
2026-02-07 11:12:10,911 [INFO] PluginManager:220 - loadIPPluginJar : add opamp
2026-02-07 11:12:10,916 [INFO] IPUIPlugin:80 - create IPUIPlugin
2026-02-07 11:12:10,917 [INFO] PluginManager:220 - loadIPPluginJar : add openamp
2026-02-07 11:12:10,920 [INFO] IPUIPlugin:80 - create IPUIPlugin
2026-02-07 11:12:10,920 [INFO] PluginManager:220 - loadIPPluginJar : add pdm2pcm
2026-02-07 11:12:10,926 [INFO] IPUIPlugin:80 - create IPUIPlugin
2026-02-07 11:12:10,929 [INFO] PluginManager:220 - loadIPPluginJar : add plateformsettings
2026-02-07 11:12:10,931 [INFO] IPUIPlugin:80 - create IPUIPlugin
2026-02-07 11:12:10,931 [INFO] PluginManager:220 - loadIPPluginJar : add quadspi
2026-02-07 11:12:10,933 [INFO] IPUIPlugin:80 - create IPUIPlugin
2026-02-07 11:12:10,934 [INFO] PluginManager:220 - loadIPPluginJar : add radio
2026-02-07 11:12:10,938 [INFO] IPUIPlugin:80 - create IPUIPlugin
2026-02-07 11:12:10,938 [INFO] PluginManager:220 - loadIPPluginJar : add resmgrutility
2026-02-07 11:12:10,941 [INFO] IPUIPlugin:80 - create IPUIPlugin
2026-02-07 11:12:10,942 [INFO] PluginManager:220 - loadIPPluginJar : add sai
2026-02-07 11:12:10,945 [INFO] IPUIPlugin:80 - create IPUIPlugin
2026-02-07 11:12:10,945 [INFO] PluginManager:220 - loadIPPluginJar : add spi
2026-02-07 11:12:10,951 [INFO] IPUIPlugin:80 - create IPUIPlugin
2026-02-07 11:12:10,951 [INFO] PluginManager:220 - loadIPPluginJar : add stm32_wpan
2026-02-07 11:12:10,953 [INFO] IPUIPlugin:80 - create IPUIPlugin
2026-02-07 11:12:10,954 [INFO] PluginManager:220 - loadIPPluginJar : add tim
2026-02-07 11:12:10,957 [INFO] IPUIPlugin:80 - create IPUIPlugin
2026-02-07 11:12:10,957 [INFO] PluginManager:220 - loadIPPluginJar : add touchsensing
2026-02-07 11:12:10,960 [INFO] IPUIPlugin:80 - create IPUIPlugin
2026-02-07 11:12:10,960 [INFO] PluginManager:220 - loadIPPluginJar : add tracer_emb
2026-02-07 11:12:10,962 [INFO] IPUIPlugin:80 - create IPUIPlugin
2026-02-07 11:12:10,963 [INFO] PluginManager:220 - loadIPPluginJar : add ts
2026-02-07 11:12:10,965 [INFO] IPUIPlugin:80 - create IPUIPlugin
2026-02-07 11:12:10,965 [INFO] PluginManager:220 - loadIPPluginJar : add tsc
2026-02-07 11:12:10,967 [INFO] IPUIPlugin:80 - create IPUIPlugin
2026-02-07 11:12:10,967 [INFO] PluginManager:220 - loadIPPluginJar : add ucpd
2026-02-07 11:12:10,971 [INFO] IPUIPlugin:80 - create IPUIPlugin
2026-02-07 11:12:10,971 [INFO] PluginManager:220 - loadIPPluginJar : add usart
2026-02-07 11:12:10,975 [INFO] IPUIPlugin:80 - create IPUIPlugin
2026-02-07 11:12:10,975 [INFO] PluginManager:220 - loadIPPluginJar : add usbx
2026-02-07 11:12:11,111 [FATAL] Updater:351 - Updater called before beeing initialized
2026-02-07 11:12:11,144 [INFO] RulesReader:64 - Compatibility file has been processed (302 Rules)
2026-02-07 11:12:11,159 [INFO] RulesReader:64 - Compatibility file has been processed (302 Rules)
2026-02-07 11:12:11,175 [INFO] CADModel:165 - CPN selected for project level
2026-02-07 11:12:11,175 [INFO] CADModel:114 - Register for checkConnection events
2026-02-07 11:12:11,175 [FATAL] Updater:351 - Updater called before beeing initialized
2026-02-07 11:12:11,175 [ERROR] CADModel:125 - Updater not yet initialized, retry later 
2026-02-07 11:12:11,352 [FATAL] Updater:351 - Updater called before beeing initialized
2026-02-07 11:12:11,354 [INFO] CADModel:165 - CPN selected for project level
2026-02-07 11:12:11,354 [INFO] CADModel:114 - Register for checkConnection events
2026-02-07 11:12:11,354 [FATAL] Updater:351 - Updater called before beeing initialized
2026-02-07 11:12:11,354 [ERROR] CADModel:125 - Updater not yet initialized, retry later 
2026-02-07 11:12:11,358 [FATAL] Updater:351 - Updater called before beeing initialized
2026-02-07 11:12:11,509 [FATAL] Updater:351 - Updater called before beeing initialized
2026-02-07 11:12:11,514 [INFO] DbMcusAds:53 - JSON generation date=Thu Jan 08 22:57:51 ICT 2026 (1767887871456)
2026-02-07 11:12:11,515 [FATAL] Updater:351 - Updater called before beeing initialized
2026-02-07 11:12:11,552 [WARN] DetailPanel:346 - Failed to get advertising image, set to default
2026-02-07 11:12:11,787 [FATAL] Updater:351 - Updater called before beeing initialized
2026-02-07 11:12:11,790 [FATAL] Updater:351 - Updater called before beeing initialized
2026-02-07 11:12:11,790 [FATAL] Updater:351 - Updater called before beeing initialized
2026-02-07 11:12:11,790 [WARN] DetailPanel:346 - Failed to get advertising image, set to default
2026-02-07 11:12:11,791 [FATAL] Updater:351 - Updater called before beeing initialized
2026-02-07 11:12:11,838 [ERROR] Updater:1198 - MainUpdater not yet initialized. External WinMGr cannot be set.
2026-02-07 11:12:11,840 [INFO] Updater:1134 - Updater Version found : 6.14.1
2026-02-07 11:12:11,861 [INFO] ApplicationProperties:184 - Using Application install path: C:\ST\STM32CubeIDE_1.18.1\STM32CubeIDE\plugins\com.st.stm32cube.common.mx_6.14.1.202504091515
2026-02-07 11:12:13,168 [INFO] ThirdPartyUpdaterWithRetryManager:70 - Updater plugin not ready yet. [2/15]
2026-02-07 11:12:13,441 [ERROR] LogOutputStream:75 - [STDERR_REDIRECT] Feb 07, 2026 11:12:13 AM java.util.prefs.WindowsPreferences <init>
2026-02-07 11:12:13,444 [ERROR] LogOutputStream:75 - [STDERR_REDIRECT] WARNING: Could not open/create prefs root node Software\JavaSoft\Prefs at root 0xffffffff80000002. Windows RegCreateKeyEx(...) returned error code 5.
2026-02-07 11:12:13,444 [ERROR] LogOutputStream:75 - [STDERR_REDIRECT] 
2026-02-07 11:12:13,748 [INFO] MainUpdater:2872 - connection check result : 22
2026-02-07 11:12:13,749 [INFO] MainUpdater:289 - Updater Check For Update Now.
2026-02-07 11:12:13,750 [INFO] MicroXplorer:498 - Change Database Version : DB.6.0.141
2026-02-07 11:12:13,762 [INFO] McuFinderGlobals:63 - Set McuFinder mode to 2 (CubeIDE integrated)
2026-02-07 11:12:13,763 [INFO] UserAuth:171 - activating auth plugin
2026-02-07 11:12:13,768 [INFO] UserAuth:484 - Internet connection configuration mode: 2
2026-02-07 11:12:13,794 [INFO] UserAuth:484 - Internet connection configuration mode: 2
2026-02-07 11:12:13,952 [INFO] CheckServerUpdateThread:120 - End of CheckServer Thread
2026-02-07 11:12:16,399 [WARN] PackLoader:240 - Cannot read IP mode file for STMicroelectronics.FP-SNS-MOTENVWB1.1.4.0
2026-02-07 11:12:16,411 [WARN] PackLoader:240 - Cannot read IP mode file for STMicroelectronics.X-CUBE-SMBUS.2.1.0
2026-02-07 11:12:16,439 [WARN] PackLoader:240 - Cannot read IP mode file for STMicroelectronics.X-CUBE-AZRTOS-F7.1.1.0
2026-02-07 11:12:16,448 [WARN] PackLoader:240 - Cannot read IP mode file for Cesanta.I-CUBE-Mongoose.7.19.0
2026-02-07 11:12:16,455 [ERROR] Engine:466 - C:\Users\Lenovo\.stm32cubemx\thirdparties\pdsc\STMicroelectronics.FP-SNS-MOTENV1.5.1.0.pdsc: PDSC version is not supported
2026-02-07 11:12:16,460 [ERROR] Engine:466 - C:\Users\Lenovo\.stm32cubemx\thirdparties\pdsc\WES.I-CUBE-Cesium.1.4.0.pdsc: PDSC version is not supported
2026-02-07 11:12:16,491 [WARN] PackLoader:240 - Cannot read IP mode file for Infineon.AIROC-Wi-Fi-Bluetooth-STM32.1.7.1
2026-02-07 11:12:16,521 [WARN] PackLoader:240 - Cannot read IP mode file for STMicroelectronics.X-CUBE-AZRTOS-H7.3.4.0
2026-02-07 11:12:16,535 [WARN] PackLoader:240 - Cannot read IP mode file for STMicroelectronics.X-CUBE-DISPLAY.3.0.0
2026-02-07 11:12:16,550 [WARN] PackLoader:240 - Cannot read IP mode file for STMicroelectronics.X-CUBE-NFC10.1.0.0
2026-02-07 11:12:16,558 [WARN] PackLoader:240 - Cannot read IP mode file for STMicroelectronics.X-CUBE-ST60.1.1.0
2026-02-07 11:12:16,578 [WARN] PackLoader:240 - Cannot read IP mode file for emotas.I-CUBE-CANOPEN.1.3.0
2026-02-07 11:12:16,592 [WARN] PackLoader:240 - Cannot read IP mode file for STMicroelectronics.X-CUBE-GNSS1.7.1.0
2026-02-07 11:12:16,602 [WARN] PackLoader:240 - Cannot read IP mode file for STMicroelectronics.FP-SNS-SMARTAG2.1.2.0
2026-02-07 11:12:16,616 [INFO] LogOutputStream:77 - [STDOUT_REDIRECT] 1 : Invalid condition id : UX_CORESTACK_Condition cause : null
2026-02-07 11:12:16,617 [INFO] LogOutputStream:77 - [STDOUT_REDIRECT] 1 : Invalid condition id : UX_CORESTACK_Condition cause : null
2026-02-07 11:12:16,619 [INFO] LogOutputStream:77 - [STDOUT_REDIRECT] 1 : Invalid condition id : UX_CORESTACK_Condition cause : null
2026-02-07 11:12:16,620 [INFO] LogOutputStream:77 - [STDOUT_REDIRECT] 1 : Invalid condition id : UX_CORESTACK_Condition cause : null
2026-02-07 11:12:16,622 [INFO] LogOutputStream:77 - [STDOUT_REDIRECT] 1 : Invalid condition id : UX_CORESTACK_Condition cause : null
2026-02-07 11:12:16,649 [WARN] PackLoader:240 - Cannot read IP mode file for STMicroelectronics.X-CUBE-AZRTOS-WL.2.0.0
2026-02-07 11:12:16,675 [WARN] PackLoader:240 - Cannot read IP mode file for STMicroelectronics.X-CUBE-AZRTOS-H7RS.1.2.0
2026-02-07 11:12:16,687 [WARN] PackLoader:240 - Cannot read IP mode file for STMicroelectronics.X-CUBE-BLE2.3.3.0
2026-02-07 11:12:16,720 [WARN] PackLoader:240 - Cannot read IP mode file for STMicroelectronics.X-CUBE-NFC9.1.0.0
2026-02-07 11:12:16,731 [WARN] PackLoader:240 - Cannot read IP mode file for wolfSSL.I-CUBE-wolfSSL.5.8.2
2026-02-07 11:12:16,737 [WARN] PackLoader:240 - Cannot read IP mode file for STMicroelectronics.X-CUBE-BLE1.7.1.0
2026-02-07 11:12:16,744 [WARN] PackLoader:240 - Cannot read IP mode file for wolfSSL.I-CUBE-wolfMQTT.1.19.2
2026-02-07 11:12:16,749 [ERROR] Engine:466 - C:\Users\Lenovo\.stm32cubemx\thirdparties\pdsc\STMicroelectronics.X-CUBE-FREERTOS.1.4.0.pdsc: PDSC version is not supported
2026-02-07 11:12:16,755 [WARN] PackLoader:240 - Cannot read IP mode file for STMicroelectronics.X-CUBE-EEPRMA1.5.2.0
2026-02-07 11:12:16,762 [ERROR] Engine:466 - C:\Users\Lenovo\.stm32cubemx\thirdparties\pdsc\STMicroelectronics.X-CUBE-ST67W61.1.1.0.pdsc: PDSC version is not supported
2026-02-07 11:12:16,802 [WARN] PackLoader:240 - Cannot read IP mode file for STMicroelectronics.X-CUBE-MEMS1.12.0.0
2026-02-07 11:12:16,902 [WARN] PackLoader:240 - Cannot read IP mode file for STMicroelectronics.X-CUBE-AZRTOS-G0.1.1.0
2026-02-07 11:12:16,911 [WARN] PackLoader:240 - Cannot read IP mode file for STMicroelectronics.X-CUBE-SAFEA1.1.2.2
2026-02-07 11:12:16,919 [WARN] PackLoader:240 - Cannot read IP mode file for STMicroelectronics.X-CUBE-NFC4.3.0.0
2026-02-07 11:12:16,932 [WARN] PackLoader:240 - Cannot read IP mode file for EmbeddedOffice.I-CUBE-FS-RTOS.1.0.1
2026-02-07 11:12:16,939 [WARN] PackLoader:240 - Cannot read IP mode file for STMicroelectronics.X-CUBE-WB05N.2.0.0
2026-02-07 11:12:16,946 [WARN] PackLoader:240 - Cannot read IP mode file for wolfSSL.I-CUBE-wolfTPM.3.8.0
2026-02-07 11:12:16,954 [WARN] PackLoader:240 - Cannot read IP mode file for STMicroelectronics.X-CUBE-TCPP.4.2.0
2026-02-07 11:12:16,963 [WARN] PackLoader:240 - Cannot read IP mode file for RealThread.X-CUBE-RT-Thread_Nano.4.1.1
2026-02-07 11:12:16,970 [WARN] PackLoader:240 - Cannot read IP mode file for STMicroelectronics.FP-ATR-SIGFOX1.3.2.0
2026-02-07 11:12:16,978 [WARN] PackLoader:240 - Cannot read IP mode file for ITTIA_DB.I-CUBE-ITTIADB.8.9.0
2026-02-07 11:12:16,985 [WARN] PackLoader:240 - Cannot read IP mode file for STMicroelectronics.X-CUBE-AI.10.2.0
2026-02-07 11:12:17,012 [WARN] PackLoader:240 - Cannot read IP mode file for SEGGER.I-CUBE-embOS.1.3.1
2026-02-07 11:12:17,056 [WARN] PackLoader:240 - Cannot read IP mode file for STMicroelectronics.X-CUBE-ALGOBUILD.1.4.0
2026-02-07 11:12:17,059 [INFO] McuFinderGlobals:63 - Set McuFinder mode to 2 (CubeIDE integrated)
2026-02-07 11:12:17,067 [INFO] MainUpdater:2872 - connection check result : 22
2026-02-07 11:12:17,105 [WARN] PackLoader:240 - Cannot read IP mode file for STMicroelectronics.X-CUBE-MEMS1.11.3.0
2026-02-07 11:12:17,208 [WARN] PackLoader:240 - Cannot read IP mode file for STMicroelectronics.X-CUBE-PM33A1.1.0.0
2026-02-07 11:12:17,226 [WARN] PackLoader:240 - Cannot read IP mode file for STMicroelectronics.X-CUBE-AZRTOS-F4.1.1.0
2026-02-07 11:12:17,235 [WARN] PackLoader:240 - Cannot read IP mode file for STMicroelectronics.X-CUBE-ISPU.2.1.0
2026-02-07 11:12:17,242 [ERROR] Engine:466 - C:\Users\Lenovo\.stm32cubemx\thirdparties\pdsc\STMicroelectronics.X-CUBE-IPS.3.2.0.pdsc: PDSC version is not supported
2026-02-07 11:12:17,258 [WARN] PackLoader:240 - Cannot read IP mode file for STMicroelectronics.X-CUBE-NFC12.1.0.0
2026-02-07 11:12:17,285 [WARN] PackLoader:240 - Cannot read IP mode file for STMicroelectronics.X-CUBE-AZRTOS-L5.2.0.0
2026-02-07 11:12:17,298 [WARN] PackLoader:240 - Cannot read IP mode file for STMicroelectronics.X-CUBE-NFC6.3.1.0
2026-02-07 11:12:17,310 [WARN] PackLoader:240 - Cannot read IP mode file for STMicroelectronics.X-CUBE-FREERTOS.1.3.1
2026-02-07 11:12:17,319 [WARN] PackLoader:240 - Cannot read IP mode file for STMicroelectronics.X-CUBE-TOUCHGFX.4.26.0
2026-02-07 11:12:17,354 [WARN] PackLoader:240 - Cannot read IP mode file for STMicroelectronics.FP-SNS-STAIOTCFT.1.0.0
2026-02-07 11:12:17,366 [WARN] PackLoader:240 - Cannot read IP mode file for STMicroelectronics.X-CUBE-DPower.1.3.0
2026-02-07 11:12:17,385 [WARN] ConditionMgr:438 - getConditionDescription Invalid condition id : LAN8742 Phy interface Condition cause : null
2026-02-07 11:12:17,385 [WARN] PackLoader:240 - Cannot read IP mode file for STMicroelectronics.X-CUBE-AZRTOS-L4.2.0.0
2026-02-07 11:12:17,386 [WARN] ConditionMgr:1044 - genDependencies : Invalid condition id : LAN8742 Phy interface Condition cause : null
2026-02-07 11:12:17,387 [WARN] ConditionMgr:1044 - genDependencies : Invalid condition id : LAN8742 Phy interface Condition cause : null
2026-02-07 11:12:17,387 [WARN] ConditionMgr:1044 - genDependencies : Invalid condition id : LAN8742 Phy interface Condition cause : null
2026-02-07 11:12:17,396 [WARN] PackLoader:240 - Cannot read IP mode file for STMicroelectronics.X-CUBE-SFXS2LP1.4.0.0
2026-02-07 11:12:17,407 [WARN] PackLoader:240 - Cannot read IP mode file for STMicroelectronics.X-CUBE-BLEMGR.4.1.0
2026-02-07 11:12:17,421 [WARN] ConditionMgr:438 - getConditionDescription Invalid condition id : UX DEVICE CLASS RTOS Condition cause : null
2026-02-07 11:12:17,421 [WARN] ConditionMgr:438 - getConditionDescription Invalid condition id : UX DEVICE CLASS RTOS Condition cause : null
2026-02-07 11:12:17,422 [WARN] PackLoader:240 - Cannot read IP mode file for STMicroelectronics.X-CUBE-AZRTOS-WB.2.0.0
2026-02-07 11:12:17,423 [WARN] ConditionMgr:1044 - genDependencies : Invalid condition id : UX DEVICE CLASS RTOS Condition cause : null
2026-02-07 11:12:17,423 [WARN] ConditionMgr:1044 - genDependencies : Invalid condition id : UX DEVICE CLASS RTOS Condition cause : null
2026-02-07 11:12:17,424 [WARN] ConditionMgr:1044 - genDependencies : Invalid condition id : UX DEVICE CLASS RTOS Condition cause : null
2026-02-07 11:12:17,424 [WARN] ConditionMgr:1044 - genDependencies : Invalid condition id : UX DEVICE CLASS RTOS Condition cause : null
2026-02-07 11:12:17,424 [WARN] ConditionMgr:1044 - genDependencies : Invalid condition id : UX DEVICE CLASS RTOS Condition cause : null
2026-02-07 11:12:17,434 [WARN] PackLoader:240 - Cannot read IP mode file for STMicroelectronics.X-CUBE-GNSS1.7.0.1
2026-02-07 11:12:17,440 [WARN] ConditionMgr:438 - getConditionDescription Invalid condition id : Cortex-A Device cause : null
2026-02-07 11:12:17,470 [WARN] ConditionMgr:1044 - genDependencies : Invalid condition id : Cortex-A Device cause : null
2026-02-07 11:12:17,470 [WARN] ConditionMgr:1044 - genDependencies : Invalid condition id : Cortex-A Device cause : null
2026-02-07 11:12:17,470 [WARN] ConditionMgr:1044 - genDependencies : Invalid condition id : Cortex-A Device cause : null
2026-02-07 11:12:17,479 [WARN] PackLoader:240 - Cannot read IP mode file for STMicroelectronics.X-CUBE-SUBG2.5.0.0
2026-02-07 11:12:17,495 [WARN] PackLoader:240 - Cannot read IP mode file for STMicroelectronics.X-CUBE-AZRTOS-H7RS.1.1.0
2026-02-07 11:12:17,509 [WARN] PackLoader:240 - Cannot read IP mode file for STMicroelectronics.X-CUBE-AZRTOS-G4.2.0.0
2026-02-07 11:12:17,516 [WARN] PackLoader:240 - Cannot read IP mode file for wolfSSL.I-CUBE-wolfSSH.1.4.20
2026-02-07 11:12:17,522 [WARN] PackLoader:240 - Cannot read IP mode file for STMicroelectronics.X-CUBE-NFC7.2.0.0
2026-02-07 11:12:17,528 [WARN] PackLoader:240 - Cannot read IP mode file for STMicroelectronics.X-CUBE-ALS.1.0.2
2026-02-07 11:12:17,535 [WARN] PackLoader:240 - Cannot read IP mode file for STMicroelectronics.X-CUBE-STSE01.1.0.0
2026-02-07 11:12:17,545 [WARN] PackLoader:240 - Cannot read IP mode file for STMicroelectronics.X-CUBE-TOF1.3.4.3
2026-02-07 11:12:17,554 [INFO] ThirdParty:978 - Integrity check success = true
2026-02-07 11:12:17,554 [INFO] IntegrityCheckThread:100 - exiting critical section [integrity check]
2026-02-07 11:12:17,554 [INFO] IntegrityCheckThread:103 - End integrity checks thread
2026-02-07 11:12:27,856 [INFO] MainUpdater:2872 - connection check result : 10
2026-02-07 11:12:27,859 [INFO] McuFinderGlobals:76 - Set McuFinderConnectedMode to true
2026-02-07 11:12:28,114 [INFO] ServerAccessManage:473 - Download File mcusAds.json._tmp_
2026-02-07 11:12:28,231 [INFO] LoadUrlFilesThread:156 - End of LoadUrlFiles Thread
2026-02-07 11:12:28,549 [INFO] ServerAccessManage:473 - Download File cube-finder-db.zip
2026-02-07 11:12:30,896 [ERROR] ServerAccessManage:651 - User Cancel Download : cube-finder-db.zip.
2026-02-07 11:12:31,003 [INFO] LoadUrlFilesThread:156 - End of LoadUrlFiles Thread
2026-02-07 11:12:32,878 [INFO] DbMcusAds:53 - JSON generation date=Thu Jan 08 22:57:51 ICT 2026 (1767887871456)
2026-02-07 11:12:32,897 [ERROR] TargetSelectorAdapter:267 - Unable to refresh data
2026-02-07 11:12:33,213 [INFO] ApiDb:581 - Connected to CubeFinder SQLite database (C:\Users\Lenovo\.stmcufinder\plugins\mcufinder\mcu\cube-finder-db.db)
2026-02-07 11:12:33,326 [INFO] ApiDb:668 - CubeFinder database Data Model version=2.1
2026-02-07 11:12:33,326 [INFO] ApiDb:669 - CubeFinder database Configuration version=3.0.39
2026-02-07 11:12:33,326 [INFO] ApiDb:670 - CubeFinder database generation date=2025-12-22 (1766407740)
2026-02-07 11:12:33,326 [INFO] ApiDb:671 - CubeFinder database FW Pack versions=[FP-ATR-ASTRA1_V2.0.0, FP-SNS-FLIGHT1_V5.1.0, FP-SNS-MOTENV1_V5.1.0, FP-SNS-MOTENVWB1_V1.4.0, FP-SNS-SMARTAG2_V1.2.0, FP-SNS-STBOX1_V2.1.0, STM32Cube_FW_C0_V1.4.0, STM32Cube_FW_F4_V1.28.3, STM32Cube_FW_F7_V1.17.4, STM32Cube_FW_G0_V1.6.2, STM32Cube_FW_G4_V1.6.1, STM32Cube_FW_H5_V1.5.1, STM32Cube_FW_H7RS_V1.3.0, STM32Cube_FW_H7_V1.12.1, STM32Cube_FW_L0_V1.12.2, STM32Cube_FW_L4_V1.18.1, STM32Cube_FW_L5_V1.6.0, STM32Cube_FW_N6_V1.3.0, STM32Cube_FW_U0_V1.3.0, STM32Cube_FW_U3_V1.2.1, STM32Cube_FW_U5_V1.8.0, STM32Cube_FW_WB0_V1.4.0, STM32Cube_FW_WBA_V1.8.0, STM32Cube_FW_WB_V1.24.0, STM32Cube_FW_WL3_V1.3.0, STM32Cube_FW_WL_V1.4.0, X-CUBE-ALGOBUILD_V1.4.0, X-CUBE-ALS_V1.0.2, X-CUBE-AZRTOS-F4_V1.1.0, X-CUBE-AZRTOS-F7_V1.1.0, X-CUBE-AZRTOS-G0_V1.1.0, X-CUBE-AZRTOS-G4_V2.0.0, X-CUBE-AZRTOS-H7RS_V1.1.0, X-CUBE-AZRTOS-H7_V3.4.0, X-CUBE-AZRTOS-L4_V2.0.0, X-CUBE-AZRTOS-L5_V2.0.0, X-CUBE-AZRTOS-WB_V2.0.0, X-CUBE-AZRTOS-WL_V2.0.0, X-CUBE-BLE1_V7.1.0, X-CUBE-BLE2_V3.3.0, X-CUBE-BLEMGR_V4.1.0, X-CUBE-EEPRMA1_V5.2.0, X-CUBE-FREERTOS_V1.3.1, X-CUBE-GNSS1_V6.0.0, X-CUBE-MEMS1_V12.0.0, X-CUBE-NFC4_V3.0.0, X-CUBE-NFC7_V2.0.0, X-CUBE-SFXS2LP1_V4.0.0, X-CUBE-ST67W61_V1.1.0, X-CUBE-SUBG2_V5.0.0, X-CUBE-TOF1_V3.4.3]
2026-02-07 11:12:33,461 [INFO] DbBoardsSqlite:226 - include board P-NUCLEO-WB55-NUCLEO as a kit item of type 'Nucleo-64'
2026-02-07 11:12:33,461 [INFO] DbBoardsSqlite:226 - include board P-NUCLEO-WB55-USBDONGLE as a kit item of type 'Nucleo USB Dongle'
2026-02-07 11:12:33,465 [INFO] DbBoardsSqlite:226 - include board STEVAL-IDP005V1 as a kit item of type 'Evaluation Board'
2026-02-07 11:12:33,465 [INFO] DbBoardsSqlite:226 - include board STEVAL-IDP005V2 as a kit item of type 'Evaluation Board'
2026-02-07 11:12:33,861 [INFO] ApiDb:240 - Found 895 in-development CPN: [B-G473E-ZEST1S, B-WB1M-WPAN1, B-WBA5M-WPAN, B-WL5M-SUBG1, NUCLEO-C031C6, NUCLEO-C051C8, NUCLEO-C071RB, NUCLEO-C092RC, NUCLEO-H503RB, NUCLEO-H533RE, NUCLEO-H563ZI, NUCLEO-H7S3L8, NUCLEO-N657X0-Q, NUCLEO-U031R8, NUCLEO-U083RC, NUCLEO-U385RG-Q, NUCLEO-U545RE-Q, NUCLEO-U5A5ZJ-Q, NUCLEO-WB05KZ, NUCLEO-WB07CC, NUCLEO-WB09KE, NUCLEO-WBA52CG, NUCLEO-WBA55CG, NUCLEO-WBA65RI, NUCLEO-WL33CC1, NUCLEO-WL33CC2, STEVAL-PROTEUS1, STEVAL-SMARTAG2, STEVAL-STWINBX1, STM320518-EVAL, STM32C0116-DK, STM32C011D6Y3TR, STM32C011D6Y6TR, STM32C011F4P3, STM32C011F4P6, STM32C011F4U3, STM32C011F4U6TR, STM32C011F6P3, STM32C011F6P6, STM32C011F6U3, STM32C011F6U6TR, STM32C011J4M3, STM32C011J4M6, STM32C011J6M3, STM32C011J6M6, STM32C0316-DK, STM32C031C4T3, STM32C031C4T6, STM32C031C4U3, STM32C031C4U6, STM32C031C6T3, STM32C031C6T6, STM32C031C6U3, STM32C031C6U6, STM32C031F4P3, STM32C031F4P6, STM32C031F6P3, STM32C031F6P6, STM32C031G4U3, STM32C031G4U6, STM32C031G6U3, STM32C031G6U6, STM32C031K4T3, STM32C031K4T6, STM32C031K4U3, STM32C031K4U6, STM32C031K6T3, STM32C031K6T6, STM32C031K6U3, STM32C031K6U6, STM32C051C6T6, STM32C051C6U6, STM32C051C8T6, STM32C051C8U6, STM32C051D8Y6TR, STM32C051F6P6, STM32C051F8P6, STM32C051G6U6, STM32C051G8U6, STM32C051K6T6, STM32C051K6U6, STM32C051K8T6, STM32C071C8T6, STM32C071C8T6N, STM32C071C8U6, STM32C071C8U6N, STM32C071CBT6, STM32C071CBT6N, STM32C071CBU6, STM32C071CBU6N, STM32C071F8P6, STM32C071F8P6N, STM32C071FBP6, STM32C071FBP6N, STM32C071FBY6TR, STM32C071G8U6, STM32C071G8U6N, STM32C071GBU6, STM32C071GBU6N, STM32C071K8T6, STM32C071K8T6N, STM32C071K8U6, STM32C071K8U6N, STM32C071KBT6, STM32C071KBT6N, STM32C071KBU6, STM32C071KBU6N, STM32C071R8T6, STM32C071R8T6N, STM32C071RBI6N, STM32C071RBT6, STM32C071RBT6N, STM32C091CBT6, STM32C091CBU6, STM32C091CCT6, STM32C091CCU6, STM32C091ECY6TR, STM32C091FBP6, STM32C091FCP6, STM32C091GBU6, STM32C091GCU6, STM32C091KBT6, STM32C091KBU6, STM32C091KCT6, STM32C091KCU6, STM32C091RBT6, STM32C091RCI6, STM32C091RCT6, STM32C092CBT6, STM32C092CBU6, STM32C092CCT6, STM32C092CCU6, STM32C092ECY6TR, STM32C092FBP6, STM32C092FCP6, STM32C092GBU6, STM32C092GCU6, STM32C092KBT6, STM32C092KBU6, STM32C092KCT6, STM32C092KCU6, STM32C092RBT6, STM32C092RCI6, STM32C092RCT6, STM32G071K8TXN, STM32G071K8UXN, STM32G081GBU6N, STM32G081KBT6N, STM32G081KBUXN, STM32G0B1CCT6N, STM32G0B1KCT6, STM32G0B1NEY6TR, STM32G0B1RCT6N, STM32G0C1CCT6, STM32G0C1CCT6N, STM32G0C1CCU6N, STM32G0C1CET6N, STM32G0C1CEU6N, STM32G0C1KCT6, STM32G0C1NEY6TR, STM32G0C1RCI6N, STM32G0C1RCT6N, STM32G0C1REI6N, STM32G0C1RET6N, STM32G0C1VCI6, STM32G0C1VEI6, STM32G411C6T3, STM32G411C6T6, STM32G411C6U3, STM32G411C6U6, STM32G411C8T3, STM32G411C8T6, STM32G411C8U3, STM32G411C8U6, STM32G411CBT3, STM32G411CBT6, STM32G411CBU3, STM32G411CBU6, STM32G411CCT3, STM32G411CCT6, STM32G411CCU3, STM32G411CCU6, STM32G411K6T3, STM32G411K6T6, STM32G411K6U3, STM32G411K6U6, STM32G411K8T3, STM32G411K8T6, STM32G411K8U3, STM32G411K8U6, STM32G411KBT3, STM32G411KBT6, STM32G411KBU3, STM32G411KBU6, STM32G411M6T3, STM32G411M6T6, STM32G411M8T3, STM32G411M8T6, STM32G411MBT3, STM32G411MBT6, STM32G411MCT3, STM32G411MCT6, STM32G411R6T3, STM32G411R6T6, STM32G411R8T3, STM32G411R8T6, STM32G411RBT3, STM32G411RBT6, STM32G411RCT3, STM32G411RCT6, STM32G414CBT3, STM32G414CBT6, STM32G414CBU3, STM32G414CBU6, STM32G414CCT3, STM32G414CCT6, STM32G414CCU3, STM32G414CCU6, STM32G414MBT3, STM32G414MBT6, STM32G414MCT3, STM32G414MCT6, STM32G414RBT3, STM32G414RBT6, STM32G414RCT3, STM32G414RCT6, STM32G414VBT3, STM32G414VBT6, STM32G414VCT3, STM32G414VCT6, STM32G431CBT3Z, STM32G431RBT3Z, STM32G471CCT6, STM32G471CCU6, STM32G471CET3, STM32G471CET6, STM32G471CEU3, STM32G471CEU6, STM32G471MCT6, STM32G471MET3, STM32G471MET6, STM32G471MEY6TR, STM32G471QCT6, STM32G471QET3, STM32G471RCT6, STM32G471RET3, STM32G471RET6, STM32G471VCH6, STM32G471VCI6, STM32G471VCT6, STM32G471VEH3, STM32G471VEH6, STM32G471VEI3, STM32G471VEI6, STM32G471VET3, STM32G471VET6, STM32G473QET3Z, STM32G473RET3Z, STM32G474CCT6, STM32G491RET3Z, STM32H503CBT6, STM32H503CBU6, STM32H503EBY6TR, STM32H503KBU6, STM32H503RBT6, STM32H523CCT6, STM32H523CCU6, STM32H523CET6, STM32H523CEU6, STM32H523HEY6TR, STM32H523RCT6, STM32H523RET6, STM32H523VCI6, STM32H523VCT6, STM32H523VEI6, STM32H523VET6, STM32H523ZCJ6, STM32H523ZCT6, STM32H523ZEJ6, STM32H523ZET6, STM32H533CET6, STM32H533CEU6, STM32H533HEY6TR, STM32H533RET6, STM32H533VEI6, STM32H533VET6, STM32H533ZEJ6, STM32H533ZET6, STM32H562AGI6, STM32H562AII6, STM32H562IGK6, STM32H562IGT6, STM32H562IIK6, STM32H562IIT6, STM32H562RGT6, STM32H562RGV6, STM32H562RIT6, STM32H562RIV6, STM32H562VGT6, STM32H562VIT6, STM32H562ZGT6, STM32H562ZIT6, STM32H563AGI6, STM32H563AII3Q, STM32H563AII6, STM32H563IGK6, STM32H563IGT6, STM32H563IIK3Q, STM32H563IIK6, STM32H563IIT3Q, STM32H563IIT6, STM32H563MIY3QTR, STM32H563RGT6, STM32H563RGV6, STM32H563RIT6, STM32H563RIV6, STM32H563VGT6, STM32H563VIT3Q, STM32H563VIT6, STM32H563ZGT6, STM32H563ZIT3Q, STM32H563ZIT6, STM32H573AII3Q, STM32H573AII6, STM32H573I-DK, STM32H573IIK3Q, STM32H573IIK6, STM32H573IIT3Q, STM32H573IIT6, STM32H573MIY3QTR, STM32H573RIT6, STM32H573RIV6, STM32H573VIT3Q, STM32H573VIT6, STM32H573ZIT3Q, STM32H573ZIT6, STM32H7R3A8I6, STM32H7R3I8K6, STM32H7R3I8T6, STM32H7R3L8H6, STM32H7R3L8H6H, STM32H7R3R8V6, STM32H7R3V8H6, STM32H7R3V8T6, STM32H7R3V8Y6TR, STM32H7R3Z8J6, STM32H7R3Z8T6, STM32H7R7A8I6, STM32H7R7I8K6, STM32H7R7I8T6, STM32H7R7L8H6, STM32H7R7L8H6H, STM32H7R7Z8J6, STM32H7S3A8I6, STM32H7S3I8K6, STM32H7S3I8T6, STM32H7S3L8H6, STM32H7S3L8H6H, STM32H7S3R8V6, STM32H7S3V8H6, STM32H7S3V8T6, STM32H7S3V8Y6TR, STM32H7S3Z8J6, STM32H7S3Z8T6, STM32H7S78-DK, STM32H7S7A8I6, STM32H7S7I8K6, STM32H7S7I8T6, STM32H7S7L8H6, STM32H7S7L8H6H, STM32H7S7Z8J6, STM32L4R5QGI6STR, STM32MP131AAE3, STM32MP131AAF3, STM32MP131AAG3, STM32MP131CAE3, STM32MP131CAF3, STM32MP131CAG3, STM32MP131DAE7, STM32MP131DAF7, STM32MP131DAG7, STM32MP131FAE7, STM32MP131FAF7, STM32MP131FAG7, STM32MP133AAE3, STM32MP133AAF3, STM32MP133AAG3, STM32MP133CAE3, STM32MP133CAF3, STM32MP133CAG3, STM32MP133DAE7, STM32MP133DAF7, STM32MP133DAG7, STM32MP133FAE7, STM32MP133FAF7, STM32MP133FAG7, STM32MP135AAE3, STM32MP135AAF3, STM32MP135AAG3, STM32MP135CAE3, STM32MP135CAF3, STM32MP135CAG3, STM32MP135DAE7, STM32MP135DAF7, STM32MP135DAG7, STM32MP135F-DK, STM32MP135FAE7, STM32MP135FAF7, STM32MP135FAF7T, STM32MP135FAF7U, STM32MP135FAG7, STM32MP231AAJ3, STM32MP231AAK3, STM32MP231AAL3, STM32MP231CAJ3, STM32MP231CAK3, STM32MP231CAL3, STM32MP231DAJ3, STM32MP231DAK3, STM32MP231DAL3, STM32MP231FAJ3, STM32MP231FAK3, STM32MP231FAL3, STM32MP233AAJ3, STM32MP233AAK3, STM32MP233AAL3, STM32MP233CAJ3, STM32MP233CAK3, STM32MP233CAL3, STM32MP233DAJ3, STM32MP233DAK3, STM32MP233DAL3, STM32MP233FAJ3, STM32MP233FAK3, STM32MP233FAL3, STM32MP235AAJ3, STM32MP235AAK3, STM32MP235AAL3, STM32MP235CAJ3, STM32MP235CAK3, STM32MP235CAL3, STM32MP235DAJ3, STM32MP235DAK3, STM32MP235DAL3, STM32MP235FAJ3, STM32MP235FAK3, STM32MP235FAL3, STM32MP251AAI3, STM32MP251AAJ3, STM32MP251AAK3, STM32MP251AAL3, STM32MP251CAI3, STM32MP251CAJ3, STM32MP251CAK3, STM32MP251CAL3, STM32MP251DAI3, STM32MP251DAJ3, STM32MP251DAK3, STM32MP251DAL3, STM32MP251FAI3, STM32MP251FAJ3, STM32MP251FAK3, STM32MP251FAL3, STM32MP253AAI3, STM32MP253AAJ3, STM32MP253AAK3, STM32MP253AAL3, STM32MP253CAI3, STM32MP253CAJ3, STM32MP253CAK3, STM32MP253CAL3, STM32MP253DAI3, STM32MP253DAJ3, STM32MP253DAK3, STM32MP253DAL3, STM32MP253FAI3, STM32MP253FAJ3, STM32MP253FAK3, STM32MP253FAL3, STM32MP255AAI3, STM32MP255AAJ3, STM32MP255AAK3, STM32MP255AAL3, STM32MP255CAI3, STM32MP255CAJ3, STM32MP255CAK3, STM32MP255CAL3, STM32MP255DAI3, STM32MP255DAJ3, STM32MP255DAK3, STM32MP255DAL3, STM32MP255FAI3, STM32MP255FAJ3, STM32MP255FAK3, STM32MP255FAL3, STM32MP257AAI3, STM32MP257AAJ3, STM32MP257AAK3, STM32MP257AAL3, STM32MP257CAI3, STM32MP257CAJ3, STM32MP257CAK3, STM32MP257CAL3, STM32MP257DAI3, STM32MP257DAJ3, STM32MP257DAK3, STM32MP257DAL3, STM32MP257F-DK, STM32MP257F-EV1, STM32MP257FAI3, STM32MP257FAJ3, STM32MP257FAK3, STM32MP257FAL3, STM32N645A0H3Q, STM32N645B0H3Q, STM32N645I0H3Q, STM32N645L0H3Q, STM32N645X0H3Q, STM32N645Z0H3Q, STM32N647A0H3Q, STM32N647B0H3Q, STM32N647I0H3Q, STM32N647L0H3Q, STM32N647X0H3Q, STM32N647Z0H3Q, STM32N655A0H3Q, STM32N655B0H3Q, STM32N655I0H3Q, STM32N655L0H3Q, STM32N655X0H3Q, STM32N655Z0H3Q, STM32N6570-DK, STM32N657A0H3Q, STM32N657B0H3Q, STM32N657I0H3Q, STM32N657L0H3Q, STM32N657X0H3Q, STM32N657Z0H3Q, STM32U031C6T6, STM32U031C6U6, STM32U031C8T6, STM32U031C8U6, STM32U031F4P6, STM32U031F6P6, STM32U031F8P6, STM32U031G6Y6TR, STM32U031G8Y6TR, STM32U031K4U6, STM32U031K6U6, STM32U031K8U6, STM32U031R6I6, STM32U031R6T6, STM32U031R8I6, STM32U031R8T6, STM32U073C8T6, STM32U073C8U6, STM32U073CBT6, STM32U073CBU6, STM32U073CCT6, STM32U073CCU6, STM32U073H8Y6TR, STM32U073HBY6TR, STM32U073HCY6TR, STM32U073K8U6, STM32U073KBU6, STM32U073KCU6, STM32U073M8I6, STM32U073M8T6, STM32U073MBI6, STM32U073MBT6, STM32U073MCI6, STM32U073MCT6, STM32U073R8I6, STM32U073R8T6, STM32U073RBI6, STM32U073RBT6, STM32U073RCI6, STM32U073RCT6, STM32U083C-DK, STM32U083CCT6, STM32U083CCU6, STM32U083HCY6TR, STM32U083KCU6, STM32U083MCI6, STM32U083MCT6, STM32U083RCI6, STM32U083RCT6, STM32U375CET6, STM32U375CET6Q, STM32U375CEU6, STM32U375CEU6Q, STM32U375CEY6QTR, STM32U375CGT6, STM32U375CGT6Q, STM32U375CGU6, STM32U375CGU6Q, STM32U375CGY6QTR, STM32U375KEU6, STM32U375KGU6, STM32U375REI6, STM32U375REI6Q, STM32U375RET6, STM32U375RET6Q, STM32U375REY6GTR, STM32U375REY6QTR, STM32U375RGI6, STM32U375RGI6Q, STM32U375RGT6, STM32U375RGT6Q, STM32U375RGY6GTR, STM32U375RGY6QTR, STM32U375VEI6, STM32U375VEI6Q, STM32U375VET6, STM32U375VET6Q, STM32U375VGI6, STM32U375VGI6Q, STM32U375VGT6, STM32U375VGT6Q, STM32U385CGT6, STM32U385CGT6Q, STM32U385CGU6, STM32U385CGU6Q, STM32U385CGY6QTR, STM32U385KGU6, STM32U385RGI6, STM32U385RGI6Q, STM32U385RGT6, STM32U385RGT6Q, STM32U385RGY6GTR, STM32U385RGY6QTR, STM32U385VGI6, STM32U385VGI6Q, STM32U385VGT6, STM32U385VGT6Q, STM32U535CBT6, STM32U535CBT6Q, STM32U535CBU6, STM32U535CBU6Q, STM32U535CCT6, STM32U535CCT6Q, STM32U535CCU6, STM32U535CCU6Q, STM32U535CET6, STM32U535CET6Q, STM32U535CEU6, STM32U535CEU6Q, STM32U535JEY6QTR, STM32U535NCY6QTR, STM32U535NEY6QTR, STM32U535RBI6, STM32U535RBI6Q, STM32U535RBT6, STM32U535RBT6Q, STM32U535RCI6, STM32U535RCI6Q, STM32U535RCT6, STM32U535RCT6Q, STM32U535REI6, STM32U535REI6Q, STM32U535RET6, STM32U535RET6Q, STM32U535VCI6, STM32U535VCI6Q, STM32U535VCT6, STM32U535VCT6Q, STM32U535VEI6, STM32U535VEI6Q, STM32U535VET6, STM32U535VET6Q, STM32U545CET6, STM32U545CET6Q, STM32U545CEU6, STM32U545CEU6Q, STM32U545JEY6QTR, STM32U545NEY6QTR, STM32U545REI6, STM32U545REI6Q, STM32U545RET6, STM32U545RET6Q, STM32U545VEI6, STM32U545VEI6Q, STM32U545VET6, STM32U545VET6Q, STM32U595AIH6, STM32U595AIH6Q, STM32U595AJH6, STM32U595AJH6Q, STM32U595QII6, STM32U595QII6Q, STM32U595QJI6, STM32U595QJI6Q, STM32U595RIT6, STM32U595RIT6Q, STM32U595RJT6, STM32U595RJT6Q, STM32U595VIT6, STM32U595VIT6Q, STM32U595VJT6, STM32U595VJT6Q, STM32U595ZIT6, STM32U595ZIT6Q, STM32U595ZIY6QTR, STM32U595ZJT6, STM32U595ZJT6Q, STM32U595ZJY6QTR, STM32U599BJY6QTR, STM32U599NIH6Q, STM32U599NJH6Q, STM32U599VIT6Q, STM32U599VJT6, STM32U599VJT6Q, STM32U599ZIT6Q, STM32U599ZIY6QTR, STM32U599ZJT6Q, STM32U599ZJY6QTR, STM32U5A5AJH6, STM32U5A5AJH6Q, STM32U5A5QII3Q , STM32U5A5QJI6, STM32U5A5QJI6Q, STM32U5A5RJT6, STM32U5A5RJT6Q, STM32U5A5VJT6, STM32U5A5VJT6Q, STM32U5A5ZJT6, STM32U5A5ZJT6Q, STM32U5A5ZJY6QTR, STM32U5A9BJY6QTR, STM32U5A9J-DK, STM32U5A9NJH6Q, STM32U5A9VJT6Q, STM32U5A9ZJT6Q, STM32U5A9ZJY6QTR, STM32U5F7VIT6, STM32U5F7VIT6Q, STM32U5F7VJT6, STM32U5F7VJT6Q, STM32U5F9BJY6QTR, STM32U5F9NJH6Q, STM32U5F9VIT6Q, STM32U5F9VJT6Q, STM32U5F9ZIJ6QTR, STM32U5F9ZIT6Q, STM32U5F9ZJJ6QTR, STM32U5F9ZJT6Q, STM32U5G7VJT6, STM32U5G7VJT6Q, STM32U5G9BJY6QTR, STM32U5G9J-DK1, STM32U5G9J-DK2, STM32U5G9NJH6Q, STM32U5G9VJT6Q, STM32U5G9ZJJ6QTR, STM32U5G9ZJT6Q, STM32WB05KZV6TR, STM32WB05KZV7TR, STM32WB05TZF6TR, STM32WB05TZF7TR, STM32WB06CCF6TR, STM32WB06CCF7TR, STM32WB06CCV6TR, STM32WB06CCV7TR, STM32WB06KCV6TR, STM32WB06KCV7TR, STM32WB07CCF6TR, STM32WB07CCF7TR, STM32WB07CCV6TR, STM32WB07CCV7TR, STM32WB07KCV6TR, STM32WB07KCV7TR, STM32WB09KEV6TR, STM32WB09KEV7TR, STM32WB09TEF6TR, STM32WB09TEF7TR, STM32WB1MMCH6, STM32WBA50KGU6, STM32WBA50KGU6TR, STM32WBA52CEU6, STM32WBA52CEU6TR, STM32WBA52CEU7, STM32WBA52CEU7TR, STM32WBA52CGU6, STM32WBA52CGU6TR, STM32WBA52CGU6U, STM32WBA52CGU7, STM32WBA52CGU7TR, STM32WBA52KEU6, STM32WBA52KEU6TR, STM32WBA52KGU6, STM32WBA52KGU6TR, STM32WBA54CEU6, STM32WBA54CEU6TR, STM32WBA54CEU7, STM32WBA54CEU7TR, STM32WBA54CGU6, STM32WBA54CGU6TR, STM32WBA54CGU7, STM32WBA54CGU7TR, STM32WBA54KEU6, STM32WBA54KEU6TR, STM32WBA54KEU7, STM32WBA54KEU7TR, STM32WBA54KGU6, STM32WBA54KGU6TR, STM32WBA54KGU7, STM32WBA54KGU7TR, STM32WBA55CEU6, STM32WBA55CEU6TR, STM32WBA55CEU7, STM32WBA55CEU7TR, STM32WBA55CGU6, STM32WBA55CGU6TR, STM32WBA55CGU6U, STM32WBA55CGU7, STM32WBA55CGU7TR, STM32WBA55G-DK1, STM32WBA55HEF6, STM32WBA55HEF7, STM32WBA55HGF6, STM32WBA55HGF7, STM32WBA55UEI6, STM32WBA55UEI6TR, STM32WBA55UEI7, STM32WBA55UEI7TR, STM32WBA55UGI6, STM32WBA55UGI6TR, STM32WBA55UGI7, STM32WBA55UGI7TR, STM32WBA5MJGH6TR, STM32WBA62CGU6, STM32WBA62CIU6, STM32WBA62MGF6, STM32WBA62MIF6, STM32WBA62PGI6, STM32WBA62PII6, STM32WBA63CGU6, STM32WBA63CGU7, STM32WBA63CIU6, STM32WBA63CIU7, STM32WBA64CGU6, STM32WBA64CGU7, STM32WBA64CIU6, STM32WBA64CIU7, STM32WBA65CGU6, STM32WBA65CGU7, STM32WBA65CIU6, STM32WBA65CIU7, STM32WBA65I-DK1, STM32WBA65MGF6, STM32WBA65MGF7, STM32WBA65MIF6, STM32WBA65MIF7, STM32WBA65PGI6, STM32WBA65PGI7, STM32WBA65PII6, STM32WBA65PII7, STM32WBA65RGV6, STM32WBA65RGV7, STM32WBA65RIV6, STM32WBA65RIV7, STM32WL30K8V6, STM32WL30KBV6, STM32WL31C8V6, STM32WL31CBV6, STM32WL31K8V6, STM32WL31KBV6, STM32WL33C8V6, STM32WL33C8V6TR, STM32WL33C8V7, STM32WL33C8V7TR, STM32WL33CBV6, STM32WL33CBV6TR, STM32WL33CBV7, STM32WL33CBV7TR, STM32WL33CCV6, STM32WL33CCV6TR, STM32WL33CCV7, STM32WL33CCV7A, STM32WL33CCV7ATR, STM32WL33CCV7TR, STM32WL33K8V6, STM32WL33K8V6TR, STM32WL33K8V7, STM32WL33K8V7TR, STM32WL33KBV6, STM32WL33KBV6TR, STM32WL33KBV7, STM32WL33KBV7TR, STM32WL33KCV6, STM32WL33KCV6TR, STM32WL33KCV7, STM32WL33KCV7TR, STM32WL5MOCH6, STM32WL5MOCH6TR]
2026-02-07 11:12:33,865 [INFO] ApiDb:668 - CubeFinder database Data Model version=2.1
2026-02-07 11:12:33,865 [INFO] ApiDb:669 - CubeFinder database Configuration version=3.0.39
2026-02-07 11:12:33,865 [INFO] ApiDb:670 - CubeFinder database generation date=2025-12-22 (1766407740)
2026-02-07 11:12:33,866 [INFO] ApiDb:671 - CubeFinder database FW Pack versions=[FP-ATR-ASTRA1_V2.0.0, FP-SNS-FLIGHT1_V5.1.0, FP-SNS-MOTENV1_V5.1.0, FP-SNS-MOTENVWB1_V1.4.0, FP-SNS-SMARTAG2_V1.2.0, FP-SNS-STBOX1_V2.1.0, STM32Cube_FW_C0_V1.4.0, STM32Cube_FW_F4_V1.28.3, STM32Cube_FW_F7_V1.17.4, STM32Cube_FW_G0_V1.6.2, STM32Cube_FW_G4_V1.6.1, STM32Cube_FW_H5_V1.5.1, STM32Cube_FW_H7RS_V1.3.0, STM32Cube_FW_H7_V1.12.1, STM32Cube_FW_L0_V1.12.2, STM32Cube_FW_L4_V1.18.1, STM32Cube_FW_L5_V1.6.0, STM32Cube_FW_N6_V1.3.0, STM32Cube_FW_U0_V1.3.0, STM32Cube_FW_U3_V1.2.1, STM32Cube_FW_U5_V1.8.0, STM32Cube_FW_WB0_V1.4.0, STM32Cube_FW_WBA_V1.8.0, STM32Cube_FW_WB_V1.24.0, STM32Cube_FW_WL3_V1.3.0, STM32Cube_FW_WL_V1.4.0, X-CUBE-ALGOBUILD_V1.4.0, X-CUBE-ALS_V1.0.2, X-CUBE-AZRTOS-F4_V1.1.0, X-CUBE-AZRTOS-F7_V1.1.0, X-CUBE-AZRTOS-G0_V1.1.0, X-CUBE-AZRTOS-G4_V2.0.0, X-CUBE-AZRTOS-H7RS_V1.1.0, X-CUBE-AZRTOS-H7_V3.4.0, X-CUBE-AZRTOS-L4_V2.0.0, X-CUBE-AZRTOS-L5_V2.0.0, X-CUBE-AZRTOS-WB_V2.0.0, X-CUBE-AZRTOS-WL_V2.0.0, X-CUBE-BLE1_V7.1.0, X-CUBE-BLE2_V3.3.0, X-CUBE-BLEMGR_V4.1.0, X-CUBE-EEPRMA1_V5.2.0, X-CUBE-FREERTOS_V1.3.1, X-CUBE-GNSS1_V6.0.0, X-CUBE-MEMS1_V12.0.0, X-CUBE-NFC4_V3.0.0, X-CUBE-NFC7_V2.0.0, X-CUBE-SFXS2LP1_V4.0.0, X-CUBE-ST67W61_V1.1.0, X-CUBE-SUBG2_V5.0.0, X-CUBE-TOF1_V3.4.3]
2026-02-07 11:12:36,057 [INFO] ApiDb:240 - Found 895 in-development CPN: [B-G473E-ZEST1S, B-WB1M-WPAN1, B-WBA5M-WPAN, B-WL5M-SUBG1, NUCLEO-C031C6, NUCLEO-C051C8, NUCLEO-C071RB, NUCLEO-C092RC, NUCLEO-H503RB, NUCLEO-H533RE, NUCLEO-H563ZI, NUCLEO-H7S3L8, NUCLEO-N657X0-Q, NUCLEO-U031R8, NUCLEO-U083RC, NUCLEO-U385RG-Q, NUCLEO-U545RE-Q, NUCLEO-U5A5ZJ-Q, NUCLEO-WB05KZ, NUCLEO-WB07CC, NUCLEO-WB09KE, NUCLEO-WBA52CG, NUCLEO-WBA55CG, NUCLEO-WBA65RI, NUCLEO-WL33CC1, NUCLEO-WL33CC2, STEVAL-PROTEUS1, STEVAL-SMARTAG2, STEVAL-STWINBX1, STM320518-EVAL, STM32C0116-DK, STM32C011D6Y3TR, STM32C011D6Y6TR, STM32C011F4P3, STM32C011F4P6, STM32C011F4U3, STM32C011F4U6TR, STM32C011F6P3, STM32C011F6P6, STM32C011F6U3, STM32C011F6U6TR, STM32C011J4M3, STM32C011J4M6, STM32C011J6M3, STM32C011J6M6, STM32C0316-DK, STM32C031C4T3, STM32C031C4T6, STM32C031C4U3, STM32C031C4U6, STM32C031C6T3, STM32C031C6T6, STM32C031C6U3, STM32C031C6U6, STM32C031F4P3, STM32C031F4P6, STM32C031F6P3, STM32C031F6P6, STM32C031G4U3, STM32C031G4U6, STM32C031G6U3, STM32C031G6U6, STM32C031K4T3, STM32C031K4T6, STM32C031K4U3, STM32C031K4U6, STM32C031K6T3, STM32C031K6T6, STM32C031K6U3, STM32C031K6U6, STM32C051C6T6, STM32C051C6U6, STM32C051C8T6, STM32C051C8U6, STM32C051D8Y6TR, STM32C051F6P6, STM32C051F8P6, STM32C051G6U6, STM32C051G8U6, STM32C051K6T6, STM32C051K6U6, STM32C051K8T6, STM32C071C8T6, STM32C071C8T6N, STM32C071C8U6, STM32C071C8U6N, STM32C071CBT6, STM32C071CBT6N, STM32C071CBU6, STM32C071CBU6N, STM32C071F8P6, STM32C071F8P6N, STM32C071FBP6, STM32C071FBP6N, STM32C071FBY6TR, STM32C071G8U6, STM32C071G8U6N, STM32C071GBU6, STM32C071GBU6N, STM32C071K8T6, STM32C071K8T6N, STM32C071K8U6, STM32C071K8U6N, STM32C071KBT6, STM32C071KBT6N, STM32C071KBU6, STM32C071KBU6N, STM32C071R8T6, STM32C071R8T6N, STM32C071RBI6N, STM32C071RBT6, STM32C071RBT6N, STM32C091CBT6, STM32C091CBU6, STM32C091CCT6, STM32C091CCU6, STM32C091ECY6TR, STM32C091FBP6, STM32C091FCP6, STM32C091GBU6, STM32C091GCU6, STM32C091KBT6, STM32C091KBU6, STM32C091KCT6, STM32C091KCU6, STM32C091RBT6, STM32C091RCI6, STM32C091RCT6, STM32C092CBT6, STM32C092CBU6, STM32C092CCT6, STM32C092CCU6, STM32C092ECY6TR, STM32C092FBP6, STM32C092FCP6, STM32C092GBU6, STM32C092GCU6, STM32C092KBT6, STM32C092KBU6, STM32C092KCT6, STM32C092KCU6, STM32C092RBT6, STM32C092RCI6, STM32C092RCT6, STM32G071K8TXN, STM32G071K8UXN, STM32G081GBU6N, STM32G081KBT6N, STM32G081KBUXN, STM32G0B1CCT6N, STM32G0B1KCT6, STM32G0B1NEY6TR, STM32G0B1RCT6N, STM32G0C1CCT6, STM32G0C1CCT6N, STM32G0C1CCU6N, STM32G0C1CET6N, STM32G0C1CEU6N, STM32G0C1KCT6, STM32G0C1NEY6TR, STM32G0C1RCI6N, STM32G0C1RCT6N, STM32G0C1REI6N, STM32G0C1RET6N, STM32G0C1VCI6, STM32G0C1VEI6, STM32G411C6T3, STM32G411C6T6, STM32G411C6U3, STM32G411C6U6, STM32G411C8T3, STM32G411C8T6, STM32G411C8U3, STM32G411C8U6, STM32G411CBT3, STM32G411CBT6, STM32G411CBU3, STM32G411CBU6, STM32G411CCT3, STM32G411CCT6, STM32G411CCU3, STM32G411CCU6, STM32G411K6T3, STM32G411K6T6, STM32G411K6U3, STM32G411K6U6, STM32G411K8T3, STM32G411K8T6, STM32G411K8U3, STM32G411K8U6, STM32G411KBT3, STM32G411KBT6, STM32G411KBU3, STM32G411KBU6, STM32G411M6T3, STM32G411M6T6, STM32G411M8T3, STM32G411M8T6, STM32G411MBT3, STM32G411MBT6, STM32G411MCT3, STM32G411MCT6, STM32G411R6T3, STM32G411R6T6, STM32G411R8T3, STM32G411R8T6, STM32G411RBT3, STM32G411RBT6, STM32G411RCT3, STM32G411RCT6, STM32G414CBT3, STM32G414CBT6, STM32G414CBU3, STM32G414CBU6, STM32G414CCT3, STM32G414CCT6, STM32G414CCU3, STM32G414CCU6, STM32G414MBT3, STM32G414MBT6, STM32G414MCT3, STM32G414MCT6, STM32G414RBT3, STM32G414RBT6, STM32G414RCT3, STM32G414RCT6, STM32G414VBT3, STM32G414VBT6, STM32G414VCT3, STM32G414VCT6, STM32G431CBT3Z, STM32G431RBT3Z, STM32G471CCT6, STM32G471CCU6, STM32G471CET3, STM32G471CET6, STM32G471CEU3, STM32G471CEU6, STM32G471MCT6, STM32G471MET3, STM32G471MET6, STM32G471MEY6TR, STM32G471QCT6, STM32G471QET3, STM32G471RCT6, STM32G471RET3, STM32G471RET6, STM32G471VCH6, STM32G471VCI6, STM32G471VCT6, STM32G471VEH3, STM32G471VEH6, STM32G471VEI3, STM32G471VEI6, STM32G471VET3, STM32G471VET6, STM32G473QET3Z, STM32G473RET3Z, STM32G474CCT6, STM32G491RET3Z, STM32H503CBT6, STM32H503CBU6, STM32H503EBY6TR, STM32H503KBU6, STM32H503RBT6, STM32H523CCT6, STM32H523CCU6, STM32H523CET6, STM32H523CEU6, STM32H523HEY6TR, STM32H523RCT6, STM32H523RET6, STM32H523VCI6, STM32H523VCT6, STM32H523VEI6, STM32H523VET6, STM32H523ZCJ6, STM32H523ZCT6, STM32H523ZEJ6, STM32H523ZET6, STM32H533CET6, STM32H533CEU6, STM32H533HEY6TR, STM32H533RET6, STM32H533VEI6, STM32H533VET6, STM32H533ZEJ6, STM32H533ZET6, STM32H562AGI6, STM32H562AII6, STM32H562IGK6, STM32H562IGT6, STM32H562IIK6, STM32H562IIT6, STM32H562RGT6, STM32H562RGV6, STM32H562RIT6, STM32H562RIV6, STM32H562VGT6, STM32H562VIT6, STM32H562ZGT6, STM32H562ZIT6, STM32H563AGI6, STM32H563AII3Q, STM32H563AII6, STM32H563IGK6, STM32H563IGT6, STM32H563IIK3Q, STM32H563IIK6, STM32H563IIT3Q, STM32H563IIT6, STM32H563MIY3QTR, STM32H563RGT6, STM32H563RGV6, STM32H563RIT6, STM32H563RIV6, STM32H563VGT6, STM32H563VIT3Q, STM32H563VIT6, STM32H563ZGT6, STM32H563ZIT3Q, STM32H563ZIT6, STM32H573AII3Q, STM32H573AII6, STM32H573I-DK, STM32H573IIK3Q, STM32H573IIK6, STM32H573IIT3Q, STM32H573IIT6, STM32H573MIY3QTR, STM32H573RIT6, STM32H573RIV6, STM32H573VIT3Q, STM32H573VIT6, STM32H573ZIT3Q, STM32H573ZIT6, STM32H7R3A8I6, STM32H7R3I8K6, STM32H7R3I8T6, STM32H7R3L8H6, STM32H7R3L8H6H, STM32H7R3R8V6, STM32H7R3V8H6, STM32H7R3V8T6, STM32H7R3V8Y6TR, STM32H7R3Z8J6, STM32H7R3Z8T6, STM32H7R7A8I6, STM32H7R7I8K6, STM32H7R7I8T6, STM32H7R7L8H6, STM32H7R7L8H6H, STM32H7R7Z8J6, STM32H7S3A8I6, STM32H7S3I8K6, STM32H7S3I8T6, STM32H7S3L8H6, STM32H7S3L8H6H, STM32H7S3R8V6, STM32H7S3V8H6, STM32H7S3V8T6, STM32H7S3V8Y6TR, STM32H7S3Z8J6, STM32H7S3Z8T6, STM32H7S78-DK, STM32H7S7A8I6, STM32H7S7I8K6, STM32H7S7I8T6, STM32H7S7L8H6, STM32H7S7L8H6H, STM32H7S7Z8J6, STM32L4R5QGI6STR, STM32MP131AAE3, STM32MP131AAF3, STM32MP131AAG3, STM32MP131CAE3, STM32MP131CAF3, STM32MP131CAG3, STM32MP131DAE7, STM32MP131DAF7, STM32MP131DAG7, STM32MP131FAE7, STM32MP131FAF7, STM32MP131FAG7, STM32MP133AAE3, STM32MP133AAF3, STM32MP133AAG3, STM32MP133CAE3, STM32MP133CAF3, STM32MP133CAG3, STM32MP133DAE7, STM32MP133DAF7, STM32MP133DAG7, STM32MP133FAE7, STM32MP133FAF7, STM32MP133FAG7, STM32MP135AAE3, STM32MP135AAF3, STM32MP135AAG3, STM32MP135CAE3, STM32MP135CAF3, STM32MP135CAG3, STM32MP135DAE7, STM32MP135DAF7, STM32MP135DAG7, STM32MP135F-DK, STM32MP135FAE7, STM32MP135FAF7, STM32MP135FAF7T, STM32MP135FAF7U, STM32MP135FAG7, STM32MP231AAJ3, STM32MP231AAK3, STM32MP231AAL3, STM32MP231CAJ3, STM32MP231CAK3, STM32MP231CAL3, STM32MP231DAJ3, STM32MP231DAK3, STM32MP231DAL3, STM32MP231FAJ3, STM32MP231FAK3, STM32MP231FAL3, STM32MP233AAJ3, STM32MP233AAK3, STM32MP233AAL3, STM32MP233CAJ3, STM32MP233CAK3, STM32MP233CAL3, STM32MP233DAJ3, STM32MP233DAK3, STM32MP233DAL3, STM32MP233FAJ3, STM32MP233FAK3, STM32MP233FAL3, STM32MP235AAJ3, STM32MP235AAK3, STM32MP235AAL3, STM32MP235CAJ3, STM32MP235CAK3, STM32MP235CAL3, STM32MP235DAJ3, STM32MP235DAK3, STM32MP235DAL3, STM32MP235FAJ3, STM32MP235FAK3, STM32MP235FAL3, STM32MP251AAI3, STM32MP251AAJ3, STM32MP251AAK3, STM32MP251AAL3, STM32MP251CAI3, STM32MP251CAJ3, STM32MP251CAK3, STM32MP251CAL3, STM32MP251DAI3, STM32MP251DAJ3, STM32MP251DAK3, STM32MP251DAL3, STM32MP251FAI3, STM32MP251FAJ3, STM32MP251FAK3, STM32MP251FAL3, STM32MP253AAI3, STM32MP253AAJ3, STM32MP253AAK3, STM32MP253AAL3, STM32MP253CAI3, STM32MP253CAJ3, STM32MP253CAK3, STM32MP253CAL3, STM32MP253DAI3, STM32MP253DAJ3, STM32MP253DAK3, STM32MP253DAL3, STM32MP253FAI3, STM32MP253FAJ3, STM32MP253FAK3, STM32MP253FAL3, STM32MP255AAI3, STM32MP255AAJ3, STM32MP255AAK3, STM32MP255AAL3, STM32MP255CAI3, STM32MP255CAJ3, STM32MP255CAK3, STM32MP255CAL3, STM32MP255DAI3, STM32MP255DAJ3, STM32MP255DAK3, STM32MP255DAL3, STM32MP255FAI3, STM32MP255FAJ3, STM32MP255FAK3, STM32MP255FAL3, STM32MP257AAI3, STM32MP257AAJ3, STM32MP257AAK3, STM32MP257AAL3, STM32MP257CAI3, STM32MP257CAJ3, STM32MP257CAK3, STM32MP257CAL3, STM32MP257DAI3, STM32MP257DAJ3, STM32MP257DAK3, STM32MP257DAL3, STM32MP257F-DK, STM32MP257F-EV1, STM32MP257FAI3, STM32MP257FAJ3, STM32MP257FAK3, STM32MP257FAL3, STM32N645A0H3Q, STM32N645B0H3Q, STM32N645I0H3Q, STM32N645L0H3Q, STM32N645X0H3Q, STM32N645Z0H3Q, STM32N647A0H3Q, STM32N647B0H3Q, STM32N647I0H3Q, STM32N647L0H3Q, STM32N647X0H3Q, STM32N647Z0H3Q, STM32N655A0H3Q, STM32N655B0H3Q, STM32N655I0H3Q, STM32N655L0H3Q, STM32N655X0H3Q, STM32N655Z0H3Q, STM32N6570-DK, STM32N657A0H3Q, STM32N657B0H3Q, STM32N657I0H3Q, STM32N657L0H3Q, STM32N657X0H3Q, STM32N657Z0H3Q, STM32U031C6T6, STM32U031C6U6, STM32U031C8T6, STM32U031C8U6, STM32U031F4P6, STM32U031F6P6, STM32U031F8P6, STM32U031G6Y6TR, STM32U031G8Y6TR, STM32U031K4U6, STM32U031K6U6, STM32U031K8U6, STM32U031R6I6, STM32U031R6T6, STM32U031R8I6, STM32U031R8T6, STM32U073C8T6, STM32U073C8U6, STM32U073CBT6, STM32U073CBU6, STM32U073CCT6, STM32U073CCU6, STM32U073H8Y6TR, STM32U073HBY6TR, STM32U073HCY6TR, STM32U073K8U6, STM32U073KBU6, STM32U073KCU6, STM32U073M8I6, STM32U073M8T6, STM32U073MBI6, STM32U073MBT6, STM32U073MCI6, STM32U073MCT6, STM32U073R8I6, STM32U073R8T6, STM32U073RBI6, STM32U073RBT6, STM32U073RCI6, STM32U073RCT6, STM32U083C-DK, STM32U083CCT6, STM32U083CCU6, STM32U083HCY6TR, STM32U083KCU6, STM32U083MCI6, STM32U083MCT6, STM32U083RCI6, STM32U083RCT6, STM32U375CET6, STM32U375CET6Q, STM32U375CEU6, STM32U375CEU6Q, STM32U375CEY6QTR, STM32U375CGT6, STM32U375CGT6Q, STM32U375CGU6, STM32U375CGU6Q, STM32U375CGY6QTR, STM32U375KEU6, STM32U375KGU6, STM32U375REI6, STM32U375REI6Q, STM32U375RET6, STM32U375RET6Q, STM32U375REY6GTR, STM32U375REY6QTR, STM32U375RGI6, STM32U375RGI6Q, STM32U375RGT6, STM32U375RGT6Q, STM32U375RGY6GTR, STM32U375RGY6QTR, STM32U375VEI6, STM32U375VEI6Q, STM32U375VET6, STM32U375VET6Q, STM32U375VGI6, STM32U375VGI6Q, STM32U375VGT6, STM32U375VGT6Q, STM32U385CGT6, STM32U385CGT6Q, STM32U385CGU6, STM32U385CGU6Q, STM32U385CGY6QTR, STM32U385KGU6, STM32U385RGI6, STM32U385RGI6Q, STM32U385RGT6, STM32U385RGT6Q, STM32U385RGY6GTR, STM32U385RGY6QTR, STM32U385VGI6, STM32U385VGI6Q, STM32U385VGT6, STM32U385VGT6Q, STM32U535CBT6, STM32U535CBT6Q, STM32U535CBU6, STM32U535CBU6Q, STM32U535CCT6, STM32U535CCT6Q, STM32U535CCU6, STM32U535CCU6Q, STM32U535CET6, STM32U535CET6Q, STM32U535CEU6, STM32U535CEU6Q, STM32U535JEY6QTR, STM32U535NCY6QTR, STM32U535NEY6QTR, STM32U535RBI6, STM32U535RBI6Q, STM32U535RBT6, STM32U535RBT6Q, STM32U535RCI6, STM32U535RCI6Q, STM32U535RCT6, STM32U535RCT6Q, STM32U535REI6, STM32U535REI6Q, STM32U535RET6, STM32U535RET6Q, STM32U535VCI6, STM32U535VCI6Q, STM32U535VCT6, STM32U535VCT6Q, STM32U535VEI6, STM32U535VEI6Q, STM32U535VET6, STM32U535VET6Q, STM32U545CET6, STM32U545CET6Q, STM32U545CEU6, STM32U545CEU6Q, STM32U545JEY6QTR, STM32U545NEY6QTR, STM32U545REI6, STM32U545REI6Q, STM32U545RET6, STM32U545RET6Q, STM32U545VEI6, STM32U545VEI6Q, STM32U545VET6, STM32U545VET6Q, STM32U595AIH6, STM32U595AIH6Q, STM32U595AJH6, STM32U595AJH6Q, STM32U595QII6, STM32U595QII6Q, STM32U595QJI6, STM32U595QJI6Q, STM32U595RIT6, STM32U595RIT6Q, STM32U595RJT6, STM32U595RJT6Q, STM32U595VIT6, STM32U595VIT6Q, STM32U595VJT6, STM32U595VJT6Q, STM32U595ZIT6, STM32U595ZIT6Q, STM32U595ZIY6QTR, STM32U595ZJT6, STM32U595ZJT6Q, STM32U595ZJY6QTR, STM32U599BJY6QTR, STM32U599NIH6Q, STM32U599NJH6Q, STM32U599VIT6Q, STM32U599VJT6, STM32U599VJT6Q, STM32U599ZIT6Q, STM32U599ZIY6QTR, STM32U599ZJT6Q, STM32U599ZJY6QTR, STM32U5A5AJH6, STM32U5A5AJH6Q, STM32U5A5QII3Q , STM32U5A5QJI6, STM32U5A5QJI6Q, STM32U5A5RJT6, STM32U5A5RJT6Q, STM32U5A5VJT6, STM32U5A5VJT6Q, STM32U5A5ZJT6, STM32U5A5ZJT6Q, STM32U5A5ZJY6QTR, STM32U5A9BJY6QTR, STM32U5A9J-DK, STM32U5A9NJH6Q, STM32U5A9VJT6Q, STM32U5A9ZJT6Q, STM32U5A9ZJY6QTR, STM32U5F7VIT6, STM32U5F7VIT6Q, STM32U5F7VJT6, STM32U5F7VJT6Q, STM32U5F9BJY6QTR, STM32U5F9NJH6Q, STM32U5F9VIT6Q, STM32U5F9VJT6Q, STM32U5F9ZIJ6QTR, STM32U5F9ZIT6Q, STM32U5F9ZJJ6QTR, STM32U5F9ZJT6Q, STM32U5G7VJT6, STM32U5G7VJT6Q, STM32U5G9BJY6QTR, STM32U5G9J-DK1, STM32U5G9J-DK2, STM32U5G9NJH6Q, STM32U5G9VJT6Q, STM32U5G9ZJJ6QTR, STM32U5G9ZJT6Q, STM32WB05KZV6TR, STM32WB05KZV7TR, STM32WB05TZF6TR, STM32WB05TZF7TR, STM32WB06CCF6TR, STM32WB06CCF7TR, STM32WB06CCV6TR, STM32WB06CCV7TR, STM32WB06KCV6TR, STM32WB06KCV7TR, STM32WB07CCF6TR, STM32WB07CCF7TR, STM32WB07CCV6TR, STM32WB07CCV7TR, STM32WB07KCV6TR, STM32WB07KCV7TR, STM32WB09KEV6TR, STM32WB09KEV7TR, STM32WB09TEF6TR, STM32WB09TEF7TR, STM32WB1MMCH6, STM32WBA50KGU6, STM32WBA50KGU6TR, STM32WBA52CEU6, STM32WBA52CEU6TR, STM32WBA52CEU7, STM32WBA52CEU7TR, STM32WBA52CGU6, STM32WBA52CGU6TR, STM32WBA52CGU6U, STM32WBA52CGU7, STM32WBA52CGU7TR, STM32WBA52KEU6, STM32WBA52KEU6TR, STM32WBA52KGU6, STM32WBA52KGU6TR, STM32WBA54CEU6, STM32WBA54CEU6TR, STM32WBA54CEU7, STM32WBA54CEU7TR, STM32WBA54CGU6, STM32WBA54CGU6TR, STM32WBA54CGU7, STM32WBA54CGU7TR, STM32WBA54KEU6, STM32WBA54KEU6TR, STM32WBA54KEU7, STM32WBA54KEU7TR, STM32WBA54KGU6, STM32WBA54KGU6TR, STM32WBA54KGU7, STM32WBA54KGU7TR, STM32WBA55CEU6, STM32WBA55CEU6TR, STM32WBA55CEU7, STM32WBA55CEU7TR, STM32WBA55CGU6, STM32WBA55CGU6TR, STM32WBA55CGU6U, STM32WBA55CGU7, STM32WBA55CGU7TR, STM32WBA55G-DK1, STM32WBA55HEF6, STM32WBA55HEF7, STM32WBA55HGF6, STM32WBA55HGF7, STM32WBA55UEI6, STM32WBA55UEI6TR, STM32WBA55UEI7, STM32WBA55UEI7TR, STM32WBA55UGI6, STM32WBA55UGI6TR, STM32WBA55UGI7, STM32WBA55UGI7TR, STM32WBA5MJGH6TR, STM32WBA62CGU6, STM32WBA62CIU6, STM32WBA62MGF6, STM32WBA62MIF6, STM32WBA62PGI6, STM32WBA62PII6, STM32WBA63CGU6, STM32WBA63CGU7, STM32WBA63CIU6, STM32WBA63CIU7, STM32WBA64CGU6, STM32WBA64CGU7, STM32WBA64CIU6, STM32WBA64CIU7, STM32WBA65CGU6, STM32WBA65CGU7, STM32WBA65CIU6, STM32WBA65CIU7, STM32WBA65I-DK1, STM32WBA65MGF6, STM32WBA65MGF7, STM32WBA65MIF6, STM32WBA65MIF7, STM32WBA65PGI6, STM32WBA65PGI7, STM32WBA65PII6, STM32WBA65PII7, STM32WBA65RGV6, STM32WBA65RGV7, STM32WBA65RIV6, STM32WBA65RIV7, STM32WL30K8V6, STM32WL30KBV6, STM32WL31C8V6, STM32WL31CBV6, STM32WL31K8V6, STM32WL31KBV6, STM32WL33C8V6, STM32WL33C8V6TR, STM32WL33C8V7, STM32WL33C8V7TR, STM32WL33CBV6, STM32WL33CBV6TR, STM32WL33CBV7, STM32WL33CBV7TR, STM32WL33CCV6, STM32WL33CCV6TR, STM32WL33CCV7, STM32WL33CCV7A, STM32WL33CCV7ATR, STM32WL33CCV7TR, STM32WL33K8V6, STM32WL33K8V6TR, STM32WL33K8V7, STM32WL33K8V7TR, STM32WL33KBV6, STM32WL33KBV6TR, STM32WL33KBV7, STM32WL33KBV7TR, STM32WL33KCV6, STM32WL33KCV6TR, STM32WL33KCV7, STM32WL33KCV7TR, STM32WL5MOCH6, STM32WL5MOCH6TR]
2026-02-07 11:12:36,064 [INFO] DbMcus:218 - Found 4822 MCUs, 4822 are supported
2026-02-07 11:12:36,065 [INFO] ApiDb:423 - Load user favorites file C:\Users\Lenovo/.stm32cubeide/favorites.mcus.txt: 1 item(s)
2026-02-07 11:12:36,066 [INFO] ApiDb:427 - User favorites MCUs=[STM32F103C8T6]
2026-02-07 11:12:36,067 [INFO] DbMcus:224 - Set 1 / 1 favorites MCUs
2026-02-07 11:12:36,922 [INFO] BoardInfo:889 - No configuration file found for board P-NUCLEO-WB55
2026-02-07 11:12:36,923 [INFO] DbBoards:161 - Kit is not supported: P-NUCLEO-WB55
2026-02-07 11:12:36,931 [INFO] BoardInfo:889 - No configuration file found for board STEVAL-BFA001V1B
2026-02-07 11:12:36,933 [INFO] DbBoards:161 - Kit is not supported: STEVAL-BFA001V1B
2026-02-07 11:12:36,934 [INFO] BoardInfo:889 - No configuration file found for board STEVAL-BFA001V2B
2026-02-07 11:12:36,936 [INFO] DbBoards:161 - Kit is not supported: STEVAL-BFA001V2B
2026-02-07 11:12:37,182 [INFO] DbBoards:168 - Found 211 boards, 208 are supported
2026-02-07 11:12:37,182 [INFO] DbBoards:169 - Found 211 boards, 43 of them is supported for  Bsp
2026-02-07 11:12:37,185 [INFO] ApiDb:414 - User favorites file not found: C:\Users\Lenovo/.stm32cubeide/favorites.boards.txt
2026-02-07 11:12:37,185 [INFO] DbBoards:198 - Set 0 / 0 favorites Boards
2026-02-07 11:12:37,185 [INFO] McuFinderGlobals:76 - Set McuFinderConnectedMode to true
2026-02-07 11:12:37,200 [INFO] MultiScanPanel:200 - Auto-refresh data requested => check proxy status ongoing
2026-02-07 11:12:37,202 [INFO] FinderPluginLoader:95 - Searching for filters in installed packs
2026-02-07 11:12:38,736 [INFO] LoadUrlFilesThread:185 - End of LoadServerUrlFiles without Thread
2026-02-07 11:12:38,803 [INFO] DetailPanel:341 - Set advertising image to C:/Users/Lenovo/STM32Cube/Repository/\en.prom-stm32mp21-0126.png
2026-02-07 11:12:59,402 [INFO] McuResultTable:1403 - Unmark MCU STM32F103C8T6 as favorite
2026-02-07 11:12:59,779 [INFO] McuResultTable:1403 - Mark MCU STM32F103C8T6 as favorite
2026-02-07 11:13:13,869 [INFO] McuFinderGlobals:76 - Set McuFinderConnectedMode to true
2026-02-07 11:13:13,876 [INFO] ApiDb:448 - Save user favorites file C:\Users\Lenovo/.stm32cubeide/favorites.mcus.txt: 1 item(s)
2026-02-07 11:13:13,878 [INFO] ApiDb:452 - User favorites MCUs=[STM32F103C8T6]
2026-02-07 11:13:15,147 [ERROR] AdobePublisher:162 - Exception while opening the connection: java.net.UnknownHostException: stmicroelectronics.d3.sc.omtrdc.net
2026-02-07 11:13:15,147 [ERROR] AdobePublisher:162 - Exception while opening the connection: java.net.UnknownHostException: stmicroelectronics.d3.sc.omtrdc.net
2026-02-07 11:13:15,148 [ERROR] AdobePublisher:162 - Exception while opening the connection: java.net.UnknownHostException: stmicroelectronics.d3.sc.omtrdc.net
2026-02-07 11:13:15,148 [ERROR] AdobePublisher:162 - Exception while opening the connection: java.net.UnknownHostException: stmicroelectronics.d3.sc.omtrdc.net
2026-02-07 11:13:15,149 [ERROR] AdobePublisher:162 - Exception while opening the connection: java.net.UnknownHostException: stmicroelectronics.d3.sc.omtrdc.net
2026-02-07 11:57:37,129 [ERROR] AdobePublisher:162 - Exception while opening the connection: java.net.UnknownHostException: stmicroelectronics.d3.sc.omtrdc.net
2026-02-07 11:57:37,130 [ERROR] AdobePublisher:162 - Exception while opening the connection: java.net.UnknownHostException: stmicroelectronics.d3.sc.omtrdc.net
2026-02-07 11:57:37,131 [ERROR] AdobePublisher:162 - Exception while opening the connection: java.net.UnknownHostException: stmicroelectronics.d3.sc.omtrdc.net
2026-02-07 11:57:37,132 [ERROR] AdobePublisher:162 - Exception while opening the connection: java.net.UnknownHostException: stmicroelectronics.d3.sc.omtrdc.net
2026-02-07 11:57:37,133 [ERROR] AdobePublisher:162 - Exception while opening the connection: java.net.UnknownHostException: stmicroelectronics.d3.sc.omtrdc.net
2026-02-07 11:57:37,407 [ERROR] AdobePublisher:162 - Exception while opening the connection: java.net.UnknownHostException: stmicroelectronics.d3.sc.omtrdc.net
2026-02-07 11:57:37,407 [ERROR] AdobePublisher:162 - Exception while opening the connection: java.net.UnknownHostException: stmicroelectronics.d3.sc.omtrdc.net
2026-02-07 11:57:37,407 [ERROR] AdobePublisher:162 - Exception while opening the connection: java.net.UnknownHostException: stmicroelectronics.d3.sc.omtrdc.net
2026-02-07 11:57:37,407 [ERROR] AdobePublisher:162 - Exception while opening the connection: java.net.UnknownHostException: stmicroelectronics.d3.sc.omtrdc.net
2026-02-07 11:57:37,408 [ERROR] AdobePublisher:162 - Exception while opening the connection: java.net.UnknownHostException: stmicroelectronics.d3.sc.omtrdc.net
2026-02-07 12:01:00,222 [ERROR] ConfigurationRetriever:142 - IOException on connection: sw-center.st.com
2026-02-07 12:01:00,223 [ERROR] ConfigurationRetriever:142 - IOException on connection: sw-center.st.com
2026-02-07 12:01:00,223 [ERROR] ConfigurationRetriever:142 - IOException on connection: sw-center.st.com
2026-02-07 12:01:00,276 [ERROR] ConfigurationRetriever:142 - IOException on connection: sw-center.st.com
2026-02-07 12:01:00,277 [ERROR] ConfigurationRetriever:142 - IOException on connection: sw-center.st.com
2026-02-07 12:01:00,277 [ERROR] ConfigurationRetriever:142 - IOException on connection: sw-center.st.com
2026-02-07 13:33:47,412 [ERROR] AdobePublisher:162 - Exception while opening the connection: java.net.UnknownHostException: stmicroelectronics.d3.sc.omtrdc.net
2026-02-07 13:33:47,414 [ERROR] AdobePublisher:162 - Exception while opening the connection: java.net.UnknownHostException: stmicroelectronics.d3.sc.omtrdc.net
2026-02-07 13:33:47,415 [ERROR] AdobePublisher:162 - Exception while opening the connection: java.net.UnknownHostException: stmicroelectronics.d3.sc.omtrdc.net
2026-02-07 13:33:47,416 [ERROR] AdobePublisher:162 - Exception while opening the connection: java.net.UnknownHostException: stmicroelectronics.d3.sc.omtrdc.net
2026-02-07 13:33:47,416 [ERROR] AdobePublisher:162 - Exception while opening the connection: java.net.UnknownHostException: stmicroelectronics.d3.sc.omtrdc.net
2026-02-07 13:33:48,479 [ERROR] AdobePublisher:162 - Exception while opening the connection: java.net.UnknownHostException: stmicroelectronics.d3.sc.omtrdc.net
2026-02-07 13:33:48,480 [ERROR] AdobePublisher:162 - Exception while opening the connection: java.net.UnknownHostException: stmicroelectronics.d3.sc.omtrdc.net
2026-02-07 13:33:48,480 [ERROR] AdobePublisher:162 - Exception while opening the connection: java.net.UnknownHostException: stmicroelectronics.d3.sc.omtrdc.net
2026-02-07 13:33:48,481 [ERROR] AdobePublisher:162 - Exception while opening the connection: java.net.UnknownHostException: stmicroelectronics.d3.sc.omtrdc.net
2026-02-07 13:33:48,481 [ERROR] AdobePublisher:162 - Exception while opening the connection: java.net.UnknownHostException: stmicroelectronics.d3.sc.omtrdc.net
2026-02-07 13:44:08,976 [ERROR] AdobePublisher:162 - Exception while opening the connection: java.net.UnknownHostException: stmicroelectronics.d3.sc.omtrdc.net
2026-02-07 13:44:08,977 [ERROR] AdobePublisher:162 - Exception while opening the connection: java.net.UnknownHostException: stmicroelectronics.d3.sc.omtrdc.net
2026-02-07 13:44:08,978 [ERROR] AdobePublisher:162 - Exception while opening the connection: java.net.UnknownHostException: stmicroelectronics.d3.sc.omtrdc.net
2026-02-07 13:44:08,978 [ERROR] AdobePublisher:162 - Exception while opening the connection: java.net.UnknownHostException: stmicroelectronics.d3.sc.omtrdc.net
2026-02-07 13:44:08,979 [ERROR] AdobePublisher:162 - Exception while opening the connection: java.net.UnknownHostException: stmicroelectronics.d3.sc.omtrdc.net
2026-02-07 13:44:09,789 [ERROR] LogOutputStream:75 - [STDERR_REDIRECT] 
2026-02-07 14:32:47,131 [INFO] Activator:176 - 


2026-02-07 14:32:47,134 [INFO] Activator:177 - !SESSION log4j initialized
2026-02-07 14:32:53,555 [INFO] LogOutputStream:77 - [STDOUT_REDIRECT] 
2026-02-07 14:32:55,255 [INFO] ApplicationProperties:184 - Using Application install path: C:\ST\STM32CubeIDE_1.18.1\STM32CubeIDE\plugins\com.st.stm32cube.common.mx_6.14.1.202504091515
2026-02-07 14:32:55,274 [INFO] DbMcusXml:78 - Set database path to: C:\ST\STM32CubeIDE_1.18.1\STM32CubeIDE\plugins\com.st.stm32cube.common.mx_6.14.1.202504091515\\db\/mcu/
2026-02-07 14:32:55,274 [INFO] ApiDb:274 - Set plugin database path to: C:\ST\STM32CubeIDE_1.18.1\STM32CubeIDE\plugins\com.st.stm32cube.common.mx_6.14.1.202504091515\\db\/plugins/boardmanager/
2026-02-07 14:32:55,275 [WARN] ApiDb:259 - Overriding images path with different value:  => C:\ST\STM32CubeIDE_1.18.1\STM32CubeIDE\plugins\com.st.stm32cube.common.mx_6.14.1.202504091515\\db\/plugins/mcufinder/images/
2026-02-07 14:32:55,283 [INFO] ApiDb:250 - Set database path to: C:\Users\Lenovo\.stmcufinder\plugins\mcufinder//mcu/
2026-02-07 14:32:55,284 [INFO] DbMcusAds:125 - Set database path to: C:\Users\Lenovo\.stmcufinder\plugins\mcufinder//mcu/
2026-02-07 14:32:55,287 [INFO] CrossReferenceDbSqlite:203 - Set database path to: C:\Users\Lenovo\.stmcufinder\plugins\mcufinder//mcu/cs/
2026-02-07 14:32:55,405 [INFO] RulesReader:64 - Compatibility file has been processed (302 Rules)
2026-02-07 14:32:55,499 [INFO] DbMcusXml:78 - Set database path to: C:\ST\STM32CubeIDE_1.18.1\STM32CubeIDE\plugins\com.st.stm32cube.common.mx_6.14.1.202504091515\\db\/mcu/
2026-02-07 14:32:55,499 [INFO] ApiDb:274 - Set plugin database path to: C:\ST\STM32CubeIDE_1.18.1\STM32CubeIDE\plugins\com.st.stm32cube.common.mx_6.14.1.202504091515\\db\/plugins/boardmanager/
2026-02-07 14:32:55,499 [INFO] ApiDb:261 - Set plugin images path to: C:\ST\STM32CubeIDE_1.18.1\STM32CubeIDE\plugins\com.st.stm32cube.common.mx_6.14.1.202504091515\\db\/plugins/mcufinder/images/
2026-02-07 14:32:55,499 [WARN] DbFile:41 - Overriding database path with different value: C:\Users\Lenovo\.stmcufinder\plugins\mcufinder/ => C:\Users\Lenovo\.stmcufinder\plugins\mcufinder
2026-02-07 14:32:55,499 [INFO] ApiDb:250 - Set database path to: C:\Users\Lenovo\.stmcufinder\plugins\mcufinder//mcu/
2026-02-07 14:32:55,499 [WARN] DbFile:41 - Overriding database path with different value: C:\Users\Lenovo\.stmcufinder\plugins\mcufinder/ => C:\Users\Lenovo\.stmcufinder\plugins\mcufinder
2026-02-07 14:32:55,499 [INFO] DbMcusAds:125 - Set database path to: C:\Users\Lenovo\.stmcufinder\plugins\mcufinder//mcu/
2026-02-07 14:32:55,499 [WARN] DbFile:41 - Overriding database path with different value: C:\Users\Lenovo\.stmcufinder\plugins\mcufinder/ => C:\Users\Lenovo\.stmcufinder\plugins\mcufinder
2026-02-07 14:32:55,500 [WARN] DbFile:41 - Overriding database path with different value: C:\Users\Lenovo\.stmcufinder\plugins\mcufinder/ => C:\Users\Lenovo\.stmcufinder\plugins\mcufinder
2026-02-07 14:32:55,500 [INFO] CrossReferenceDbSqlite:203 - Set database path to: C:\Users\Lenovo\.stmcufinder\plugins\mcufinder//mcu/cs/
2026-02-07 14:32:55,580 [INFO] MainPanel:272 - HeapMemory: 268435456
2026-02-07 14:32:55,701 [INFO] DbMcusXml:78 - Set database path to: C:\ST\STM32CubeIDE_1.18.1\STM32CubeIDE\plugins\com.st.stm32cube.common.mx_6.14.1.202504091515\\db\/mcu/
2026-02-07 14:32:55,701 [INFO] ApiDb:274 - Set plugin database path to: C:\ST\STM32CubeIDE_1.18.1\STM32CubeIDE\plugins\com.st.stm32cube.common.mx_6.14.1.202504091515\\db\/plugins/boardmanager/
2026-02-07 14:32:55,701 [INFO] ApiDb:261 - Set plugin images path to: C:\ST\STM32CubeIDE_1.18.1\STM32CubeIDE\plugins\com.st.stm32cube.common.mx_6.14.1.202504091515\\db\/plugins/mcufinder/images/
2026-02-07 14:32:55,702 [WARN] DbFile:41 - Overriding database path with different value: C:\Users\Lenovo\.stmcufinder\plugins\mcufinder/ => C:\Users\Lenovo\.stmcufinder\plugins\mcufinder
2026-02-07 14:32:55,702 [INFO] ApiDb:250 - Set database path to: C:\Users\Lenovo\.stmcufinder\plugins\mcufinder//mcu/
2026-02-07 14:32:55,702 [WARN] DbFile:41 - Overriding database path with different value: C:\Users\Lenovo\.stmcufinder\plugins\mcufinder/ => C:\Users\Lenovo\.stmcufinder\plugins\mcufinder
2026-02-07 14:32:55,702 [INFO] DbMcusAds:125 - Set database path to: C:\Users\Lenovo\.stmcufinder\plugins\mcufinder//mcu/
2026-02-07 14:32:55,702 [WARN] DbFile:41 - Overriding database path with different value: C:\Users\Lenovo\.stmcufinder\plugins\mcufinder/ => C:\Users\Lenovo\.stmcufinder\plugins\mcufinder
2026-02-07 14:32:55,702 [WARN] DbFile:41 - Overriding database path with different value: C:\Users\Lenovo\.stmcufinder\plugins\mcufinder/ => C:\Users\Lenovo\.stmcufinder\plugins\mcufinder
2026-02-07 14:32:55,702 [INFO] CrossReferenceDbSqlite:203 - Set database path to: C:\Users\Lenovo\.stmcufinder\plugins\mcufinder//mcu/cs/
2026-02-07 14:32:55,722 [INFO] ApplicationProperties:184 - Using Application install path: C:\ST\STM32CubeIDE_1.18.1\STM32CubeIDE\plugins\com.st.stm32cube.common.mx_6.14.1.202504091515
2026-02-07 14:32:55,724 [INFO] PluginManage:196 - Search for loadable plugins [exclusion list=, ]
2026-02-07 14:32:55,725 [INFO] PluginManage:310 - Check plugin analytics
2026-02-07 14:32:55,904 [INFO] AnalyticsPlugin:253 - Accepted Software Licenses: 
2026-02-07 14:32:55,904 [INFO] AnalyticsPlugin:255 - Accepted CMSIS Pack Licenses: 
2026-02-07 14:32:55,904 [INFO] AnalyticsPlugin:257 - Accepted Firmware Licenses: 
2026-02-07 14:32:55,906 [INFO] PluginManage:359 - Loaded plugin analytics (category:tool,tabindex:-1)
2026-02-07 14:32:55,907 [INFO] PluginManage:310 - Check plugin cadmodel
2026-02-07 14:32:55,913 [INFO] CADModel:105 - Init CAD model plugin
2026-02-07 14:32:55,914 [INFO] PluginManage:359 - Loaded plugin cadmodel (category:power,tabindex:5)
2026-02-07 14:32:55,914 [INFO] PluginManage:310 - Check plugin clock
2026-02-07 14:32:55,929 [INFO] PluginManage:359 - Loaded plugin clock (category:base,tabindex:2)
2026-02-07 14:32:55,929 [INFO] PluginManage:310 - Check plugin ddr
2026-02-07 14:32:55,935 [INFO] PluginManage:359 - Loaded plugin ddr (category:tool,tabindex:6)
2026-02-07 14:32:55,935 [INFO] PluginManage:310 - Check plugin filemanager
2026-02-07 14:32:56,079 [INFO] PluginManage:359 - Loaded plugin filemanager (category:base,tabindex:10)
2026-02-07 14:32:56,079 [INFO] PluginManage:310 - Check plugin ipmanager
2026-02-07 14:32:56,087 [INFO] PluginManage:359 - Loaded plugin ipmanager (category:base,tabindex:5)
2026-02-07 14:32:56,088 [INFO] PluginManage:310 - Check plugin lpbam
2026-02-07 14:32:56,096 [INFO] PluginManage:359 - Loaded plugin lpbam (category:base,tabindex:0)
2026-02-07 14:32:56,096 [INFO] PluginManage:310 - Check plugin memorymap
2026-02-07 14:32:56,110 [INFO] PluginManage:359 - Loaded plugin memorymap (category:base,tabindex:4)
2026-02-07 14:32:56,110 [INFO] PluginManage:310 - Check plugin pinoutandconfiguration
2026-02-07 14:32:56,121 [INFO] PluginManage:359 - Loaded plugin pinoutandconfiguration (category:base,tabindex:1)
2026-02-07 14:32:56,121 [INFO] PluginManage:310 - Check plugin pinoutconfig
2026-02-07 14:32:56,216 [WARN] SupportedApi:132 - Cannot load RTOS API schema: s4s-elt-must-match.1: The content of 'definitions' must match (annotation?, (simpleType | complexType)?, (unique | key | keyref)*)). A problem was found starting at: attribute.
2026-02-07 14:32:56,407 [INFO] PluginManage:359 - Loaded plugin pinoutconfig (category:base,tabindex:0)
2026-02-07 14:32:56,407 [INFO] PluginManage:310 - Check plugin power
2026-02-07 14:32:56,420 [INFO] PluginManage:359 - Loaded plugin power (category:power,tabindex:4)
2026-02-07 14:32:56,420 [INFO] PluginManage:310 - Check plugin projectmanager
2026-02-07 14:32:56,437 [INFO] PluginManage:359 - Loaded plugin projectmanager (category:projectmanager,tabindex:4)
2026-02-07 14:32:56,438 [INFO] PluginManage:310 - Check plugin rif
2026-02-07 14:32:56,464 [INFO] PluginManage:359 - Loaded plugin rif (category:base,tabindex:3)
2026-02-07 14:32:56,465 [INFO] PluginManage:310 - Check plugin thirdparty
2026-02-07 14:32:56,810 [INFO] PluginManage:359 - Loaded plugin thirdparty (category:base,tabindex:-1)
2026-02-07 14:32:56,810 [WARN] IntegrityCheckThread:84 - waiting for thirdparty lock release [integrity check]
2026-02-07 14:32:56,811 [INFO] PluginManage:310 - Check plugin tools
2026-02-07 14:32:56,811 [INFO] IntegrityCheckThread:86 - entering critical section [integrity check]
2026-02-07 14:32:56,812 [INFO] ThirdPartyUpdaterWithRetryManager:70 - Updater plugin not ready yet. [1/15]
2026-02-07 14:32:56,816 [INFO] PluginManage:359 - Loaded plugin tools (category:base,tabindex:7)
2026-02-07 14:32:56,817 [INFO] PluginManage:310 - Check plugin tutovideos
2026-02-07 14:32:57,052 [INFO] PluginManage:359 - Loaded plugin tutovideos (category:base,tabindex:-1)
2026-02-07 14:32:57,053 [INFO] PluginManage:310 - Check plugin updater
2026-02-07 14:32:57,078 [INFO] PluginManage:359 - Loaded plugin updater (category:base,tabindex:12)
2026-02-07 14:32:57,078 [INFO] PluginManage:310 - Check plugin userauth
2026-02-07 14:32:57,082 [INFO] UserAuth:118 - Init User Auth plugin
2026-02-07 14:32:57,084 [INFO] PluginManage:359 - Loaded plugin userauth (category:base,tabindex:14)
2026-02-07 14:32:57,085 [INFO] PluginManage:283 - PluginManage : Loaded plugins [18]
2026-02-07 14:32:57,358 [INFO] PinOutPanel:1589 - setPackage(No Configuration,No Configuration)
2026-02-07 14:32:57,460 [INFO] CADModel:165 - CPN selected for project level
2026-02-07 14:32:57,460 [INFO] CADModel:114 - Register for checkConnection events
2026-02-07 14:32:57,483 [INFO] IPUIPlugin:80 - create IPUIPlugin
2026-02-07 14:32:57,483 [INFO] PluginManager:220 - loadIPPluginJar : add adc
2026-02-07 14:32:57,487 [INFO] IPUIPlugin:80 - create IPUIPlugin
2026-02-07 14:32:57,487 [INFO] PluginManager:220 - loadIPPluginJar : add aes
2026-02-07 14:32:57,491 [INFO] IPUIPlugin:80 - create IPUIPlugin
2026-02-07 14:32:57,492 [INFO] PluginManager:220 - loadIPPluginJar : add can
2026-02-07 14:32:57,494 [INFO] IPUIPlugin:80 - create IPUIPlugin
2026-02-07 14:32:57,495 [INFO] PluginManager:220 - loadIPPluginJar : add comp
2026-02-07 14:32:57,499 [INFO] IPUIPlugin:80 - create IPUIPlugin
2026-02-07 14:32:57,499 [INFO] PluginManager:220 - loadIPPluginJar : add cryp
2026-02-07 14:32:57,520 [INFO] IPUIPlugin:80 - create IPUIPlugin
2026-02-07 14:32:57,520 [INFO] PluginManager:220 - loadIPPluginJar : add ddr_ctrl_phy
2026-02-07 14:32:57,524 [INFO] IPUIPlugin:80 - create IPUIPlugin
2026-02-07 14:32:57,525 [INFO] PluginManager:220 - loadIPPluginJar : add dfsdm
2026-02-07 14:32:57,532 [INFO] IPUIPlugin:80 - create IPUIPlugin
2026-02-07 14:32:57,533 [INFO] PluginManager:220 - loadIPPluginJar : add dma
2026-02-07 14:32:57,536 [INFO] IPUIPlugin:80 - create IPUIPlugin
2026-02-07 14:32:57,536 [INFO] PluginManager:220 - loadIPPluginJar : add dma3
2026-02-07 14:32:57,540 [INFO] IPUIPlugin:80 - create IPUIPlugin
2026-02-07 14:32:57,541 [INFO] PluginManager:220 - loadIPPluginJar : add extmemmanager
2026-02-07 14:32:57,543 [INFO] IPUIPlugin:80 - create IPUIPlugin
2026-02-07 14:32:57,543 [INFO] PluginManager:220 - loadIPPluginJar : add fatfs
2026-02-07 14:32:57,550 [INFO] IPUIPlugin:80 - create IPUIPlugin
2026-02-07 14:32:57,550 [INFO] PluginManager:220 - loadIPPluginJar : add fmc
2026-02-07 14:32:57,559 [INFO] IPUIPlugin:80 - create IPUIPlugin
2026-02-07 14:32:57,559 [INFO] PluginManager:220 - loadIPPluginJar : add freertos
2026-02-07 14:32:57,562 [INFO] IPUIPlugin:80 - create IPUIPlugin
2026-02-07 14:32:57,562 [INFO] PluginManager:220 - loadIPPluginJar : add genericplugin
2026-02-07 14:32:57,565 [INFO] IPUIPlugin:80 - create IPUIPlugin
2026-02-07 14:32:57,566 [INFO] PluginManager:220 - loadIPPluginJar : add gfxmmu
2026-02-07 14:32:57,573 [INFO] IPUIPlugin:80 - create IPUIPlugin
2026-02-07 14:32:57,573 [INFO] PluginManager:220 - loadIPPluginJar : add gic
2026-02-07 14:32:57,579 [INFO] IPUIPlugin:80 - create IPUIPlugin
2026-02-07 14:32:57,579 [INFO] PluginManager:220 - loadIPPluginJar : add gpio
2026-02-07 14:32:57,583 [INFO] IPUIPlugin:80 - create IPUIPlugin
2026-02-07 14:32:57,584 [INFO] PluginManager:220 - loadIPPluginJar : add gtzc
2026-02-07 14:32:57,588 [INFO] IPUIPlugin:80 - create IPUIPlugin
2026-02-07 14:32:57,588 [INFO] PluginManager:220 - loadIPPluginJar : add hash
2026-02-07 14:32:57,592 [INFO] IPUIPlugin:80 - create IPUIPlugin
2026-02-07 14:32:57,592 [INFO] PluginManager:220 - loadIPPluginJar : add i2c
2026-02-07 14:32:57,596 [INFO] IPUIPlugin:80 - create IPUIPlugin
2026-02-07 14:32:57,596 [INFO] PluginManager:220 - loadIPPluginJar : add i2s
2026-02-07 14:32:57,601 [INFO] IPUIPlugin:80 - create IPUIPlugin
2026-02-07 14:32:57,602 [INFO] PluginManager:220 - loadIPPluginJar : add i3c
2026-02-07 14:32:57,787 [INFO] IPUIPlugin:80 - create IPUIPlugin
2026-02-07 14:32:57,787 [INFO] PluginManager:220 - loadIPPluginJar : add ipddr
2026-02-07 14:32:57,798 [INFO] IPUIPlugin:80 - create IPUIPlugin
2026-02-07 14:32:57,798 [INFO] PluginManager:220 - loadIPPluginJar : add linkedlist
2026-02-07 14:32:57,806 [INFO] IPUIPlugin:80 - create IPUIPlugin
2026-02-07 14:32:57,807 [INFO] PluginManager:220 - loadIPPluginJar : add lorawan
2026-02-07 14:32:57,810 [INFO] IPUIPlugin:80 - create IPUIPlugin
2026-02-07 14:32:57,810 [INFO] PluginManager:220 - loadIPPluginJar : add ltdc
2026-02-07 14:32:57,820 [INFO] IPUIPlugin:80 - create IPUIPlugin
2026-02-07 14:32:57,820 [INFO] PluginManager:220 - loadIPPluginJar : add mdma
2026-02-07 14:32:57,826 [INFO] IPUIPlugin:80 - create IPUIPlugin
2026-02-07 14:32:57,826 [INFO] PluginManager:220 - loadIPPluginJar : add nvic
2026-02-07 14:32:57,831 [INFO] IPUIPlugin:80 - create IPUIPlugin
2026-02-07 14:32:57,832 [INFO] PluginManager:220 - loadIPPluginJar : add opamp
2026-02-07 14:32:57,837 [INFO] IPUIPlugin:80 - create IPUIPlugin
2026-02-07 14:32:57,838 [INFO] PluginManager:220 - loadIPPluginJar : add openamp
2026-02-07 14:32:57,845 [INFO] IPUIPlugin:80 - create IPUIPlugin
2026-02-07 14:32:57,845 [INFO] PluginManager:220 - loadIPPluginJar : add pdm2pcm
2026-02-07 14:32:57,855 [INFO] IPUIPlugin:80 - create IPUIPlugin
2026-02-07 14:32:57,859 [INFO] PluginManager:220 - loadIPPluginJar : add plateformsettings
2026-02-07 14:32:57,862 [INFO] IPUIPlugin:80 - create IPUIPlugin
2026-02-07 14:32:57,862 [INFO] PluginManager:220 - loadIPPluginJar : add quadspi
2026-02-07 14:32:57,865 [INFO] IPUIPlugin:80 - create IPUIPlugin
2026-02-07 14:32:57,866 [INFO] PluginManager:220 - loadIPPluginJar : add radio
2026-02-07 14:32:57,873 [INFO] IPUIPlugin:80 - create IPUIPlugin
2026-02-07 14:32:57,873 [INFO] PluginManager:220 - loadIPPluginJar : add resmgrutility
2026-02-07 14:32:57,879 [INFO] IPUIPlugin:80 - create IPUIPlugin
2026-02-07 14:32:57,879 [INFO] PluginManager:220 - loadIPPluginJar : add sai
2026-02-07 14:32:57,885 [INFO] IPUIPlugin:80 - create IPUIPlugin
2026-02-07 14:32:57,885 [INFO] PluginManager:220 - loadIPPluginJar : add spi
2026-02-07 14:32:57,894 [INFO] IPUIPlugin:80 - create IPUIPlugin
2026-02-07 14:32:57,894 [INFO] PluginManager:220 - loadIPPluginJar : add stm32_wpan
2026-02-07 14:32:57,898 [INFO] IPUIPlugin:80 - create IPUIPlugin
2026-02-07 14:32:57,898 [INFO] PluginManager:220 - loadIPPluginJar : add tim
2026-02-07 14:32:57,907 [INFO] IPUIPlugin:80 - create IPUIPlugin
2026-02-07 14:32:57,908 [INFO] PluginManager:220 - loadIPPluginJar : add touchsensing
2026-02-07 14:32:57,918 [INFO] IPUIPlugin:80 - create IPUIPlugin
2026-02-07 14:32:57,919 [INFO] PluginManager:220 - loadIPPluginJar : add tracer_emb
2026-02-07 14:32:57,923 [INFO] IPUIPlugin:80 - create IPUIPlugin
2026-02-07 14:32:57,923 [INFO] PluginManager:220 - loadIPPluginJar : add ts
2026-02-07 14:32:57,928 [INFO] IPUIPlugin:80 - create IPUIPlugin
2026-02-07 14:32:57,929 [INFO] PluginManager:220 - loadIPPluginJar : add tsc
2026-02-07 14:32:57,935 [INFO] IPUIPlugin:80 - create IPUIPlugin
2026-02-07 14:32:57,935 [INFO] PluginManager:220 - loadIPPluginJar : add ucpd
2026-02-07 14:32:57,943 [INFO] IPUIPlugin:80 - create IPUIPlugin
2026-02-07 14:32:57,943 [INFO] PluginManager:220 - loadIPPluginJar : add usart
2026-02-07 14:32:57,952 [INFO] IPUIPlugin:80 - create IPUIPlugin
2026-02-07 14:32:57,953 [INFO] PluginManager:220 - loadIPPluginJar : add usbx
2026-02-07 14:32:58,128 [FATAL] Updater:351 - Updater called before beeing initialized
2026-02-07 14:32:58,158 [INFO] RulesReader:64 - Compatibility file has been processed (302 Rules)
2026-02-07 14:32:58,170 [INFO] RulesReader:64 - Compatibility file has been processed (302 Rules)
2026-02-07 14:32:58,187 [INFO] CADModel:165 - CPN selected for project level
2026-02-07 14:32:58,187 [INFO] CADModel:114 - Register for checkConnection events
2026-02-07 14:32:58,187 [FATAL] Updater:351 - Updater called before beeing initialized
2026-02-07 14:32:58,187 [ERROR] CADModel:125 - Updater not yet initialized, retry later 
2026-02-07 14:32:58,349 [FATAL] Updater:351 - Updater called before beeing initialized
2026-02-07 14:32:58,351 [INFO] CADModel:165 - CPN selected for project level
2026-02-07 14:32:58,351 [INFO] CADModel:114 - Register for checkConnection events
2026-02-07 14:32:58,351 [FATAL] Updater:351 - Updater called before beeing initialized
2026-02-07 14:32:58,351 [ERROR] CADModel:125 - Updater not yet initialized, retry later 
2026-02-07 14:32:58,355 [FATAL] Updater:351 - Updater called before beeing initialized
2026-02-07 14:32:58,497 [FATAL] Updater:351 - Updater called before beeing initialized
2026-02-07 14:32:58,511 [INFO] DbMcusAds:53 - JSON generation date=Thu Jan 08 22:57:51 ICT 2026 (1767887871456)
2026-02-07 14:32:58,511 [FATAL] Updater:351 - Updater called before beeing initialized
2026-02-07 14:32:58,547 [WARN] DetailPanel:346 - Failed to get advertising image, set to default
2026-02-07 14:32:58,764 [FATAL] Updater:351 - Updater called before beeing initialized
2026-02-07 14:32:58,766 [FATAL] Updater:351 - Updater called before beeing initialized
2026-02-07 14:32:58,766 [FATAL] Updater:351 - Updater called before beeing initialized
2026-02-07 14:32:58,767 [WARN] DetailPanel:346 - Failed to get advertising image, set to default
2026-02-07 14:32:58,767 [FATAL] Updater:351 - Updater called before beeing initialized
2026-02-07 14:32:58,818 [ERROR] Updater:1198 - MainUpdater not yet initialized. External WinMGr cannot be set.
2026-02-07 14:32:58,833 [INFO] Updater:1134 - Updater Version found : 6.14.1
2026-02-07 14:32:58,852 [INFO] ApplicationProperties:184 - Using Application install path: C:\ST\STM32CubeIDE_1.18.1\STM32CubeIDE\plugins\com.st.stm32cube.common.mx_6.14.1.202504091515
2026-02-07 14:32:59,814 [INFO] ThirdPartyUpdaterWithRetryManager:70 - Updater plugin not ready yet. [2/15]
2026-02-07 14:33:00,435 [ERROR] LogOutputStream:75 - [STDERR_REDIRECT] Feb 07, 2026 2:33:00 PM java.util.prefs.WindowsPreferences <init>
2026-02-07 14:33:00,436 [ERROR] LogOutputStream:75 - [STDERR_REDIRECT] WARNING: Could not open/create prefs root node Software\JavaSoft\Prefs at root 0xffffffff80000002. Windows RegCreateKeyEx(...) returned error code 5.
2026-02-07 14:33:00,437 [ERROR] LogOutputStream:75 - [STDERR_REDIRECT] 
2026-02-07 14:33:00,896 [INFO] MainUpdater:2872 - connection check result : 10
2026-02-07 14:33:00,897 [INFO] MainUpdater:3566 - Updater definition file requires update
2026-02-07 14:33:00,898 [INFO] MainUpdater:289 - Updater Check For Update Now.
2026-02-07 14:33:00,899 [INFO] MicroXplorer:498 - Change Database Version : DB.6.0.141
2026-02-07 14:33:00,929 [INFO] McuFinderGlobals:63 - Set McuFinder mode to 2 (CubeIDE integrated)
2026-02-07 14:33:00,929 [INFO] UserAuth:171 - activating auth plugin
2026-02-07 14:33:00,933 [INFO] UserAuth:484 - Internet connection configuration mode: 1
2026-02-07 14:33:00,970 [INFO] JxBrowserEngine:152 - Initiate JxBrowser Engine with user profile folder
2026-02-07 14:33:00,979 [INFO] ServerAccessManage:473 - Download File updaters.zip
2026-02-07 14:33:01,128 [INFO] FileExtend:242 - Unzip File : updaters.zip
2026-02-07 14:33:01,146 [INFO] FileExtend:257 - Standard Zip Deflate
2026-02-07 14:33:02,818 [WARN] MainUpdater:1193 - Updater busy. Cannot search thirdparties
2026-02-07 14:33:02,819 [INFO] ThirdPartyUpdaterWithRetryManager:96 - Updater plugin is busy. [1/15]
2026-02-07 14:33:03,198 [INFO] ServerAccessManage:473 - Download File PacksControlFlags.xml
2026-02-07 14:33:03,416 [INFO] ServerAccessManage:473 - Download File cubemx.pidx
2026-02-07 14:33:04,254 [INFO] WebApp:169 - Instantiating new browser for Auth
2026-02-07 14:33:05,002 [INFO] ServerAccessManage:473 - Download File STMicroelectronics.X-CUBE-NFC6.pdsc
2026-02-07 14:33:05,358 [INFO] WebApp:463 - Apply proxy settings
2026-02-07 14:33:05,359 [INFO] WebApp:548 - Chromium requires no authentication
2026-02-07 14:33:05,367 [INFO] WebApp:491 - Direct internet connection detected
2026-02-07 14:33:05,398 [INFO] WebApp:894 - Register for checkConnection events
2026-02-07 14:33:05,398 [INFO] WebApp:463 - Apply proxy settings
2026-02-07 14:33:05,398 [INFO] WebApp:548 - Chromium requires no authentication
2026-02-07 14:33:05,399 [INFO] WebApp:491 - Direct internet connection detected
2026-02-07 14:33:05,680 [INFO] WebApp:191 - Connection restablished
2026-02-07 14:33:05,714 [INFO] WebApp:225 - Starting web application
2026-02-07 14:33:05,715 [INFO] WebApp:593 - Web application path used C:\ST\STM32CubeIDE_1.18.1\STM32CubeIDE\plugins\com.st.stm32cube.common.mx_6.14.1.202504091515\db\plugins\mcufinder\reactClient1\index.html
2026-02-07 14:33:05,807 [INFO] ServerAccessManage:473 - Download File STMicroelectronics.X-CUBE-ST67W61.pdsc
2026-02-07 14:33:05,822 [WARN] MainUpdater:1193 - Updater busy. Cannot search thirdparties
2026-02-07 14:33:05,823 [INFO] ThirdPartyUpdaterWithRetryManager:96 - Updater plugin is busy. [2/15]
2026-02-07 14:33:06,156 [INFO] ServerAccessManage:473 - Download File STMicroelectronics.X-CUBE-STSE01.pdsc
2026-02-07 14:33:07,768 [WARN] PackLoader:240 - Cannot read IP mode file for STMicroelectronics.X-CUBE-NFC6.3.2.0
2026-02-07 14:33:07,785 [WARN] PopulateThirdPartyThread:106 - Error when creating pack: C:/Users/Lenovo/.stm32cubemx/thirdparties/pdsc/STMicroelectronics.X-CUBE-ST67W61.pdsc
2026-02-07 14:33:07,817 [WARN] PackLoader:240 - Cannot read IP mode file for STMicroelectronics.X-CUBE-STSE01.2.0.0
2026-02-07 14:33:07,822 [INFO] PopulateThirdPartyThread:66 - Ending populate Thread
2026-02-07 14:33:07,824 [INFO] ThirdParty:1030 - CMSIS Pack Vendor :STMicroelectronics X-CUBE-STSE01 2.0.0
2026-02-07 14:33:07,825 [INFO] ThirdParty:1030 - CMSIS Pack Vendor :STMicroelectronics X-CUBE-NFC6 3.2.0
2026-02-07 14:33:07,825 [INFO] LoadServerUpdatesThread:375 - End of LoadServerUpdate Thread
2026-02-07 14:33:07,924 [INFO] CheckServerUpdateThread:120 - End of CheckServer Thread
2026-02-07 14:33:09,048 [WARN] PackLoader:240 - Cannot read IP mode file for STMicroelectronics.FP-SNS-MOTENVWB1.1.4.0
2026-02-07 14:33:09,077 [WARN] PackLoader:240 - Cannot read IP mode file for STMicroelectronics.X-CUBE-SMBUS.2.1.0
2026-02-07 14:33:09,120 [WARN] PackLoader:240 - Cannot read IP mode file for STMicroelectronics.X-CUBE-AZRTOS-F7.1.1.0
2026-02-07 14:33:09,131 [WARN] PackLoader:240 - Cannot read IP mode file for Cesanta.I-CUBE-Mongoose.7.19.0
2026-02-07 14:33:09,154 [ERROR] Engine:466 - C:\Users\Lenovo\.stm32cubemx\thirdparties\pdsc\STMicroelectronics.FP-SNS-MOTENV1.5.1.0.pdsc: PDSC version is not supported
2026-02-07 14:33:09,178 [ERROR] Engine:466 - C:\Users\Lenovo\.stm32cubemx\thirdparties\pdsc\WES.I-CUBE-Cesium.1.4.0.pdsc: PDSC version is not supported
2026-02-07 14:33:09,220 [WARN] PackLoader:240 - Cannot read IP mode file for Infineon.AIROC-Wi-Fi-Bluetooth-STM32.1.7.1
2026-02-07 14:33:09,271 [WARN] PackLoader:240 - Cannot read IP mode file for STMicroelectronics.X-CUBE-AZRTOS-H7.3.4.0
2026-02-07 14:33:09,303 [WARN] PackLoader:240 - Cannot read IP mode file for STMicroelectronics.X-CUBE-DISPLAY.3.0.0
2026-02-07 14:33:09,329 [WARN] PackLoader:240 - Cannot read IP mode file for STMicroelectronics.X-CUBE-NFC10.1.0.0
2026-02-07 14:33:09,353 [WARN] PackLoader:240 - Cannot read IP mode file for STMicroelectronics.X-CUBE-ST60.1.1.0
2026-02-07 14:33:09,386 [WARN] PackLoader:240 - Cannot read IP mode file for emotas.I-CUBE-CANOPEN.1.3.0
2026-02-07 14:33:09,420 [WARN] PackLoader:240 - Cannot read IP mode file for STMicroelectronics.X-CUBE-GNSS1.7.1.0
2026-02-07 14:33:09,453 [WARN] PackLoader:240 - Cannot read IP mode file for STMicroelectronics.FP-SNS-SMARTAG2.1.2.0
2026-02-07 14:33:09,486 [INFO] LogOutputStream:77 - [STDOUT_REDIRECT] 1 : Invalid condition id : UX_CORESTACK_Condition cause : null
2026-02-07 14:33:09,487 [INFO] LogOutputStream:77 - [STDOUT_REDIRECT] 1 : Invalid condition id : UX_CORESTACK_Condition cause : null
2026-02-07 14:33:09,488 [INFO] LogOutputStream:77 - [STDOUT_REDIRECT] 1 : Invalid condition id : UX_CORESTACK_Condition cause : null
2026-02-07 14:33:09,490 [INFO] LogOutputStream:77 - [STDOUT_REDIRECT] 1 : Invalid condition id : UX_CORESTACK_Condition cause : null
2026-02-07 14:33:09,491 [INFO] LogOutputStream:77 - [STDOUT_REDIRECT] 1 : Invalid condition id : UX_CORESTACK_Condition cause : null
2026-02-07 14:33:09,494 [WARN] PackLoader:240 - Cannot read IP mode file for STMicroelectronics.X-CUBE-AZRTOS-WL.2.0.0
2026-02-07 14:33:09,535 [WARN] PackLoader:240 - Cannot read IP mode file for STMicroelectronics.X-CUBE-AZRTOS-H7RS.1.2.0
2026-02-07 14:33:09,558 [WARN] PackLoader:240 - Cannot read IP mode file for STMicroelectronics.X-CUBE-BLE2.3.3.0
2026-02-07 14:33:09,596 [WARN] PackLoader:240 - Cannot read IP mode file for STMicroelectronics.X-CUBE-NFC9.1.0.0
2026-02-07 14:33:09,617 [WARN] PackLoader:240 - Cannot read IP mode file for wolfSSL.I-CUBE-wolfSSL.5.8.2
2026-02-07 14:33:09,636 [WARN] PackLoader:240 - Cannot read IP mode file for STMicroelectronics.X-CUBE-BLE1.7.1.0
2026-02-07 14:33:09,642 [WARN] PackLoader:240 - Cannot read IP mode file for wolfSSL.I-CUBE-wolfMQTT.1.19.2
2026-02-07 14:33:09,655 [ERROR] Engine:466 - C:\Users\Lenovo\.stm32cubemx\thirdparties\pdsc\STMicroelectronics.X-CUBE-FREERTOS.1.4.0.pdsc: PDSC version is not supported
2026-02-07 14:33:09,673 [WARN] PackLoader:240 - Cannot read IP mode file for STMicroelectronics.X-CUBE-EEPRMA1.5.2.0
2026-02-07 14:33:09,692 [ERROR] Engine:466 - C:\Users\Lenovo\.stm32cubemx\thirdparties\pdsc\STMicroelectronics.X-CUBE-ST67W61.1.1.0.pdsc: PDSC version is not supported
2026-02-07 14:33:09,743 [WARN] PackLoader:240 - Cannot read IP mode file for STMicroelectronics.X-CUBE-MEMS1.12.0.0
2026-02-07 14:33:09,832 [WARN] PackLoader:240 - Cannot read IP mode file for STMicroelectronics.X-CUBE-AZRTOS-G0.1.1.0
2026-02-07 14:33:09,859 [WARN] PackLoader:240 - Cannot read IP mode file for STMicroelectronics.X-CUBE-SAFEA1.1.2.2
2026-02-07 14:33:09,888 [WARN] PackLoader:240 - Cannot read IP mode file for STMicroelectronics.X-CUBE-NFC4.3.0.0
2026-02-07 14:33:09,918 [WARN] PackLoader:240 - Cannot read IP mode file for EmbeddedOffice.I-CUBE-FS-RTOS.1.0.1
2026-02-07 14:33:09,955 [WARN] PackLoader:240 - Cannot read IP mode file for STMicroelectronics.X-CUBE-WB05N.2.0.0
2026-02-07 14:33:09,973 [WARN] PackLoader:240 - Cannot read IP mode file for wolfSSL.I-CUBE-wolfTPM.3.8.0
2026-02-07 14:33:10,011 [WARN] PackLoader:240 - Cannot read IP mode file for STMicroelectronics.X-CUBE-TCPP.4.2.0
2026-02-07 14:33:10,042 [WARN] PackLoader:240 - Cannot read IP mode file for RealThread.X-CUBE-RT-Thread_Nano.4.1.1
2026-02-07 14:33:10,051 [WARN] PackLoader:240 - Cannot read IP mode file for STMicroelectronics.FP-ATR-SIGFOX1.3.2.0
2026-02-07 14:33:10,079 [WARN] PackLoader:240 - Cannot read IP mode file for ITTIA_DB.I-CUBE-ITTIADB.8.9.0
2026-02-07 14:33:10,086 [WARN] PackLoader:240 - Cannot read IP mode file for STMicroelectronics.X-CUBE-NFC6.3.2.0
2026-02-07 14:33:10,117 [WARN] PackLoader:240 - Cannot read IP mode file for STMicroelectronics.X-CUBE-AI.10.2.0
2026-02-07 14:33:10,158 [WARN] PackLoader:240 - Cannot read IP mode file for SEGGER.I-CUBE-embOS.1.3.1
2026-02-07 14:33:10,199 [WARN] PackLoader:240 - Cannot read IP mode file for STMicroelectronics.X-CUBE-ALGOBUILD.1.4.0
2026-02-07 14:33:10,257 [WARN] PackLoader:240 - Cannot read IP mode file for STMicroelectronics.X-CUBE-MEMS1.11.3.0
2026-02-07 14:33:10,338 [WARN] PackLoader:240 - Cannot read IP mode file for STMicroelectronics.X-CUBE-PM33A1.1.0.0
2026-02-07 14:33:10,375 [WARN] PackLoader:240 - Cannot read IP mode file for STMicroelectronics.X-CUBE-AZRTOS-F4.1.1.0
2026-02-07 14:33:10,399 [WARN] PackLoader:240 - Cannot read IP mode file for STMicroelectronics.X-CUBE-ISPU.2.1.0
2026-02-07 14:33:10,423 [ERROR] Engine:466 - C:\Users\Lenovo\.stm32cubemx\thirdparties\pdsc\STMicroelectronics.X-CUBE-IPS.3.2.0.pdsc: PDSC version is not supported
2026-02-07 14:33:10,447 [WARN] PackLoader:240 - Cannot read IP mode file for STMicroelectronics.X-CUBE-NFC12.1.0.0
2026-02-07 14:33:10,482 [WARN] PackLoader:240 - Cannot read IP mode file for STMicroelectronics.X-CUBE-AZRTOS-L5.2.0.0
2026-02-07 14:33:10,506 [WARN] PackLoader:240 - Cannot read IP mode file for STMicroelectronics.X-CUBE-NFC6.3.1.0
2026-02-07 14:33:10,532 [WARN] PackLoader:240 - Cannot read IP mode file for STMicroelectronics.X-CUBE-FREERTOS.1.3.1
2026-02-07 14:33:10,555 [WARN] PackLoader:240 - Cannot read IP mode file for STMicroelectronics.X-CUBE-TOUCHGFX.4.26.0
2026-02-07 14:33:10,580 [WARN] PackLoader:240 - Cannot read IP mode file for STMicroelectronics.FP-SNS-STAIOTCFT.1.0.0
2026-02-07 14:33:10,601 [WARN] PackLoader:240 - Cannot read IP mode file for STMicroelectronics.X-CUBE-DPower.1.3.0
2026-02-07 14:33:10,634 [WARN] ConditionMgr:438 - getConditionDescription Invalid condition id : LAN8742 Phy interface Condition cause : null
2026-02-07 14:33:10,636 [WARN] PackLoader:240 - Cannot read IP mode file for STMicroelectronics.X-CUBE-AZRTOS-L4.2.0.0
2026-02-07 14:33:10,637 [WARN] ConditionMgr:1044 - genDependencies : Invalid condition id : LAN8742 Phy interface Condition cause : null
2026-02-07 14:33:10,637 [WARN] ConditionMgr:1044 - genDependencies : Invalid condition id : LAN8742 Phy interface Condition cause : null
2026-02-07 14:33:10,637 [WARN] ConditionMgr:1044 - genDependencies : Invalid condition id : LAN8742 Phy interface Condition cause : null
2026-02-07 14:33:10,660 [WARN] PackLoader:240 - Cannot read IP mode file for STMicroelectronics.X-CUBE-SFXS2LP1.4.0.0
2026-02-07 14:33:10,663 [ERROR] Engine:466 - C:\Users\Lenovo\.stm32cubemx\thirdparties\pdsc\STMicroelectronics.X-CUBE-ST67W61.1.2.0.pdsc: PDSC version is not supported
2026-02-07 14:33:10,687 [WARN] PackLoader:240 - Cannot read IP mode file for STMicroelectronics.X-CUBE-BLEMGR.4.1.0
2026-02-07 14:33:10,719 [WARN] ConditionMgr:438 - getConditionDescription Invalid condition id : UX DEVICE CLASS RTOS Condition cause : null
2026-02-07 14:33:10,720 [WARN] ConditionMgr:438 - getConditionDescription Invalid condition id : UX DEVICE CLASS RTOS Condition cause : null
2026-02-07 14:33:10,721 [WARN] PackLoader:240 - Cannot read IP mode file for STMicroelectronics.X-CUBE-AZRTOS-WB.2.0.0
2026-02-07 14:33:10,721 [WARN] ConditionMgr:1044 - genDependencies : Invalid condition id : UX DEVICE CLASS RTOS Condition cause : null
2026-02-07 14:33:10,722 [WARN] ConditionMgr:1044 - genDependencies : Invalid condition id : UX DEVICE CLASS RTOS Condition cause : null
2026-02-07 14:33:10,722 [WARN] ConditionMgr:1044 - genDependencies : Invalid condition id : UX DEVICE CLASS RTOS Condition cause : null
2026-02-07 14:33:10,722 [WARN] ConditionMgr:1044 - genDependencies : Invalid condition id : UX DEVICE CLASS RTOS Condition cause : null
2026-02-07 14:33:10,722 [WARN] ConditionMgr:1044 - genDependencies : Invalid condition id : UX DEVICE CLASS RTOS Condition cause : null
2026-02-07 14:33:10,741 [WARN] PackLoader:240 - Cannot read IP mode file for STMicroelectronics.X-CUBE-GNSS1.7.0.1
2026-02-07 14:33:10,749 [WARN] ConditionMgr:438 - getConditionDescription Invalid condition id : Cortex-A Device cause : null
2026-02-07 14:33:10,760 [WARN] ConditionMgr:1044 - genDependencies : Invalid condition id : Cortex-A Device cause : null
2026-02-07 14:33:10,761 [WARN] ConditionMgr:1044 - genDependencies : Invalid condition id : Cortex-A Device cause : null
2026-02-07 14:33:10,761 [WARN] ConditionMgr:1044 - genDependencies : Invalid condition id : Cortex-A Device cause : null
2026-02-07 14:33:10,768 [WARN] PackLoader:240 - Cannot read IP mode file for STMicroelectronics.X-CUBE-STSE01.2.0.0
2026-02-07 14:33:10,797 [WARN] PackLoader:240 - Cannot read IP mode file for STMicroelectronics.X-CUBE-SUBG2.5.0.0
2026-02-07 14:33:10,839 [WARN] PackLoader:240 - Cannot read IP mode file for STMicroelectronics.X-CUBE-AZRTOS-H7RS.1.1.0
2026-02-07 14:33:10,876 [WARN] PackLoader:240 - Cannot read IP mode file for STMicroelectronics.X-CUBE-AZRTOS-G4.2.0.0
2026-02-07 14:33:10,886 [WARN] PackLoader:240 - Cannot read IP mode file for wolfSSL.I-CUBE-wolfSSH.1.4.20
2026-02-07 14:33:10,906 [WARN] PackLoader:240 - Cannot read IP mode file for STMicroelectronics.X-CUBE-NFC7.2.0.0
2026-02-07 14:33:10,926 [WARN] PackLoader:240 - Cannot read IP mode file for STMicroelectronics.X-CUBE-ALS.1.0.2
2026-02-07 14:33:10,949 [WARN] PackLoader:240 - Cannot read IP mode file for STMicroelectronics.X-CUBE-STSE01.1.0.0
2026-02-07 14:33:10,977 [WARN] PackLoader:240 - Cannot read IP mode file for STMicroelectronics.X-CUBE-TOF1.3.4.3
2026-02-07 14:33:10,983 [INFO] ThirdParty:978 - Integrity check success = true
2026-02-07 14:33:10,983 [INFO] IntegrityCheckThread:100 - exiting critical section [integrity check]
2026-02-07 14:33:10,983 [INFO] IntegrityCheckThread:103 - End integrity checks thread
2026-02-07 16:12:12,870 [ERROR] ConfigurationRetriever:142 - IOException on connection: sw-center.st.com
2026-02-07 16:12:12,872 [ERROR] ConfigurationRetriever:142 - IOException on connection: sw-center.st.com
2026-02-07 16:12:12,873 [ERROR] ConfigurationRetriever:142 - IOException on connection: sw-center.st.com
2026-02-07 16:12:16,323 [ERROR] LogOutputStream:75 - [STDERR_REDIRECT] 
2026-02-07 16:12:16,325 [ERROR] LogOutputStream:75 - [STDERR_REDIRECT] 
2026-02-07 16:16:43,680 [INFO] Activator:176 - 


2026-02-07 16:16:43,682 [INFO] Activator:177 - !SESSION log4j initialized
2026-02-07 16:16:49,963 [INFO] LogOutputStream:77 - [STDOUT_REDIRECT] 
2026-02-07 16:16:51,647 [INFO] ApplicationProperties:184 - Using Application install path: C:\ST\STM32CubeIDE_1.18.1\STM32CubeIDE\plugins\com.st.stm32cube.common.mx_6.14.1.202504091515
2026-02-07 16:16:51,670 [INFO] DbMcusXml:78 - Set database path to: C:\ST\STM32CubeIDE_1.18.1\STM32CubeIDE\plugins\com.st.stm32cube.common.mx_6.14.1.202504091515\\db\/mcu/
2026-02-07 16:16:51,670 [INFO] ApiDb:274 - Set plugin database path to: C:\ST\STM32CubeIDE_1.18.1\STM32CubeIDE\plugins\com.st.stm32cube.common.mx_6.14.1.202504091515\\db\/plugins/boardmanager/
2026-02-07 16:16:51,671 [WARN] ApiDb:259 - Overriding images path with different value:  => C:\ST\STM32CubeIDE_1.18.1\STM32CubeIDE\plugins\com.st.stm32cube.common.mx_6.14.1.202504091515\\db\/plugins/mcufinder/images/
2026-02-07 16:16:51,679 [INFO] ApiDb:250 - Set database path to: C:\Users\Lenovo\.stmcufinder\plugins\mcufinder//mcu/
2026-02-07 16:16:51,681 [INFO] DbMcusAds:125 - Set database path to: C:\Users\Lenovo\.stmcufinder\plugins\mcufinder//mcu/
2026-02-07 16:16:51,684 [INFO] CrossReferenceDbSqlite:203 - Set database path to: C:\Users\Lenovo\.stmcufinder\plugins\mcufinder//mcu/cs/
2026-02-07 16:16:51,823 [INFO] RulesReader:64 - Compatibility file has been processed (302 Rules)
2026-02-07 16:16:51,923 [INFO] DbMcusXml:78 - Set database path to: C:\ST\STM32CubeIDE_1.18.1\STM32CubeIDE\plugins\com.st.stm32cube.common.mx_6.14.1.202504091515\\db\/mcu/
2026-02-07 16:16:51,923 [INFO] ApiDb:274 - Set plugin database path to: C:\ST\STM32CubeIDE_1.18.1\STM32CubeIDE\plugins\com.st.stm32cube.common.mx_6.14.1.202504091515\\db\/plugins/boardmanager/
2026-02-07 16:16:51,923 [INFO] ApiDb:261 - Set plugin images path to: C:\ST\STM32CubeIDE_1.18.1\STM32CubeIDE\plugins\com.st.stm32cube.common.mx_6.14.1.202504091515\\db\/plugins/mcufinder/images/
2026-02-07 16:16:51,923 [WARN] DbFile:41 - Overriding database path with different value: C:\Users\Lenovo\.stmcufinder\plugins\mcufinder/ => C:\Users\Lenovo\.stmcufinder\plugins\mcufinder
2026-02-07 16:16:51,923 [INFO] ApiDb:250 - Set database path to: C:\Users\Lenovo\.stmcufinder\plugins\mcufinder//mcu/
2026-02-07 16:16:51,923 [WARN] DbFile:41 - Overriding database path with different value: C:\Users\Lenovo\.stmcufinder\plugins\mcufinder/ => C:\Users\Lenovo\.stmcufinder\plugins\mcufinder
2026-02-07 16:16:51,924 [INFO] DbMcusAds:125 - Set database path to: C:\Users\Lenovo\.stmcufinder\plugins\mcufinder//mcu/
2026-02-07 16:16:51,924 [WARN] DbFile:41 - Overriding database path with different value: C:\Users\Lenovo\.stmcufinder\plugins\mcufinder/ => C:\Users\Lenovo\.stmcufinder\plugins\mcufinder
2026-02-07 16:16:51,924 [WARN] DbFile:41 - Overriding database path with different value: C:\Users\Lenovo\.stmcufinder\plugins\mcufinder/ => C:\Users\Lenovo\.stmcufinder\plugins\mcufinder
2026-02-07 16:16:51,924 [INFO] CrossReferenceDbSqlite:203 - Set database path to: C:\Users\Lenovo\.stmcufinder\plugins\mcufinder//mcu/cs/
2026-02-07 16:16:52,005 [INFO] MainPanel:272 - HeapMemory: 268435456
2026-02-07 16:16:52,143 [INFO] DbMcusXml:78 - Set database path to: C:\ST\STM32CubeIDE_1.18.1\STM32CubeIDE\plugins\com.st.stm32cube.common.mx_6.14.1.202504091515\\db\/mcu/
2026-02-07 16:16:52,143 [INFO] ApiDb:274 - Set plugin database path to: C:\ST\STM32CubeIDE_1.18.1\STM32CubeIDE\plugins\com.st.stm32cube.common.mx_6.14.1.202504091515\\db\/plugins/boardmanager/
2026-02-07 16:16:52,143 [INFO] ApiDb:261 - Set plugin images path to: C:\ST\STM32CubeIDE_1.18.1\STM32CubeIDE\plugins\com.st.stm32cube.common.mx_6.14.1.202504091515\\db\/plugins/mcufinder/images/
2026-02-07 16:16:52,143 [WARN] DbFile:41 - Overriding database path with different value: C:\Users\Lenovo\.stmcufinder\plugins\mcufinder/ => C:\Users\Lenovo\.stmcufinder\plugins\mcufinder
2026-02-07 16:16:52,143 [INFO] ApiDb:250 - Set database path to: C:\Users\Lenovo\.stmcufinder\plugins\mcufinder//mcu/
2026-02-07 16:16:52,143 [WARN] DbFile:41 - Overriding database path with different value: C:\Users\Lenovo\.stmcufinder\plugins\mcufinder/ => C:\Users\Lenovo\.stmcufinder\plugins\mcufinder
2026-02-07 16:16:52,143 [INFO] DbMcusAds:125 - Set database path to: C:\Users\Lenovo\.stmcufinder\plugins\mcufinder//mcu/
2026-02-07 16:16:52,143 [WARN] DbFile:41 - Overriding database path with different value: C:\Users\Lenovo\.stmcufinder\plugins\mcufinder/ => C:\Users\Lenovo\.stmcufinder\plugins\mcufinder
2026-02-07 16:16:52,144 [WARN] DbFile:41 - Overriding database path with different value: C:\Users\Lenovo\.stmcufinder\plugins\mcufinder/ => C:\Users\Lenovo\.stmcufinder\plugins\mcufinder
2026-02-07 16:16:52,144 [INFO] CrossReferenceDbSqlite:203 - Set database path to: C:\Users\Lenovo\.stmcufinder\plugins\mcufinder//mcu/cs/
2026-02-07 16:16:52,163 [INFO] ApplicationProperties:184 - Using Application install path: C:\ST\STM32CubeIDE_1.18.1\STM32CubeIDE\plugins\com.st.stm32cube.common.mx_6.14.1.202504091515
2026-02-07 16:16:52,165 [INFO] PluginManage:196 - Search for loadable plugins [exclusion list=, ]
2026-02-07 16:16:52,167 [INFO] PluginManage:310 - Check plugin analytics
2026-02-07 16:16:52,357 [INFO] AnalyticsPlugin:253 - Accepted Software Licenses: 
2026-02-07 16:16:52,357 [INFO] AnalyticsPlugin:255 - Accepted CMSIS Pack Licenses: 
2026-02-07 16:16:52,357 [INFO] AnalyticsPlugin:257 - Accepted Firmware Licenses: 
2026-02-07 16:16:52,358 [INFO] PluginManage:359 - Loaded plugin analytics (category:tool,tabindex:-1)
2026-02-07 16:16:52,359 [INFO] PluginManage:310 - Check plugin cadmodel
2026-02-07 16:16:52,366 [INFO] CADModel:105 - Init CAD model plugin
2026-02-07 16:16:52,367 [INFO] PluginManage:359 - Loaded plugin cadmodel (category:power,tabindex:5)
2026-02-07 16:16:52,367 [INFO] PluginManage:310 - Check plugin clock
2026-02-07 16:16:52,377 [INFO] PluginManage:359 - Loaded plugin clock (category:base,tabindex:2)
2026-02-07 16:16:52,377 [INFO] PluginManage:310 - Check plugin ddr
2026-02-07 16:16:52,380 [INFO] PluginManage:359 - Loaded plugin ddr (category:tool,tabindex:6)
2026-02-07 16:16:52,381 [INFO] PluginManage:310 - Check plugin filemanager
2026-02-07 16:16:52,536 [INFO] PluginManage:359 - Loaded plugin filemanager (category:base,tabindex:10)
2026-02-07 16:16:52,537 [INFO] PluginManage:310 - Check plugin ipmanager
2026-02-07 16:16:52,544 [INFO] PluginManage:359 - Loaded plugin ipmanager (category:base,tabindex:5)
2026-02-07 16:16:52,544 [INFO] PluginManage:310 - Check plugin lpbam
2026-02-07 16:16:52,553 [INFO] PluginManage:359 - Loaded plugin lpbam (category:base,tabindex:0)
2026-02-07 16:16:52,553 [INFO] PluginManage:310 - Check plugin memorymap
2026-02-07 16:16:52,568 [INFO] PluginManage:359 - Loaded plugin memorymap (category:base,tabindex:4)
2026-02-07 16:16:52,568 [INFO] PluginManage:310 - Check plugin pinoutandconfiguration
2026-02-07 16:16:52,578 [INFO] PluginManage:359 - Loaded plugin pinoutandconfiguration (category:base,tabindex:1)
2026-02-07 16:16:52,578 [INFO] PluginManage:310 - Check plugin pinoutconfig
2026-02-07 16:16:52,675 [WARN] SupportedApi:132 - Cannot load RTOS API schema: s4s-elt-must-match.1: The content of 'definitions' must match (annotation?, (simpleType | complexType)?, (unique | key | keyref)*)). A problem was found starting at: attribute.
2026-02-07 16:16:52,870 [INFO] PluginManage:359 - Loaded plugin pinoutconfig (category:base,tabindex:0)
2026-02-07 16:16:52,871 [INFO] PluginManage:310 - Check plugin power
2026-02-07 16:16:52,881 [INFO] PluginManage:359 - Loaded plugin power (category:power,tabindex:4)
2026-02-07 16:16:52,882 [INFO] PluginManage:310 - Check plugin projectmanager
2026-02-07 16:16:52,900 [INFO] PluginManage:359 - Loaded plugin projectmanager (category:projectmanager,tabindex:4)
2026-02-07 16:16:52,900 [INFO] PluginManage:310 - Check plugin rif
2026-02-07 16:16:52,907 [INFO] PluginManage:359 - Loaded plugin rif (category:base,tabindex:3)
2026-02-07 16:16:52,907 [INFO] PluginManage:310 - Check plugin thirdparty
2026-02-07 16:16:53,085 [WARN] IntegrityCheckThread:84 - waiting for thirdparty lock release [integrity check]
2026-02-07 16:16:53,086 [INFO] IntegrityCheckThread:86 - entering critical section [integrity check]
2026-02-07 16:16:53,086 [INFO] PluginManage:359 - Loaded plugin thirdparty (category:base,tabindex:-1)
2026-02-07 16:16:53,086 [INFO] PluginManage:310 - Check plugin tools
2026-02-07 16:16:53,086 [INFO] ThirdPartyUpdaterWithRetryManager:70 - Updater plugin not ready yet. [1/15]
2026-02-07 16:16:53,090 [INFO] PluginManage:359 - Loaded plugin tools (category:base,tabindex:7)
2026-02-07 16:16:53,090 [INFO] PluginManage:310 - Check plugin tutovideos
2026-02-07 16:16:53,283 [INFO] PluginManage:359 - Loaded plugin tutovideos (category:base,tabindex:-1)
2026-02-07 16:16:53,283 [INFO] PluginManage:310 - Check plugin updater
2026-02-07 16:16:53,310 [INFO] PluginManage:359 - Loaded plugin updater (category:base,tabindex:12)
2026-02-07 16:16:53,310 [INFO] PluginManage:310 - Check plugin userauth
2026-02-07 16:16:53,317 [INFO] UserAuth:118 - Init User Auth plugin
2026-02-07 16:16:53,318 [INFO] PluginManage:359 - Loaded plugin userauth (category:base,tabindex:14)
2026-02-07 16:16:53,319 [INFO] PluginManage:283 - PluginManage : Loaded plugins [18]
2026-02-07 16:16:53,580 [INFO] PinOutPanel:1589 - setPackage(No Configuration,No Configuration)
2026-02-07 16:16:53,681 [INFO] CADModel:165 - CPN selected for project level
2026-02-07 16:16:53,681 [INFO] CADModel:114 - Register for checkConnection events
2026-02-07 16:16:53,703 [INFO] IPUIPlugin:80 - create IPUIPlugin
2026-02-07 16:16:53,703 [INFO] PluginManager:220 - loadIPPluginJar : add adc
2026-02-07 16:16:53,707 [INFO] IPUIPlugin:80 - create IPUIPlugin
2026-02-07 16:16:53,707 [INFO] PluginManager:220 - loadIPPluginJar : add aes
2026-02-07 16:16:53,712 [INFO] IPUIPlugin:80 - create IPUIPlugin
2026-02-07 16:16:53,712 [INFO] PluginManager:220 - loadIPPluginJar : add can
2026-02-07 16:16:53,715 [INFO] IPUIPlugin:80 - create IPUIPlugin
2026-02-07 16:16:53,715 [INFO] PluginManager:220 - loadIPPluginJar : add comp
2026-02-07 16:16:53,719 [INFO] IPUIPlugin:80 - create IPUIPlugin
2026-02-07 16:16:53,719 [INFO] PluginManager:220 - loadIPPluginJar : add cryp
2026-02-07 16:16:53,724 [INFO] IPUIPlugin:80 - create IPUIPlugin
2026-02-07 16:16:53,724 [INFO] PluginManager:220 - loadIPPluginJar : add ddr_ctrl_phy
2026-02-07 16:16:53,727 [INFO] IPUIPlugin:80 - create IPUIPlugin
2026-02-07 16:16:53,727 [INFO] PluginManager:220 - loadIPPluginJar : add dfsdm
2026-02-07 16:16:53,735 [INFO] IPUIPlugin:80 - create IPUIPlugin
2026-02-07 16:16:53,736 [INFO] PluginManager:220 - loadIPPluginJar : add dma
2026-02-07 16:16:53,740 [INFO] IPUIPlugin:80 - create IPUIPlugin
2026-02-07 16:16:53,740 [INFO] PluginManager:220 - loadIPPluginJar : add dma3
2026-02-07 16:16:53,744 [INFO] IPUIPlugin:80 - create IPUIPlugin
2026-02-07 16:16:53,744 [INFO] PluginManager:220 - loadIPPluginJar : add extmemmanager
2026-02-07 16:16:53,746 [INFO] IPUIPlugin:80 - create IPUIPlugin
2026-02-07 16:16:53,747 [INFO] PluginManager:220 - loadIPPluginJar : add fatfs
2026-02-07 16:16:53,754 [INFO] IPUIPlugin:80 - create IPUIPlugin
2026-02-07 16:16:53,754 [INFO] PluginManager:220 - loadIPPluginJar : add fmc
2026-02-07 16:16:53,761 [INFO] IPUIPlugin:80 - create IPUIPlugin
2026-02-07 16:16:53,761 [INFO] PluginManager:220 - loadIPPluginJar : add freertos
2026-02-07 16:16:53,763 [INFO] IPUIPlugin:80 - create IPUIPlugin
2026-02-07 16:16:53,763 [INFO] PluginManager:220 - loadIPPluginJar : add genericplugin
2026-02-07 16:16:53,765 [INFO] IPUIPlugin:80 - create IPUIPlugin
2026-02-07 16:16:53,766 [INFO] PluginManager:220 - loadIPPluginJar : add gfxmmu
2026-02-07 16:16:53,770 [INFO] IPUIPlugin:80 - create IPUIPlugin
2026-02-07 16:16:53,771 [INFO] PluginManager:220 - loadIPPluginJar : add gic
2026-02-07 16:16:53,775 [INFO] IPUIPlugin:80 - create IPUIPlugin
2026-02-07 16:16:53,775 [INFO] PluginManager:220 - loadIPPluginJar : add gpio
2026-02-07 16:16:53,778 [INFO] IPUIPlugin:80 - create IPUIPlugin
2026-02-07 16:16:53,778 [INFO] PluginManager:220 - loadIPPluginJar : add gtzc
2026-02-07 16:16:53,781 [INFO] IPUIPlugin:80 - create IPUIPlugin
2026-02-07 16:16:53,781 [INFO] PluginManager:220 - loadIPPluginJar : add hash
2026-02-07 16:16:53,785 [INFO] IPUIPlugin:80 - create IPUIPlugin
2026-02-07 16:16:53,785 [INFO] PluginManager:220 - loadIPPluginJar : add i2c
2026-02-07 16:16:53,788 [INFO] IPUIPlugin:80 - create IPUIPlugin
2026-02-07 16:16:53,788 [INFO] PluginManager:220 - loadIPPluginJar : add i2s
2026-02-07 16:16:53,792 [INFO] IPUIPlugin:80 - create IPUIPlugin
2026-02-07 16:16:53,793 [INFO] PluginManager:220 - loadIPPluginJar : add i3c
2026-02-07 16:16:53,797 [INFO] IPUIPlugin:80 - create IPUIPlugin
2026-02-07 16:16:53,797 [INFO] PluginManager:220 - loadIPPluginJar : add ipddr
2026-02-07 16:16:53,807 [INFO] IPUIPlugin:80 - create IPUIPlugin
2026-02-07 16:16:53,807 [INFO] PluginManager:220 - loadIPPluginJar : add linkedlist
2026-02-07 16:16:53,811 [INFO] IPUIPlugin:80 - create IPUIPlugin
2026-02-07 16:16:53,811 [INFO] PluginManager:220 - loadIPPluginJar : add lorawan
2026-02-07 16:16:53,815 [INFO] IPUIPlugin:80 - create IPUIPlugin
2026-02-07 16:16:53,815 [INFO] PluginManager:220 - loadIPPluginJar : add ltdc
2026-02-07 16:16:53,824 [INFO] IPUIPlugin:80 - create IPUIPlugin
2026-02-07 16:16:53,824 [INFO] PluginManager:220 - loadIPPluginJar : add mdma
2026-02-07 16:16:53,829 [INFO] IPUIPlugin:80 - create IPUIPlugin
2026-02-07 16:16:53,829 [INFO] PluginManager:220 - loadIPPluginJar : add nvic
2026-02-07 16:16:53,833 [INFO] IPUIPlugin:80 - create IPUIPlugin
2026-02-07 16:16:53,833 [INFO] PluginManager:220 - loadIPPluginJar : add opamp
2026-02-07 16:16:53,838 [INFO] IPUIPlugin:80 - create IPUIPlugin
2026-02-07 16:16:53,838 [INFO] PluginManager:220 - loadIPPluginJar : add openamp
2026-02-07 16:16:53,844 [INFO] IPUIPlugin:80 - create IPUIPlugin
2026-02-07 16:16:53,844 [INFO] PluginManager:220 - loadIPPluginJar : add pdm2pcm
2026-02-07 16:16:53,851 [INFO] IPUIPlugin:80 - create IPUIPlugin
2026-02-07 16:16:53,854 [INFO] PluginManager:220 - loadIPPluginJar : add plateformsettings
2026-02-07 16:16:53,856 [INFO] IPUIPlugin:80 - create IPUIPlugin
2026-02-07 16:16:53,856 [INFO] PluginManager:220 - loadIPPluginJar : add quadspi
2026-02-07 16:16:53,859 [INFO] IPUIPlugin:80 - create IPUIPlugin
2026-02-07 16:16:53,860 [INFO] PluginManager:220 - loadIPPluginJar : add radio
2026-02-07 16:16:53,864 [INFO] IPUIPlugin:80 - create IPUIPlugin
2026-02-07 16:16:53,865 [INFO] PluginManager:220 - loadIPPluginJar : add resmgrutility
2026-02-07 16:16:53,869 [INFO] IPUIPlugin:80 - create IPUIPlugin
2026-02-07 16:16:53,869 [INFO] PluginManager:220 - loadIPPluginJar : add sai
2026-02-07 16:16:53,873 [INFO] IPUIPlugin:80 - create IPUIPlugin
2026-02-07 16:16:53,874 [INFO] PluginManager:220 - loadIPPluginJar : add spi
2026-02-07 16:16:53,882 [INFO] IPUIPlugin:80 - create IPUIPlugin
2026-02-07 16:16:53,882 [INFO] PluginManager:220 - loadIPPluginJar : add stm32_wpan
2026-02-07 16:16:53,885 [INFO] IPUIPlugin:80 - create IPUIPlugin
2026-02-07 16:16:53,886 [INFO] PluginManager:220 - loadIPPluginJar : add tim
2026-02-07 16:16:53,891 [INFO] IPUIPlugin:80 - create IPUIPlugin
2026-02-07 16:16:53,891 [INFO] PluginManager:220 - loadIPPluginJar : add touchsensing
2026-02-07 16:16:53,895 [INFO] IPUIPlugin:80 - create IPUIPlugin
2026-02-07 16:16:53,895 [INFO] PluginManager:220 - loadIPPluginJar : add tracer_emb
2026-02-07 16:16:53,898 [INFO] IPUIPlugin:80 - create IPUIPlugin
2026-02-07 16:16:53,898 [INFO] PluginManager:220 - loadIPPluginJar : add ts
2026-02-07 16:16:53,901 [INFO] IPUIPlugin:80 - create IPUIPlugin
2026-02-07 16:16:53,901 [INFO] PluginManager:220 - loadIPPluginJar : add tsc
2026-02-07 16:16:53,904 [INFO] IPUIPlugin:80 - create IPUIPlugin
2026-02-07 16:16:53,904 [INFO] PluginManager:220 - loadIPPluginJar : add ucpd
2026-02-07 16:16:53,909 [INFO] IPUIPlugin:80 - create IPUIPlugin
2026-02-07 16:16:53,909 [INFO] PluginManager:220 - loadIPPluginJar : add usart
2026-02-07 16:16:53,913 [INFO] IPUIPlugin:80 - create IPUIPlugin
2026-02-07 16:16:53,914 [INFO] PluginManager:220 - loadIPPluginJar : add usbx
2026-02-07 16:16:54,051 [FATAL] Updater:351 - Updater called before beeing initialized
2026-02-07 16:16:54,080 [INFO] RulesReader:64 - Compatibility file has been processed (302 Rules)
2026-02-07 16:16:54,091 [INFO] RulesReader:64 - Compatibility file has been processed (302 Rules)
2026-02-07 16:16:54,104 [INFO] CADModel:165 - CPN selected for project level
2026-02-07 16:16:54,105 [INFO] CADModel:114 - Register for checkConnection events
2026-02-07 16:16:54,105 [FATAL] Updater:351 - Updater called before beeing initialized
2026-02-07 16:16:54,105 [ERROR] CADModel:125 - Updater not yet initialized, retry later 
2026-02-07 16:16:54,275 [FATAL] Updater:351 - Updater called before beeing initialized
2026-02-07 16:16:54,277 [INFO] CADModel:165 - CPN selected for project level
2026-02-07 16:16:54,277 [INFO] CADModel:114 - Register for checkConnection events
2026-02-07 16:16:54,277 [FATAL] Updater:351 - Updater called before beeing initialized
2026-02-07 16:16:54,277 [ERROR] CADModel:125 - Updater not yet initialized, retry later 
2026-02-07 16:16:54,281 [FATAL] Updater:351 - Updater called before beeing initialized
2026-02-07 16:16:54,427 [FATAL] Updater:351 - Updater called before beeing initialized
2026-02-07 16:16:54,431 [INFO] DbMcusAds:53 - JSON generation date=Thu Jan 08 22:57:51 ICT 2026 (1767887871456)
2026-02-07 16:16:54,432 [FATAL] Updater:351 - Updater called before beeing initialized
2026-02-07 16:16:54,468 [WARN] DetailPanel:346 - Failed to get advertising image, set to default
2026-02-07 16:16:54,700 [FATAL] Updater:351 - Updater called before beeing initialized
2026-02-07 16:16:54,703 [FATAL] Updater:351 - Updater called before beeing initialized
2026-02-07 16:16:54,703 [FATAL] Updater:351 - Updater called before beeing initialized
2026-02-07 16:16:54,704 [WARN] DetailPanel:346 - Failed to get advertising image, set to default
2026-02-07 16:16:54,704 [FATAL] Updater:351 - Updater called before beeing initialized
2026-02-07 16:16:54,749 [ERROR] Updater:1198 - MainUpdater not yet initialized. External WinMGr cannot be set.
2026-02-07 16:16:54,751 [INFO] Updater:1134 - Updater Version found : 6.14.1
2026-02-07 16:16:54,771 [INFO] ApplicationProperties:184 - Using Application install path: C:\ST\STM32CubeIDE_1.18.1\STM32CubeIDE\plugins\com.st.stm32cube.common.mx_6.14.1.202504091515
2026-02-07 16:16:56,087 [INFO] ThirdPartyUpdaterWithRetryManager:70 - Updater plugin not ready yet. [2/15]
2026-02-07 16:16:56,352 [ERROR] LogOutputStream:75 - [STDERR_REDIRECT] Feb 07, 2026 4:16:56 PM java.util.prefs.WindowsPreferences <init>
2026-02-07 16:16:56,353 [ERROR] LogOutputStream:75 - [STDERR_REDIRECT] WARNING: Could not open/create prefs root node Software\JavaSoft\Prefs at root 0xffffffff80000002. Windows RegCreateKeyEx(...) returned error code 5.
2026-02-07 16:16:56,353 [ERROR] LogOutputStream:75 - [STDERR_REDIRECT] 
2026-02-07 16:16:56,889 [INFO] MainUpdater:2872 - connection check result : 10
2026-02-07 16:16:56,890 [INFO] MainUpdater:289 - Updater Check For Update Now.
2026-02-07 16:16:56,890 [INFO] MicroXplorer:498 - Change Database Version : DB.6.0.141
2026-02-07 16:16:56,903 [INFO] McuFinderGlobals:63 - Set McuFinder mode to 2 (CubeIDE integrated)
2026-02-07 16:16:56,904 [INFO] UserAuth:171 - activating auth plugin
2026-02-07 16:16:56,908 [INFO] UserAuth:484 - Internet connection configuration mode: 1
2026-02-07 16:16:56,954 [INFO] JxBrowserEngine:152 - Initiate JxBrowser Engine with user profile folder
2026-02-07 16:16:57,083 [INFO] CheckServerUpdateThread:120 - End of CheckServer Thread
2026-02-07 16:16:57,797 [INFO] WebApp:169 - Instantiating new browser for Auth
2026-02-07 16:16:58,595 [INFO] WebApp:463 - Apply proxy settings
2026-02-07 16:16:58,596 [INFO] WebApp:548 - Chromium requires no authentication
2026-02-07 16:16:58,604 [INFO] WebApp:491 - Direct internet connection detected
2026-02-07 16:16:58,633 [INFO] WebApp:894 - Register for checkConnection events
2026-02-07 16:16:58,634 [INFO] WebApp:463 - Apply proxy settings
2026-02-07 16:16:58,634 [INFO] WebApp:548 - Chromium requires no authentication
2026-02-07 16:16:58,634 [INFO] WebApp:491 - Direct internet connection detected
2026-02-07 16:16:58,855 [INFO] WebApp:191 - Connection restablished
2026-02-07 16:16:59,026 [INFO] WebApp:225 - Starting web application
2026-02-07 16:16:59,027 [INFO] WebApp:593 - Web application path used C:\ST\STM32CubeIDE_1.18.1\STM32CubeIDE\plugins\com.st.stm32cube.common.mx_6.14.1.202504091515\db\plugins\mcufinder\reactClient1\index.html
2026-02-07 16:16:59,598 [WARN] PackLoader:240 - Cannot read IP mode file for STMicroelectronics.FP-SNS-MOTENVWB1.1.4.0
2026-02-07 16:16:59,621 [WARN] PackLoader:240 - Cannot read IP mode file for STMicroelectronics.X-CUBE-SMBUS.2.1.0
2026-02-07 16:16:59,685 [WARN] PackLoader:240 - Cannot read IP mode file for STMicroelectronics.X-CUBE-AZRTOS-F7.1.1.0
2026-02-07 16:16:59,703 [WARN] PackLoader:240 - Cannot read IP mode file for Cesanta.I-CUBE-Mongoose.7.19.0
2026-02-07 16:16:59,712 [ERROR] Engine:466 - C:\Users\Lenovo\.stm32cubemx\thirdparties\pdsc\STMicroelectronics.FP-SNS-MOTENV1.5.1.0.pdsc: PDSC version is not supported
2026-02-07 16:16:59,719 [ERROR] Engine:466 - C:\Users\Lenovo\.stm32cubemx\thirdparties\pdsc\WES.I-CUBE-Cesium.1.4.0.pdsc: PDSC version is not supported
2026-02-07 16:16:59,761 [WARN] PackLoader:240 - Cannot read IP mode file for Infineon.AIROC-Wi-Fi-Bluetooth-STM32.1.7.1
2026-02-07 16:16:59,806 [WARN] PackLoader:240 - Cannot read IP mode file for STMicroelectronics.X-CUBE-AZRTOS-H7.3.4.0
2026-02-07 16:16:59,824 [WARN] PackLoader:240 - Cannot read IP mode file for STMicroelectronics.X-CUBE-DISPLAY.3.0.0
2026-02-07 16:16:59,838 [WARN] PackLoader:240 - Cannot read IP mode file for STMicroelectronics.X-CUBE-NFC10.1.0.0
2026-02-07 16:16:59,845 [WARN] PackLoader:240 - Cannot read IP mode file for STMicroelectronics.X-CUBE-ST60.1.1.0
2026-02-07 16:16:59,852 [WARN] PackLoader:240 - Cannot read IP mode file for emotas.I-CUBE-CANOPEN.1.3.0
2026-02-07 16:16:59,862 [WARN] PackLoader:240 - Cannot read IP mode file for STMicroelectronics.X-CUBE-GNSS1.7.1.0
2026-02-07 16:16:59,870 [WARN] PackLoader:240 - Cannot read IP mode file for STMicroelectronics.FP-SNS-SMARTAG2.1.2.0
2026-02-07 16:16:59,883 [INFO] LogOutputStream:77 - [STDOUT_REDIRECT] 1 : Invalid condition id : UX_CORESTACK_Condition cause : null
2026-02-07 16:16:59,884 [INFO] LogOutputStream:77 - [STDOUT_REDIRECT] 1 : Invalid condition id : UX_CORESTACK_Condition cause : null
2026-02-07 16:16:59,885 [INFO] LogOutputStream:77 - [STDOUT_REDIRECT] 1 : Invalid condition id : UX_CORESTACK_Condition cause : null
2026-02-07 16:16:59,887 [INFO] LogOutputStream:77 - [STDOUT_REDIRECT] 1 : Invalid condition id : UX_CORESTACK_Condition cause : null
2026-02-07 16:16:59,901 [INFO] LogOutputStream:77 - [STDOUT_REDIRECT] 1 : Invalid condition id : UX_CORESTACK_Condition cause : null
2026-02-07 16:16:59,907 [WARN] PackLoader:240 - Cannot read IP mode file for STMicroelectronics.X-CUBE-AZRTOS-WL.2.0.0
2026-02-07 16:16:59,940 [WARN] PackLoader:240 - Cannot read IP mode file for STMicroelectronics.X-CUBE-AZRTOS-H7RS.1.2.0
2026-02-07 16:16:59,956 [WARN] PackLoader:240 - Cannot read IP mode file for STMicroelectronics.X-CUBE-BLE2.3.3.0
2026-02-07 16:17:00,091 [WARN] PackLoader:240 - Cannot read IP mode file for STMicroelectronics.X-CUBE-NFC9.1.0.0
2026-02-07 16:17:00,104 [WARN] PackLoader:240 - Cannot read IP mode file for wolfSSL.I-CUBE-wolfSSL.5.8.2
2026-02-07 16:17:00,113 [WARN] PackLoader:240 - Cannot read IP mode file for STMicroelectronics.X-CUBE-BLE1.7.1.0
2026-02-07 16:17:00,123 [WARN] PackLoader:240 - Cannot read IP mode file for wolfSSL.I-CUBE-wolfMQTT.1.19.2
2026-02-07 16:17:00,127 [ERROR] Engine:466 - C:\Users\Lenovo\.stm32cubemx\thirdparties\pdsc\STMicroelectronics.X-CUBE-FREERTOS.1.4.0.pdsc: PDSC version is not supported
2026-02-07 16:17:00,138 [WARN] PackLoader:240 - Cannot read IP mode file for STMicroelectronics.X-CUBE-EEPRMA1.5.2.0
2026-02-07 16:17:00,146 [ERROR] Engine:466 - C:\Users\Lenovo\.stm32cubemx\thirdparties\pdsc\STMicroelectronics.X-CUBE-ST67W61.1.1.0.pdsc: PDSC version is not supported
2026-02-07 16:17:00,208 [WARN] PackLoader:240 - Cannot read IP mode file for STMicroelectronics.X-CUBE-MEMS1.12.0.0
2026-02-07 16:17:00,312 [WARN] PackLoader:240 - Cannot read IP mode file for STMicroelectronics.X-CUBE-AZRTOS-G0.1.1.0
2026-02-07 16:17:00,321 [WARN] PackLoader:240 - Cannot read IP mode file for STMicroelectronics.X-CUBE-SAFEA1.1.2.2
2026-02-07 16:17:00,332 [WARN] PackLoader:240 - Cannot read IP mode file for STMicroelectronics.X-CUBE-NFC4.3.0.0
2026-02-07 16:17:00,342 [WARN] PackLoader:240 - Cannot read IP mode file for EmbeddedOffice.I-CUBE-FS-RTOS.1.0.1
2026-02-07 16:17:00,350 [WARN] PackLoader:240 - Cannot read IP mode file for STMicroelectronics.X-CUBE-WB05N.2.0.0
2026-02-07 16:17:00,356 [WARN] PackLoader:240 - Cannot read IP mode file for wolfSSL.I-CUBE-wolfTPM.3.8.0
2026-02-07 16:17:00,363 [WARN] PackLoader:240 - Cannot read IP mode file for STMicroelectronics.X-CUBE-TCPP.4.2.0
2026-02-07 16:17:00,377 [WARN] PackLoader:240 - Cannot read IP mode file for RealThread.X-CUBE-RT-Thread_Nano.4.1.1
2026-02-07 16:17:00,404 [WARN] PackLoader:240 - Cannot read IP mode file for STMicroelectronics.FP-ATR-SIGFOX1.3.2.0
2026-02-07 16:17:00,420 [WARN] PackLoader:240 - Cannot read IP mode file for ITTIA_DB.I-CUBE-ITTIADB.8.9.0
2026-02-07 16:17:00,438 [WARN] PackLoader:240 - Cannot read IP mode file for STMicroelectronics.X-CUBE-NFC6.3.2.0
2026-02-07 16:17:00,454 [WARN] PackLoader:240 - Cannot read IP mode file for STMicroelectronics.X-CUBE-AI.10.2.0
2026-02-07 16:17:00,486 [WARN] PackLoader:240 - Cannot read IP mode file for SEGGER.I-CUBE-embOS.1.3.1
2026-02-07 16:17:00,520 [WARN] PackLoader:240 - Cannot read IP mode file for STMicroelectronics.X-CUBE-ALGOBUILD.1.4.0
2026-02-07 16:17:00,577 [WARN] PackLoader:240 - Cannot read IP mode file for STMicroelectronics.X-CUBE-MEMS1.11.3.0
2026-02-07 16:17:00,673 [WARN] PackLoader:240 - Cannot read IP mode file for STMicroelectronics.X-CUBE-PM33A1.1.0.0
2026-02-07 16:17:00,691 [WARN] PackLoader:240 - Cannot read IP mode file for STMicroelectronics.X-CUBE-AZRTOS-F4.1.1.0
2026-02-07 16:17:00,699 [WARN] PackLoader:240 - Cannot read IP mode file for STMicroelectronics.X-CUBE-ISPU.2.1.0
2026-02-07 16:17:00,706 [ERROR] Engine:466 - C:\Users\Lenovo\.stm32cubemx\thirdparties\pdsc\STMicroelectronics.X-CUBE-IPS.3.2.0.pdsc: PDSC version is not supported
2026-02-07 16:17:00,722 [WARN] PackLoader:240 - Cannot read IP mode file for STMicroelectronics.X-CUBE-NFC12.1.0.0
2026-02-07 16:17:00,749 [WARN] PackLoader:240 - Cannot read IP mode file for STMicroelectronics.X-CUBE-AZRTOS-L5.2.0.0
2026-02-07 16:17:00,763 [WARN] PackLoader:240 - Cannot read IP mode file for STMicroelectronics.X-CUBE-NFC6.3.1.0
2026-02-07 16:17:00,774 [WARN] PackLoader:240 - Cannot read IP mode file for STMicroelectronics.X-CUBE-FREERTOS.1.3.1
2026-02-07 16:17:00,784 [WARN] PackLoader:240 - Cannot read IP mode file for STMicroelectronics.X-CUBE-TOUCHGFX.4.26.0
2026-02-07 16:17:00,794 [WARN] PackLoader:240 - Cannot read IP mode file for STMicroelectronics.FP-SNS-STAIOTCFT.1.0.0
2026-02-07 16:17:00,824 [WARN] PackLoader:240 - Cannot read IP mode file for STMicroelectronics.X-CUBE-DPower.1.3.0
2026-02-07 16:17:00,847 [WARN] ConditionMgr:438 - getConditionDescription Invalid condition id : LAN8742 Phy interface Condition cause : null
2026-02-07 16:17:00,848 [WARN] PackLoader:240 - Cannot read IP mode file for STMicroelectronics.X-CUBE-AZRTOS-L4.2.0.0
2026-02-07 16:17:00,850 [WARN] ConditionMgr:1044 - genDependencies : Invalid condition id : LAN8742 Phy interface Condition cause : null
2026-02-07 16:17:00,851 [WARN] ConditionMgr:1044 - genDependencies : Invalid condition id : LAN8742 Phy interface Condition cause : null
2026-02-07 16:17:00,852 [WARN] ConditionMgr:1044 - genDependencies : Invalid condition id : LAN8742 Phy interface Condition cause : null
2026-02-07 16:17:00,864 [WARN] PackLoader:240 - Cannot read IP mode file for STMicroelectronics.X-CUBE-SFXS2LP1.4.0.0
2026-02-07 16:17:00,870 [ERROR] Engine:466 - C:\Users\Lenovo\.stm32cubemx\thirdparties\pdsc\STMicroelectronics.X-CUBE-ST67W61.1.2.0.pdsc: PDSC version is not supported
2026-02-07 16:17:00,881 [WARN] PackLoader:240 - Cannot read IP mode file for STMicroelectronics.X-CUBE-BLEMGR.4.1.0
2026-02-07 16:17:00,897 [WARN] ConditionMgr:438 - getConditionDescription Invalid condition id : UX DEVICE CLASS RTOS Condition cause : null
2026-02-07 16:17:00,897 [WARN] ConditionMgr:438 - getConditionDescription Invalid condition id : UX DEVICE CLASS RTOS Condition cause : null
2026-02-07 16:17:00,899 [WARN] PackLoader:240 - Cannot read IP mode file for STMicroelectronics.X-CUBE-AZRTOS-WB.2.0.0
2026-02-07 16:17:00,900 [WARN] ConditionMgr:1044 - genDependencies : Invalid condition id : UX DEVICE CLASS RTOS Condition cause : null
2026-02-07 16:17:00,901 [WARN] ConditionMgr:1044 - genDependencies : Invalid condition id : UX DEVICE CLASS RTOS Condition cause : null
2026-02-07 16:17:00,902 [WARN] ConditionMgr:1044 - genDependencies : Invalid condition id : UX DEVICE CLASS RTOS Condition cause : null
2026-02-07 16:17:00,902 [WARN] ConditionMgr:1044 - genDependencies : Invalid condition id : UX DEVICE CLASS RTOS Condition cause : null
2026-02-07 16:17:00,902 [WARN] ConditionMgr:1044 - genDependencies : Invalid condition id : UX DEVICE CLASS RTOS Condition cause : null
2026-02-07 16:17:00,909 [WARN] PackLoader:240 - Cannot read IP mode file for STMicroelectronics.X-CUBE-GNSS1.7.0.1
2026-02-07 16:17:00,916 [WARN] ConditionMgr:438 - getConditionDescription Invalid condition id : Cortex-A Device cause : null
2026-02-07 16:17:00,932 [WARN] ConditionMgr:1044 - genDependencies : Invalid condition id : Cortex-A Device cause : null
2026-02-07 16:17:00,932 [WARN] ConditionMgr:1044 - genDependencies : Invalid condition id : Cortex-A Device cause : null
2026-02-07 16:17:00,932 [WARN] ConditionMgr:1044 - genDependencies : Invalid condition id : Cortex-A Device cause : null
2026-02-07 16:17:00,941 [WARN] PackLoader:240 - Cannot read IP mode file for STMicroelectronics.X-CUBE-STSE01.2.0.0
2026-02-07 16:17:00,955 [WARN] PackLoader:240 - Cannot read IP mode file for STMicroelectronics.X-CUBE-SUBG2.5.0.0
2026-02-07 16:17:00,975 [WARN] PackLoader:240 - Cannot read IP mode file for STMicroelectronics.X-CUBE-AZRTOS-H7RS.1.1.0
2026-02-07 16:17:00,992 [WARN] PackLoader:240 - Cannot read IP mode file for STMicroelectronics.X-CUBE-AZRTOS-G4.2.0.0
2026-02-07 16:17:01,001 [WARN] PackLoader:240 - Cannot read IP mode file for wolfSSL.I-CUBE-wolfSSH.1.4.20
2026-02-07 16:17:01,011 [WARN] PackLoader:240 - Cannot read IP mode file for STMicroelectronics.X-CUBE-NFC7.2.0.0
2026-02-07 16:17:01,020 [WARN] PackLoader:240 - Cannot read IP mode file for STMicroelectronics.X-CUBE-ALS.1.0.2
2026-02-07 16:17:01,026 [WARN] PackLoader:240 - Cannot read IP mode file for STMicroelectronics.X-CUBE-STSE01.1.0.0
2026-02-07 16:17:01,039 [WARN] PackLoader:240 - Cannot read IP mode file for STMicroelectronics.X-CUBE-TOF1.3.4.3
2026-02-07 16:17:01,049 [INFO] ThirdParty:978 - Integrity check success = true
2026-02-07 16:17:01,049 [INFO] IntegrityCheckThread:100 - exiting critical section [integrity check]
2026-02-07 16:17:01,049 [INFO] IntegrityCheckThread:103 - End integrity checks thread
2026-02-07 16:17:51,795 [INFO] McuFinderGlobals:63 - Set McuFinder mode to 2 (CubeIDE integrated)
2026-02-07 16:17:51,827 [INFO] MainUpdater:2872 - connection check result : 10
2026-02-07 16:17:51,866 [INFO] McuFinderGlobals:76 - Set McuFinderConnectedMode to true
2026-02-07 16:17:52,045 [ERROR] ServerAccessManage:1146 - Warning during Server Connection :  Unknown host www.st.com
2026-02-07 16:17:52,046 [ERROR] ServerAccessManage:651 - Unknown host server name. : mcusAds.json._tmp_.
2026-02-07 16:17:53,869 [INFO] LoadUrlFilesThread:156 - End of LoadUrlFiles Thread
2026-02-07 16:17:55,307 [INFO] DbMcusAds:53 - JSON generation date=Thu Jan 08 22:57:51 ICT 2026 (1767887871456)
2026-02-07 16:17:55,337 [ERROR] TargetSelectorAdapter:267 - Unable to refresh data
2026-02-07 16:17:55,772 [INFO] ApiDb:581 - Connected to CubeFinder SQLite database (C:\Users\Lenovo\.stmcufinder\plugins\mcufinder\mcu\cube-finder-db.db)
2026-02-07 16:17:55,887 [INFO] ApiDb:668 - CubeFinder database Data Model version=2.1
2026-02-07 16:17:55,887 [INFO] ApiDb:669 - CubeFinder database Configuration version=3.0.39
2026-02-07 16:17:55,888 [INFO] ApiDb:670 - CubeFinder database generation date=2025-12-22 (1766407740)
2026-02-07 16:17:55,888 [INFO] ApiDb:671 - CubeFinder database FW Pack versions=[FP-ATR-ASTRA1_V2.0.0, FP-SNS-FLIGHT1_V5.1.0, FP-SNS-MOTENV1_V5.1.0, FP-SNS-MOTENVWB1_V1.4.0, FP-SNS-SMARTAG2_V1.2.0, FP-SNS-STBOX1_V2.1.0, STM32Cube_FW_C0_V1.4.0, STM32Cube_FW_F4_V1.28.3, STM32Cube_FW_F7_V1.17.4, STM32Cube_FW_G0_V1.6.2, STM32Cube_FW_G4_V1.6.1, STM32Cube_FW_H5_V1.5.1, STM32Cube_FW_H7RS_V1.3.0, STM32Cube_FW_H7_V1.12.1, STM32Cube_FW_L0_V1.12.2, STM32Cube_FW_L4_V1.18.1, STM32Cube_FW_L5_V1.6.0, STM32Cube_FW_N6_V1.3.0, STM32Cube_FW_U0_V1.3.0, STM32Cube_FW_U3_V1.2.1, STM32Cube_FW_U5_V1.8.0, STM32Cube_FW_WB0_V1.4.0, STM32Cube_FW_WBA_V1.8.0, STM32Cube_FW_WB_V1.24.0, STM32Cube_FW_WL3_V1.3.0, STM32Cube_FW_WL_V1.4.0, X-CUBE-ALGOBUILD_V1.4.0, X-CUBE-ALS_V1.0.2, X-CUBE-AZRTOS-F4_V1.1.0, X-CUBE-AZRTOS-F7_V1.1.0, X-CUBE-AZRTOS-G0_V1.1.0, X-CUBE-AZRTOS-G4_V2.0.0, X-CUBE-AZRTOS-H7RS_V1.1.0, X-CUBE-AZRTOS-H7_V3.4.0, X-CUBE-AZRTOS-L4_V2.0.0, X-CUBE-AZRTOS-L5_V2.0.0, X-CUBE-AZRTOS-WB_V2.0.0, X-CUBE-AZRTOS-WL_V2.0.0, X-CUBE-BLE1_V7.1.0, X-CUBE-BLE2_V3.3.0, X-CUBE-BLEMGR_V4.1.0, X-CUBE-EEPRMA1_V5.2.0, X-CUBE-FREERTOS_V1.3.1, X-CUBE-GNSS1_V6.0.0, X-CUBE-MEMS1_V12.0.0, X-CUBE-NFC4_V3.0.0, X-CUBE-NFC7_V2.0.0, X-CUBE-SFXS2LP1_V4.0.0, X-CUBE-ST67W61_V1.1.0, X-CUBE-SUBG2_V5.0.0, X-CUBE-TOF1_V3.4.3]
2026-02-07 16:17:56,047 [INFO] DbBoardsSqlite:226 - include board P-NUCLEO-WB55-NUCLEO as a kit item of type 'Nucleo-64'
2026-02-07 16:17:56,047 [INFO] DbBoardsSqlite:226 - include board P-NUCLEO-WB55-USBDONGLE as a kit item of type 'Nucleo USB Dongle'
2026-02-07 16:17:56,049 [INFO] DbBoardsSqlite:226 - include board STEVAL-IDP005V1 as a kit item of type 'Evaluation Board'
2026-02-07 16:17:56,050 [INFO] DbBoardsSqlite:226 - include board STEVAL-IDP005V2 as a kit item of type 'Evaluation Board'
2026-02-07 16:17:56,468 [INFO] ApiDb:240 - Found 895 in-development CPN: [B-G473E-ZEST1S, B-WB1M-WPAN1, B-WBA5M-WPAN, B-WL5M-SUBG1, NUCLEO-C031C6, NUCLEO-C051C8, NUCLEO-C071RB, NUCLEO-C092RC, NUCLEO-H503RB, NUCLEO-H533RE, NUCLEO-H563ZI, NUCLEO-H7S3L8, NUCLEO-N657X0-Q, NUCLEO-U031R8, NUCLEO-U083RC, NUCLEO-U385RG-Q, NUCLEO-U545RE-Q, NUCLEO-U5A5ZJ-Q, NUCLEO-WB05KZ, NUCLEO-WB07CC, NUCLEO-WB09KE, NUCLEO-WBA52CG, NUCLEO-WBA55CG, NUCLEO-WBA65RI, NUCLEO-WL33CC1, NUCLEO-WL33CC2, STEVAL-PROTEUS1, STEVAL-SMARTAG2, STEVAL-STWINBX1, STM320518-EVAL, STM32C0116-DK, STM32C011D6Y3TR, STM32C011D6Y6TR, STM32C011F4P3, STM32C011F4P6, STM32C011F4U3, STM32C011F4U6TR, STM32C011F6P3, STM32C011F6P6, STM32C011F6U3, STM32C011F6U6TR, STM32C011J4M3, STM32C011J4M6, STM32C011J6M3, STM32C011J6M6, STM32C0316-DK, STM32C031C4T3, STM32C031C4T6, STM32C031C4U3, STM32C031C4U6, STM32C031C6T3, STM32C031C6T6, STM32C031C6U3, STM32C031C6U6, STM32C031F4P3, STM32C031F4P6, STM32C031F6P3, STM32C031F6P6, STM32C031G4U3, STM32C031G4U6, STM32C031G6U3, STM32C031G6U6, STM32C031K4T3, STM32C031K4T6, STM32C031K4U3, STM32C031K4U6, STM32C031K6T3, STM32C031K6T6, STM32C031K6U3, STM32C031K6U6, STM32C051C6T6, STM32C051C6U6, STM32C051C8T6, STM32C051C8U6, STM32C051D8Y6TR, STM32C051F6P6, STM32C051F8P6, STM32C051G6U6, STM32C051G8U6, STM32C051K6T6, STM32C051K6U6, STM32C051K8T6, STM32C071C8T6, STM32C071C8T6N, STM32C071C8U6, STM32C071C8U6N, STM32C071CBT6, STM32C071CBT6N, STM32C071CBU6, STM32C071CBU6N, STM32C071F8P6, STM32C071F8P6N, STM32C071FBP6, STM32C071FBP6N, STM32C071FBY6TR, STM32C071G8U6, STM32C071G8U6N, STM32C071GBU6, STM32C071GBU6N, STM32C071K8T6, STM32C071K8T6N, STM32C071K8U6, STM32C071K8U6N, STM32C071KBT6, STM32C071KBT6N, STM32C071KBU6, STM32C071KBU6N, STM32C071R8T6, STM32C071R8T6N, STM32C071RBI6N, STM32C071RBT6, STM32C071RBT6N, STM32C091CBT6, STM32C091CBU6, STM32C091CCT6, STM32C091CCU6, STM32C091ECY6TR, STM32C091FBP6, STM32C091FCP6, STM32C091GBU6, STM32C091GCU6, STM32C091KBT6, STM32C091KBU6, STM32C091KCT6, STM32C091KCU6, STM32C091RBT6, STM32C091RCI6, STM32C091RCT6, STM32C092CBT6, STM32C092CBU6, STM32C092CCT6, STM32C092CCU6, STM32C092ECY6TR, STM32C092FBP6, STM32C092FCP6, STM32C092GBU6, STM32C092GCU6, STM32C092KBT6, STM32C092KBU6, STM32C092KCT6, STM32C092KCU6, STM32C092RBT6, STM32C092RCI6, STM32C092RCT6, STM32G071K8TXN, STM32G071K8UXN, STM32G081GBU6N, STM32G081KBT6N, STM32G081KBUXN, STM32G0B1CCT6N, STM32G0B1KCT6, STM32G0B1NEY6TR, STM32G0B1RCT6N, STM32G0C1CCT6, STM32G0C1CCT6N, STM32G0C1CCU6N, STM32G0C1CET6N, STM32G0C1CEU6N, STM32G0C1KCT6, STM32G0C1NEY6TR, STM32G0C1RCI6N, STM32G0C1RCT6N, STM32G0C1REI6N, STM32G0C1RET6N, STM32G0C1VCI6, STM32G0C1VEI6, STM32G411C6T3, STM32G411C6T6, STM32G411C6U3, STM32G411C6U6, STM32G411C8T3, STM32G411C8T6, STM32G411C8U3, STM32G411C8U6, STM32G411CBT3, STM32G411CBT6, STM32G411CBU3, STM32G411CBU6, STM32G411CCT3, STM32G411CCT6, STM32G411CCU3, STM32G411CCU6, STM32G411K6T3, STM32G411K6T6, STM32G411K6U3, STM32G411K6U6, STM32G411K8T3, STM32G411K8T6, STM32G411K8U3, STM32G411K8U6, STM32G411KBT3, STM32G411KBT6, STM32G411KBU3, STM32G411KBU6, STM32G411M6T3, STM32G411M6T6, STM32G411M8T3, STM32G411M8T6, STM32G411MBT3, STM32G411MBT6, STM32G411MCT3, STM32G411MCT6, STM32G411R6T3, STM32G411R6T6, STM32G411R8T3, STM32G411R8T6, STM32G411RBT3, STM32G411RBT6, STM32G411RCT3, STM32G411RCT6, STM32G414CBT3, STM32G414CBT6, STM32G414CBU3, STM32G414CBU6, STM32G414CCT3, STM32G414CCT6, STM32G414CCU3, STM32G414CCU6, STM32G414MBT3, STM32G414MBT6, STM32G414MCT3, STM32G414MCT6, STM32G414RBT3, STM32G414RBT6, STM32G414RCT3, STM32G414RCT6, STM32G414VBT3, STM32G414VBT6, STM32G414VCT3, STM32G414VCT6, STM32G431CBT3Z, STM32G431RBT3Z, STM32G471CCT6, STM32G471CCU6, STM32G471CET3, STM32G471CET6, STM32G471CEU3, STM32G471CEU6, STM32G471MCT6, STM32G471MET3, STM32G471MET6, STM32G471MEY6TR, STM32G471QCT6, STM32G471QET3, STM32G471RCT6, STM32G471RET3, STM32G471RET6, STM32G471VCH6, STM32G471VCI6, STM32G471VCT6, STM32G471VEH3, STM32G471VEH6, STM32G471VEI3, STM32G471VEI6, STM32G471VET3, STM32G471VET6, STM32G473QET3Z, STM32G473RET3Z, STM32G474CCT6, STM32G491RET3Z, STM32H503CBT6, STM32H503CBU6, STM32H503EBY6TR, STM32H503KBU6, STM32H503RBT6, STM32H523CCT6, STM32H523CCU6, STM32H523CET6, STM32H523CEU6, STM32H523HEY6TR, STM32H523RCT6, STM32H523RET6, STM32H523VCI6, STM32H523VCT6, STM32H523VEI6, STM32H523VET6, STM32H523ZCJ6, STM32H523ZCT6, STM32H523ZEJ6, STM32H523ZET6, STM32H533CET6, STM32H533CEU6, STM32H533HEY6TR, STM32H533RET6, STM32H533VEI6, STM32H533VET6, STM32H533ZEJ6, STM32H533ZET6, STM32H562AGI6, STM32H562AII6, STM32H562IGK6, STM32H562IGT6, STM32H562IIK6, STM32H562IIT6, STM32H562RGT6, STM32H562RGV6, STM32H562RIT6, STM32H562RIV6, STM32H562VGT6, STM32H562VIT6, STM32H562ZGT6, STM32H562ZIT6, STM32H563AGI6, STM32H563AII3Q, STM32H563AII6, STM32H563IGK6, STM32H563IGT6, STM32H563IIK3Q, STM32H563IIK6, STM32H563IIT3Q, STM32H563IIT6, STM32H563MIY3QTR, STM32H563RGT6, STM32H563RGV6, STM32H563RIT6, STM32H563RIV6, STM32H563VGT6, STM32H563VIT3Q, STM32H563VIT6, STM32H563ZGT6, STM32H563ZIT3Q, STM32H563ZIT6, STM32H573AII3Q, STM32H573AII6, STM32H573I-DK, STM32H573IIK3Q, STM32H573IIK6, STM32H573IIT3Q, STM32H573IIT6, STM32H573MIY3QTR, STM32H573RIT6, STM32H573RIV6, STM32H573VIT3Q, STM32H573VIT6, STM32H573ZIT3Q, STM32H573ZIT6, STM32H7R3A8I6, STM32H7R3I8K6, STM32H7R3I8T6, STM32H7R3L8H6, STM32H7R3L8H6H, STM32H7R3R8V6, STM32H7R3V8H6, STM32H7R3V8T6, STM32H7R3V8Y6TR, STM32H7R3Z8J6, STM32H7R3Z8T6, STM32H7R7A8I6, STM32H7R7I8K6, STM32H7R7I8T6, STM32H7R7L8H6, STM32H7R7L8H6H, STM32H7R7Z8J6, STM32H7S3A8I6, STM32H7S3I8K6, STM32H7S3I8T6, STM32H7S3L8H6, STM32H7S3L8H6H, STM32H7S3R8V6, STM32H7S3V8H6, STM32H7S3V8T6, STM32H7S3V8Y6TR, STM32H7S3Z8J6, STM32H7S3Z8T6, STM32H7S78-DK, STM32H7S7A8I6, STM32H7S7I8K6, STM32H7S7I8T6, STM32H7S7L8H6, STM32H7S7L8H6H, STM32H7S7Z8J6, STM32L4R5QGI6STR, STM32MP131AAE3, STM32MP131AAF3, STM32MP131AAG3, STM32MP131CAE3, STM32MP131CAF3, STM32MP131CAG3, STM32MP131DAE7, STM32MP131DAF7, STM32MP131DAG7, STM32MP131FAE7, STM32MP131FAF7, STM32MP131FAG7, STM32MP133AAE3, STM32MP133AAF3, STM32MP133AAG3, STM32MP133CAE3, STM32MP133CAF3, STM32MP133CAG3, STM32MP133DAE7, STM32MP133DAF7, STM32MP133DAG7, STM32MP133FAE7, STM32MP133FAF7, STM32MP133FAG7, STM32MP135AAE3, STM32MP135AAF3, STM32MP135AAG3, STM32MP135CAE3, STM32MP135CAF3, STM32MP135CAG3, STM32MP135DAE7, STM32MP135DAF7, STM32MP135DAG7, STM32MP135F-DK, STM32MP135FAE7, STM32MP135FAF7, STM32MP135FAF7T, STM32MP135FAF7U, STM32MP135FAG7, STM32MP231AAJ3, STM32MP231AAK3, STM32MP231AAL3, STM32MP231CAJ3, STM32MP231CAK3, STM32MP231CAL3, STM32MP231DAJ3, STM32MP231DAK3, STM32MP231DAL3, STM32MP231FAJ3, STM32MP231FAK3, STM32MP231FAL3, STM32MP233AAJ3, STM32MP233AAK3, STM32MP233AAL3, STM32MP233CAJ3, STM32MP233CAK3, STM32MP233CAL3, STM32MP233DAJ3, STM32MP233DAK3, STM32MP233DAL3, STM32MP233FAJ3, STM32MP233FAK3, STM32MP233FAL3, STM32MP235AAJ3, STM32MP235AAK3, STM32MP235AAL3, STM32MP235CAJ3, STM32MP235CAK3, STM32MP235CAL3, STM32MP235DAJ3, STM32MP235DAK3, STM32MP235DAL3, STM32MP235FAJ3, STM32MP235FAK3, STM32MP235FAL3, STM32MP251AAI3, STM32MP251AAJ3, STM32MP251AAK3, STM32MP251AAL3, STM32MP251CAI3, STM32MP251CAJ3, STM32MP251CAK3, STM32MP251CAL3, STM32MP251DAI3, STM32MP251DAJ3, STM32MP251DAK3, STM32MP251DAL3, STM32MP251FAI3, STM32MP251FAJ3, STM32MP251FAK3, STM32MP251FAL3, STM32MP253AAI3, STM32MP253AAJ3, STM32MP253AAK3, STM32MP253AAL3, STM32MP253CAI3, STM32MP253CAJ3, STM32MP253CAK3, STM32MP253CAL3, STM32MP253DAI3, STM32MP253DAJ3, STM32MP253DAK3, STM32MP253DAL3, STM32MP253FAI3, STM32MP253FAJ3, STM32MP253FAK3, STM32MP253FAL3, STM32MP255AAI3, STM32MP255AAJ3, STM32MP255AAK3, STM32MP255AAL3, STM32MP255CAI3, STM32MP255CAJ3, STM32MP255CAK3, STM32MP255CAL3, STM32MP255DAI3, STM32MP255DAJ3, STM32MP255DAK3, STM32MP255DAL3, STM32MP255FAI3, STM32MP255FAJ3, STM32MP255FAK3, STM32MP255FAL3, STM32MP257AAI3, STM32MP257AAJ3, STM32MP257AAK3, STM32MP257AAL3, STM32MP257CAI3, STM32MP257CAJ3, STM32MP257CAK3, STM32MP257CAL3, STM32MP257DAI3, STM32MP257DAJ3, STM32MP257DAK3, STM32MP257DAL3, STM32MP257F-DK, STM32MP257F-EV1, STM32MP257FAI3, STM32MP257FAJ3, STM32MP257FAK3, STM32MP257FAL3, STM32N645A0H3Q, STM32N645B0H3Q, STM32N645I0H3Q, STM32N645L0H3Q, STM32N645X0H3Q, STM32N645Z0H3Q, STM32N647A0H3Q, STM32N647B0H3Q, STM32N647I0H3Q, STM32N647L0H3Q, STM32N647X0H3Q, STM32N647Z0H3Q, STM32N655A0H3Q, STM32N655B0H3Q, STM32N655I0H3Q, STM32N655L0H3Q, STM32N655X0H3Q, STM32N655Z0H3Q, STM32N6570-DK, STM32N657A0H3Q, STM32N657B0H3Q, STM32N657I0H3Q, STM32N657L0H3Q, STM32N657X0H3Q, STM32N657Z0H3Q, STM32U031C6T6, STM32U031C6U6, STM32U031C8T6, STM32U031C8U6, STM32U031F4P6, STM32U031F6P6, STM32U031F8P6, STM32U031G6Y6TR, STM32U031G8Y6TR, STM32U031K4U6, STM32U031K6U6, STM32U031K8U6, STM32U031R6I6, STM32U031R6T6, STM32U031R8I6, STM32U031R8T6, STM32U073C8T6, STM32U073C8U6, STM32U073CBT6, STM32U073CBU6, STM32U073CCT6, STM32U073CCU6, STM32U073H8Y6TR, STM32U073HBY6TR, STM32U073HCY6TR, STM32U073K8U6, STM32U073KBU6, STM32U073KCU6, STM32U073M8I6, STM32U073M8T6, STM32U073MBI6, STM32U073MBT6, STM32U073MCI6, STM32U073MCT6, STM32U073R8I6, STM32U073R8T6, STM32U073RBI6, STM32U073RBT6, STM32U073RCI6, STM32U073RCT6, STM32U083C-DK, STM32U083CCT6, STM32U083CCU6, STM32U083HCY6TR, STM32U083KCU6, STM32U083MCI6, STM32U083MCT6, STM32U083RCI6, STM32U083RCT6, STM32U375CET6, STM32U375CET6Q, STM32U375CEU6, STM32U375CEU6Q, STM32U375CEY6QTR, STM32U375CGT6, STM32U375CGT6Q, STM32U375CGU6, STM32U375CGU6Q, STM32U375CGY6QTR, STM32U375KEU6, STM32U375KGU6, STM32U375REI6, STM32U375REI6Q, STM32U375RET6, STM32U375RET6Q, STM32U375REY6GTR, STM32U375REY6QTR, STM32U375RGI6, STM32U375RGI6Q, STM32U375RGT6, STM32U375RGT6Q, STM32U375RGY6GTR, STM32U375RGY6QTR, STM32U375VEI6, STM32U375VEI6Q, STM32U375VET6, STM32U375VET6Q, STM32U375VGI6, STM32U375VGI6Q, STM32U375VGT6, STM32U375VGT6Q, STM32U385CGT6, STM32U385CGT6Q, STM32U385CGU6, STM32U385CGU6Q, STM32U385CGY6QTR, STM32U385KGU6, STM32U385RGI6, STM32U385RGI6Q, STM32U385RGT6, STM32U385RGT6Q, STM32U385RGY6GTR, STM32U385RGY6QTR, STM32U385VGI6, STM32U385VGI6Q, STM32U385VGT6, STM32U385VGT6Q, STM32U535CBT6, STM32U535CBT6Q, STM32U535CBU6, STM32U535CBU6Q, STM32U535CCT6, STM32U535CCT6Q, STM32U535CCU6, STM32U535CCU6Q, STM32U535CET6, STM32U535CET6Q, STM32U535CEU6, STM32U535CEU6Q, STM32U535JEY6QTR, STM32U535NCY6QTR, STM32U535NEY6QTR, STM32U535RBI6, STM32U535RBI6Q, STM32U535RBT6, STM32U535RBT6Q, STM32U535RCI6, STM32U535RCI6Q, STM32U535RCT6, STM32U535RCT6Q, STM32U535REI6, STM32U535REI6Q, STM32U535RET6, STM32U535RET6Q, STM32U535VCI6, STM32U535VCI6Q, STM32U535VCT6, STM32U535VCT6Q, STM32U535VEI6, STM32U535VEI6Q, STM32U535VET6, STM32U535VET6Q, STM32U545CET6, STM32U545CET6Q, STM32U545CEU6, STM32U545CEU6Q, STM32U545JEY6QTR, STM32U545NEY6QTR, STM32U545REI6, STM32U545REI6Q, STM32U545RET6, STM32U545RET6Q, STM32U545VEI6, STM32U545VEI6Q, STM32U545VET6, STM32U545VET6Q, STM32U595AIH6, STM32U595AIH6Q, STM32U595AJH6, STM32U595AJH6Q, STM32U595QII6, STM32U595QII6Q, STM32U595QJI6, STM32U595QJI6Q, STM32U595RIT6, STM32U595RIT6Q, STM32U595RJT6, STM32U595RJT6Q, STM32U595VIT6, STM32U595VIT6Q, STM32U595VJT6, STM32U595VJT6Q, STM32U595ZIT6, STM32U595ZIT6Q, STM32U595ZIY6QTR, STM32U595ZJT6, STM32U595ZJT6Q, STM32U595ZJY6QTR, STM32U599BJY6QTR, STM32U599NIH6Q, STM32U599NJH6Q, STM32U599VIT6Q, STM32U599VJT6, STM32U599VJT6Q, STM32U599ZIT6Q, STM32U599ZIY6QTR, STM32U599ZJT6Q, STM32U599ZJY6QTR, STM32U5A5AJH6, STM32U5A5AJH6Q, STM32U5A5QII3Q , STM32U5A5QJI6, STM32U5A5QJI6Q, STM32U5A5RJT6, STM32U5A5RJT6Q, STM32U5A5VJT6, STM32U5A5VJT6Q, STM32U5A5ZJT6, STM32U5A5ZJT6Q, STM32U5A5ZJY6QTR, STM32U5A9BJY6QTR, STM32U5A9J-DK, STM32U5A9NJH6Q, STM32U5A9VJT6Q, STM32U5A9ZJT6Q, STM32U5A9ZJY6QTR, STM32U5F7VIT6, STM32U5F7VIT6Q, STM32U5F7VJT6, STM32U5F7VJT6Q, STM32U5F9BJY6QTR, STM32U5F9NJH6Q, STM32U5F9VIT6Q, STM32U5F9VJT6Q, STM32U5F9ZIJ6QTR, STM32U5F9ZIT6Q, STM32U5F9ZJJ6QTR, STM32U5F9ZJT6Q, STM32U5G7VJT6, STM32U5G7VJT6Q, STM32U5G9BJY6QTR, STM32U5G9J-DK1, STM32U5G9J-DK2, STM32U5G9NJH6Q, STM32U5G9VJT6Q, STM32U5G9ZJJ6QTR, STM32U5G9ZJT6Q, STM32WB05KZV6TR, STM32WB05KZV7TR, STM32WB05TZF6TR, STM32WB05TZF7TR, STM32WB06CCF6TR, STM32WB06CCF7TR, STM32WB06CCV6TR, STM32WB06CCV7TR, STM32WB06KCV6TR, STM32WB06KCV7TR, STM32WB07CCF6TR, STM32WB07CCF7TR, STM32WB07CCV6TR, STM32WB07CCV7TR, STM32WB07KCV6TR, STM32WB07KCV7TR, STM32WB09KEV6TR, STM32WB09KEV7TR, STM32WB09TEF6TR, STM32WB09TEF7TR, STM32WB1MMCH6, STM32WBA50KGU6, STM32WBA50KGU6TR, STM32WBA52CEU6, STM32WBA52CEU6TR, STM32WBA52CEU7, STM32WBA52CEU7TR, STM32WBA52CGU6, STM32WBA52CGU6TR, STM32WBA52CGU6U, STM32WBA52CGU7, STM32WBA52CGU7TR, STM32WBA52KEU6, STM32WBA52KEU6TR, STM32WBA52KGU6, STM32WBA52KGU6TR, STM32WBA54CEU6, STM32WBA54CEU6TR, STM32WBA54CEU7, STM32WBA54CEU7TR, STM32WBA54CGU6, STM32WBA54CGU6TR, STM32WBA54CGU7, STM32WBA54CGU7TR, STM32WBA54KEU6, STM32WBA54KEU6TR, STM32WBA54KEU7, STM32WBA54KEU7TR, STM32WBA54KGU6, STM32WBA54KGU6TR, STM32WBA54KGU7, STM32WBA54KGU7TR, STM32WBA55CEU6, STM32WBA55CEU6TR, STM32WBA55CEU7, STM32WBA55CEU7TR, STM32WBA55CGU6, STM32WBA55CGU6TR, STM32WBA55CGU6U, STM32WBA55CGU7, STM32WBA55CGU7TR, STM32WBA55G-DK1, STM32WBA55HEF6, STM32WBA55HEF7, STM32WBA55HGF6, STM32WBA55HGF7, STM32WBA55UEI6, STM32WBA55UEI6TR, STM32WBA55UEI7, STM32WBA55UEI7TR, STM32WBA55UGI6, STM32WBA55UGI6TR, STM32WBA55UGI7, STM32WBA55UGI7TR, STM32WBA5MJGH6TR, STM32WBA62CGU6, STM32WBA62CIU6, STM32WBA62MGF6, STM32WBA62MIF6, STM32WBA62PGI6, STM32WBA62PII6, STM32WBA63CGU6, STM32WBA63CGU7, STM32WBA63CIU6, STM32WBA63CIU7, STM32WBA64CGU6, STM32WBA64CGU7, STM32WBA64CIU6, STM32WBA64CIU7, STM32WBA65CGU6, STM32WBA65CGU7, STM32WBA65CIU6, STM32WBA65CIU7, STM32WBA65I-DK1, STM32WBA65MGF6, STM32WBA65MGF7, STM32WBA65MIF6, STM32WBA65MIF7, STM32WBA65PGI6, STM32WBA65PGI7, STM32WBA65PII6, STM32WBA65PII7, STM32WBA65RGV6, STM32WBA65RGV7, STM32WBA65RIV6, STM32WBA65RIV7, STM32WL30K8V6, STM32WL30KBV6, STM32WL31C8V6, STM32WL31CBV6, STM32WL31K8V6, STM32WL31KBV6, STM32WL33C8V6, STM32WL33C8V6TR, STM32WL33C8V7, STM32WL33C8V7TR, STM32WL33CBV6, STM32WL33CBV6TR, STM32WL33CBV7, STM32WL33CBV7TR, STM32WL33CCV6, STM32WL33CCV6TR, STM32WL33CCV7, STM32WL33CCV7A, STM32WL33CCV7ATR, STM32WL33CCV7TR, STM32WL33K8V6, STM32WL33K8V6TR, STM32WL33K8V7, STM32WL33K8V7TR, STM32WL33KBV6, STM32WL33KBV6TR, STM32WL33KBV7, STM32WL33KBV7TR, STM32WL33KCV6, STM32WL33KCV6TR, STM32WL33KCV7, STM32WL33KCV7TR, STM32WL5MOCH6, STM32WL5MOCH6TR]
2026-02-07 16:17:56,473 [INFO] ApiDb:668 - CubeFinder database Data Model version=2.1
2026-02-07 16:17:56,473 [INFO] ApiDb:669 - CubeFinder database Configuration version=3.0.39
2026-02-07 16:17:56,473 [INFO] ApiDb:670 - CubeFinder database generation date=2025-12-22 (1766407740)
2026-02-07 16:17:56,473 [INFO] ApiDb:671 - CubeFinder database FW Pack versions=[FP-ATR-ASTRA1_V2.0.0, FP-SNS-FLIGHT1_V5.1.0, FP-SNS-MOTENV1_V5.1.0, FP-SNS-MOTENVWB1_V1.4.0, FP-SNS-SMARTAG2_V1.2.0, FP-SNS-STBOX1_V2.1.0, STM32Cube_FW_C0_V1.4.0, STM32Cube_FW_F4_V1.28.3, STM32Cube_FW_F7_V1.17.4, STM32Cube_FW_G0_V1.6.2, STM32Cube_FW_G4_V1.6.1, STM32Cube_FW_H5_V1.5.1, STM32Cube_FW_H7RS_V1.3.0, STM32Cube_FW_H7_V1.12.1, STM32Cube_FW_L0_V1.12.2, STM32Cube_FW_L4_V1.18.1, STM32Cube_FW_L5_V1.6.0, STM32Cube_FW_N6_V1.3.0, STM32Cube_FW_U0_V1.3.0, STM32Cube_FW_U3_V1.2.1, STM32Cube_FW_U5_V1.8.0, STM32Cube_FW_WB0_V1.4.0, STM32Cube_FW_WBA_V1.8.0, STM32Cube_FW_WB_V1.24.0, STM32Cube_FW_WL3_V1.3.0, STM32Cube_FW_WL_V1.4.0, X-CUBE-ALGOBUILD_V1.4.0, X-CUBE-ALS_V1.0.2, X-CUBE-AZRTOS-F4_V1.1.0, X-CUBE-AZRTOS-F7_V1.1.0, X-CUBE-AZRTOS-G0_V1.1.0, X-CUBE-AZRTOS-G4_V2.0.0, X-CUBE-AZRTOS-H7RS_V1.1.0, X-CUBE-AZRTOS-H7_V3.4.0, X-CUBE-AZRTOS-L4_V2.0.0, X-CUBE-AZRTOS-L5_V2.0.0, X-CUBE-AZRTOS-WB_V2.0.0, X-CUBE-AZRTOS-WL_V2.0.0, X-CUBE-BLE1_V7.1.0, X-CUBE-BLE2_V3.3.0, X-CUBE-BLEMGR_V4.1.0, X-CUBE-EEPRMA1_V5.2.0, X-CUBE-FREERTOS_V1.3.1, X-CUBE-GNSS1_V6.0.0, X-CUBE-MEMS1_V12.0.0, X-CUBE-NFC4_V3.0.0, X-CUBE-NFC7_V2.0.0, X-CUBE-SFXS2LP1_V4.0.0, X-CUBE-ST67W61_V1.1.0, X-CUBE-SUBG2_V5.0.0, X-CUBE-TOF1_V3.4.3]
2026-02-07 16:17:58,520 [INFO] ApiDb:240 - Found 895 in-development CPN: [B-G473E-ZEST1S, B-WB1M-WPAN1, B-WBA5M-WPAN, B-WL5M-SUBG1, NUCLEO-C031C6, NUCLEO-C051C8, NUCLEO-C071RB, NUCLEO-C092RC, NUCLEO-H503RB, NUCLEO-H533RE, NUCLEO-H563ZI, NUCLEO-H7S3L8, NUCLEO-N657X0-Q, NUCLEO-U031R8, NUCLEO-U083RC, NUCLEO-U385RG-Q, NUCLEO-U545RE-Q, NUCLEO-U5A5ZJ-Q, NUCLEO-WB05KZ, NUCLEO-WB07CC, NUCLEO-WB09KE, NUCLEO-WBA52CG, NUCLEO-WBA55CG, NUCLEO-WBA65RI, NUCLEO-WL33CC1, NUCLEO-WL33CC2, STEVAL-PROTEUS1, STEVAL-SMARTAG2, STEVAL-STWINBX1, STM320518-EVAL, STM32C0116-DK, STM32C011D6Y3TR, STM32C011D6Y6TR, STM32C011F4P3, STM32C011F4P6, STM32C011F4U3, STM32C011F4U6TR, STM32C011F6P3, STM32C011F6P6, STM32C011F6U3, STM32C011F6U6TR, STM32C011J4M3, STM32C011J4M6, STM32C011J6M3, STM32C011J6M6, STM32C0316-DK, STM32C031C4T3, STM32C031C4T6, STM32C031C4U3, STM32C031C4U6, STM32C031C6T3, STM32C031C6T6, STM32C031C6U3, STM32C031C6U6, STM32C031F4P3, STM32C031F4P6, STM32C031F6P3, STM32C031F6P6, STM32C031G4U3, STM32C031G4U6, STM32C031G6U3, STM32C031G6U6, STM32C031K4T3, STM32C031K4T6, STM32C031K4U3, STM32C031K4U6, STM32C031K6T3, STM32C031K6T6, STM32C031K6U3, STM32C031K6U6, STM32C051C6T6, STM32C051C6U6, STM32C051C8T6, STM32C051C8U6, STM32C051D8Y6TR, STM32C051F6P6, STM32C051F8P6, STM32C051G6U6, STM32C051G8U6, STM32C051K6T6, STM32C051K6U6, STM32C051K8T6, STM32C071C8T6, STM32C071C8T6N, STM32C071C8U6, STM32C071C8U6N, STM32C071CBT6, STM32C071CBT6N, STM32C071CBU6, STM32C071CBU6N, STM32C071F8P6, STM32C071F8P6N, STM32C071FBP6, STM32C071FBP6N, STM32C071FBY6TR, STM32C071G8U6, STM32C071G8U6N, STM32C071GBU6, STM32C071GBU6N, STM32C071K8T6, STM32C071K8T6N, STM32C071K8U6, STM32C071K8U6N, STM32C071KBT6, STM32C071KBT6N, STM32C071KBU6, STM32C071KBU6N, STM32C071R8T6, STM32C071R8T6N, STM32C071RBI6N, STM32C071RBT6, STM32C071RBT6N, STM32C091CBT6, STM32C091CBU6, STM32C091CCT6, STM32C091CCU6, STM32C091ECY6TR, STM32C091FBP6, STM32C091FCP6, STM32C091GBU6, STM32C091GCU6, STM32C091KBT6, STM32C091KBU6, STM32C091KCT6, STM32C091KCU6, STM32C091RBT6, STM32C091RCI6, STM32C091RCT6, STM32C092CBT6, STM32C092CBU6, STM32C092CCT6, STM32C092CCU6, STM32C092ECY6TR, STM32C092FBP6, STM32C092FCP6, STM32C092GBU6, STM32C092GCU6, STM32C092KBT6, STM32C092KBU6, STM32C092KCT6, STM32C092KCU6, STM32C092RBT6, STM32C092RCI6, STM32C092RCT6, STM32G071K8TXN, STM32G071K8UXN, STM32G081GBU6N, STM32G081KBT6N, STM32G081KBUXN, STM32G0B1CCT6N, STM32G0B1KCT6, STM32G0B1NEY6TR, STM32G0B1RCT6N, STM32G0C1CCT6, STM32G0C1CCT6N, STM32G0C1CCU6N, STM32G0C1CET6N, STM32G0C1CEU6N, STM32G0C1KCT6, STM32G0C1NEY6TR, STM32G0C1RCI6N, STM32G0C1RCT6N, STM32G0C1REI6N, STM32G0C1RET6N, STM32G0C1VCI6, STM32G0C1VEI6, STM32G411C6T3, STM32G411C6T6, STM32G411C6U3, STM32G411C6U6, STM32G411C8T3, STM32G411C8T6, STM32G411C8U3, STM32G411C8U6, STM32G411CBT3, STM32G411CBT6, STM32G411CBU3, STM32G411CBU6, STM32G411CCT3, STM32G411CCT6, STM32G411CCU3, STM32G411CCU6, STM32G411K6T3, STM32G411K6T6, STM32G411K6U3, STM32G411K6U6, STM32G411K8T3, STM32G411K8T6, STM32G411K8U3, STM32G411K8U6, STM32G411KBT3, STM32G411KBT6, STM32G411KBU3, STM32G411KBU6, STM32G411M6T3, STM32G411M6T6, STM32G411M8T3, STM32G411M8T6, STM32G411MBT3, STM32G411MBT6, STM32G411MCT3, STM32G411MCT6, STM32G411R6T3, STM32G411R6T6, STM32G411R8T3, STM32G411R8T6, STM32G411RBT3, STM32G411RBT6, STM32G411RCT3, STM32G411RCT6, STM32G414CBT3, STM32G414CBT6, STM32G414CBU3, STM32G414CBU6, STM32G414CCT3, STM32G414CCT6, STM32G414CCU3, STM32G414CCU6, STM32G414MBT3, STM32G414MBT6, STM32G414MCT3, STM32G414MCT6, STM32G414RBT3, STM32G414RBT6, STM32G414RCT3, STM32G414RCT6, STM32G414VBT3, STM32G414VBT6, STM32G414VCT3, STM32G414VCT6, STM32G431CBT3Z, STM32G431RBT3Z, STM32G471CCT6, STM32G471CCU6, STM32G471CET3, STM32G471CET6, STM32G471CEU3, STM32G471CEU6, STM32G471MCT6, STM32G471MET3, STM32G471MET6, STM32G471MEY6TR, STM32G471QCT6, STM32G471QET3, STM32G471RCT6, STM32G471RET3, STM32G471RET6, STM32G471VCH6, STM32G471VCI6, STM32G471VCT6, STM32G471VEH3, STM32G471VEH6, STM32G471VEI3, STM32G471VEI6, STM32G471VET3, STM32G471VET6, STM32G473QET3Z, STM32G473RET3Z, STM32G474CCT6, STM32G491RET3Z, STM32H503CBT6, STM32H503CBU6, STM32H503EBY6TR, STM32H503KBU6, STM32H503RBT6, STM32H523CCT6, STM32H523CCU6, STM32H523CET6, STM32H523CEU6, STM32H523HEY6TR, STM32H523RCT6, STM32H523RET6, STM32H523VCI6, STM32H523VCT6, STM32H523VEI6, STM32H523VET6, STM32H523ZCJ6, STM32H523ZCT6, STM32H523ZEJ6, STM32H523ZET6, STM32H533CET6, STM32H533CEU6, STM32H533HEY6TR, STM32H533RET6, STM32H533VEI6, STM32H533VET6, STM32H533ZEJ6, STM32H533ZET6, STM32H562AGI6, STM32H562AII6, STM32H562IGK6, STM32H562IGT6, STM32H562IIK6, STM32H562IIT6, STM32H562RGT6, STM32H562RGV6, STM32H562RIT6, STM32H562RIV6, STM32H562VGT6, STM32H562VIT6, STM32H562ZGT6, STM32H562ZIT6, STM32H563AGI6, STM32H563AII3Q, STM32H563AII6, STM32H563IGK6, STM32H563IGT6, STM32H563IIK3Q, STM32H563IIK6, STM32H563IIT3Q, STM32H563IIT6, STM32H563MIY3QTR, STM32H563RGT6, STM32H563RGV6, STM32H563RIT6, STM32H563RIV6, STM32H563VGT6, STM32H563VIT3Q, STM32H563VIT6, STM32H563ZGT6, STM32H563ZIT3Q, STM32H563ZIT6, STM32H573AII3Q, STM32H573AII6, STM32H573I-DK, STM32H573IIK3Q, STM32H573IIK6, STM32H573IIT3Q, STM32H573IIT6, STM32H573MIY3QTR, STM32H573RIT6, STM32H573RIV6, STM32H573VIT3Q, STM32H573VIT6, STM32H573ZIT3Q, STM32H573ZIT6, STM32H7R3A8I6, STM32H7R3I8K6, STM32H7R3I8T6, STM32H7R3L8H6, STM32H7R3L8H6H, STM32H7R3R8V6, STM32H7R3V8H6, STM32H7R3V8T6, STM32H7R3V8Y6TR, STM32H7R3Z8J6, STM32H7R3Z8T6, STM32H7R7A8I6, STM32H7R7I8K6, STM32H7R7I8T6, STM32H7R7L8H6, STM32H7R7L8H6H, STM32H7R7Z8J6, STM32H7S3A8I6, STM32H7S3I8K6, STM32H7S3I8T6, STM32H7S3L8H6, STM32H7S3L8H6H, STM32H7S3R8V6, STM32H7S3V8H6, STM32H7S3V8T6, STM32H7S3V8Y6TR, STM32H7S3Z8J6, STM32H7S3Z8T6, STM32H7S78-DK, STM32H7S7A8I6, STM32H7S7I8K6, STM32H7S7I8T6, STM32H7S7L8H6, STM32H7S7L8H6H, STM32H7S7Z8J6, STM32L4R5QGI6STR, STM32MP131AAE3, STM32MP131AAF3, STM32MP131AAG3, STM32MP131CAE3, STM32MP131CAF3, STM32MP131CAG3, STM32MP131DAE7, STM32MP131DAF7, STM32MP131DAG7, STM32MP131FAE7, STM32MP131FAF7, STM32MP131FAG7, STM32MP133AAE3, STM32MP133AAF3, STM32MP133AAG3, STM32MP133CAE3, STM32MP133CAF3, STM32MP133CAG3, STM32MP133DAE7, STM32MP133DAF7, STM32MP133DAG7, STM32MP133FAE7, STM32MP133FAF7, STM32MP133FAG7, STM32MP135AAE3, STM32MP135AAF3, STM32MP135AAG3, STM32MP135CAE3, STM32MP135CAF3, STM32MP135CAG3, STM32MP135DAE7, STM32MP135DAF7, STM32MP135DAG7, STM32MP135F-DK, STM32MP135FAE7, STM32MP135FAF7, STM32MP135FAF7T, STM32MP135FAF7U, STM32MP135FAG7, STM32MP231AAJ3, STM32MP231AAK3, STM32MP231AAL3, STM32MP231CAJ3, STM32MP231CAK3, STM32MP231CAL3, STM32MP231DAJ3, STM32MP231DAK3, STM32MP231DAL3, STM32MP231FAJ3, STM32MP231FAK3, STM32MP231FAL3, STM32MP233AAJ3, STM32MP233AAK3, STM32MP233AAL3, STM32MP233CAJ3, STM32MP233CAK3, STM32MP233CAL3, STM32MP233DAJ3, STM32MP233DAK3, STM32MP233DAL3, STM32MP233FAJ3, STM32MP233FAK3, STM32MP233FAL3, STM32MP235AAJ3, STM32MP235AAK3, STM32MP235AAL3, STM32MP235CAJ3, STM32MP235CAK3, STM32MP235CAL3, STM32MP235DAJ3, STM32MP235DAK3, STM32MP235DAL3, STM32MP235FAJ3, STM32MP235FAK3, STM32MP235FAL3, STM32MP251AAI3, STM32MP251AAJ3, STM32MP251AAK3, STM32MP251AAL3, STM32MP251CAI3, STM32MP251CAJ3, STM32MP251CAK3, STM32MP251CAL3, STM32MP251DAI3, STM32MP251DAJ3, STM32MP251DAK3, STM32MP251DAL3, STM32MP251FAI3, STM32MP251FAJ3, STM32MP251FAK3, STM32MP251FAL3, STM32MP253AAI3, STM32MP253AAJ3, STM32MP253AAK3, STM32MP253AAL3, STM32MP253CAI3, STM32MP253CAJ3, STM32MP253CAK3, STM32MP253CAL3, STM32MP253DAI3, STM32MP253DAJ3, STM32MP253DAK3, STM32MP253DAL3, STM32MP253FAI3, STM32MP253FAJ3, STM32MP253FAK3, STM32MP253FAL3, STM32MP255AAI3, STM32MP255AAJ3, STM32MP255AAK3, STM32MP255AAL3, STM32MP255CAI3, STM32MP255CAJ3, STM32MP255CAK3, STM32MP255CAL3, STM32MP255DAI3, STM32MP255DAJ3, STM32MP255DAK3, STM32MP255DAL3, STM32MP255FAI3, STM32MP255FAJ3, STM32MP255FAK3, STM32MP255FAL3, STM32MP257AAI3, STM32MP257AAJ3, STM32MP257AAK3, STM32MP257AAL3, STM32MP257CAI3, STM32MP257CAJ3, STM32MP257CAK3, STM32MP257CAL3, STM32MP257DAI3, STM32MP257DAJ3, STM32MP257DAK3, STM32MP257DAL3, STM32MP257F-DK, STM32MP257F-EV1, STM32MP257FAI3, STM32MP257FAJ3, STM32MP257FAK3, STM32MP257FAL3, STM32N645A0H3Q, STM32N645B0H3Q, STM32N645I0H3Q, STM32N645L0H3Q, STM32N645X0H3Q, STM32N645Z0H3Q, STM32N647A0H3Q, STM32N647B0H3Q, STM32N647I0H3Q, STM32N647L0H3Q, STM32N647X0H3Q, STM32N647Z0H3Q, STM32N655A0H3Q, STM32N655B0H3Q, STM32N655I0H3Q, STM32N655L0H3Q, STM32N655X0H3Q, STM32N655Z0H3Q, STM32N6570-DK, STM32N657A0H3Q, STM32N657B0H3Q, STM32N657I0H3Q, STM32N657L0H3Q, STM32N657X0H3Q, STM32N657Z0H3Q, STM32U031C6T6, STM32U031C6U6, STM32U031C8T6, STM32U031C8U6, STM32U031F4P6, STM32U031F6P6, STM32U031F8P6, STM32U031G6Y6TR, STM32U031G8Y6TR, STM32U031K4U6, STM32U031K6U6, STM32U031K8U6, STM32U031R6I6, STM32U031R6T6, STM32U031R8I6, STM32U031R8T6, STM32U073C8T6, STM32U073C8U6, STM32U073CBT6, STM32U073CBU6, STM32U073CCT6, STM32U073CCU6, STM32U073H8Y6TR, STM32U073HBY6TR, STM32U073HCY6TR, STM32U073K8U6, STM32U073KBU6, STM32U073KCU6, STM32U073M8I6, STM32U073M8T6, STM32U073MBI6, STM32U073MBT6, STM32U073MCI6, STM32U073MCT6, STM32U073R8I6, STM32U073R8T6, STM32U073RBI6, STM32U073RBT6, STM32U073RCI6, STM32U073RCT6, STM32U083C-DK, STM32U083CCT6, STM32U083CCU6, STM32U083HCY6TR, STM32U083KCU6, STM32U083MCI6, STM32U083MCT6, STM32U083RCI6, STM32U083RCT6, STM32U375CET6, STM32U375CET6Q, STM32U375CEU6, STM32U375CEU6Q, STM32U375CEY6QTR, STM32U375CGT6, STM32U375CGT6Q, STM32U375CGU6, STM32U375CGU6Q, STM32U375CGY6QTR, STM32U375KEU6, STM32U375KGU6, STM32U375REI6, STM32U375REI6Q, STM32U375RET6, STM32U375RET6Q, STM32U375REY6GTR, STM32U375REY6QTR, STM32U375RGI6, STM32U375RGI6Q, STM32U375RGT6, STM32U375RGT6Q, STM32U375RGY6GTR, STM32U375RGY6QTR, STM32U375VEI6, STM32U375VEI6Q, STM32U375VET6, STM32U375VET6Q, STM32U375VGI6, STM32U375VGI6Q, STM32U375VGT6, STM32U375VGT6Q, STM32U385CGT6, STM32U385CGT6Q, STM32U385CGU6, STM32U385CGU6Q, STM32U385CGY6QTR, STM32U385KGU6, STM32U385RGI6, STM32U385RGI6Q, STM32U385RGT6, STM32U385RGT6Q, STM32U385RGY6GTR, STM32U385RGY6QTR, STM32U385VGI6, STM32U385VGI6Q, STM32U385VGT6, STM32U385VGT6Q, STM32U535CBT6, STM32U535CBT6Q, STM32U535CBU6, STM32U535CBU6Q, STM32U535CCT6, STM32U535CCT6Q, STM32U535CCU6, STM32U535CCU6Q, STM32U535CET6, STM32U535CET6Q, STM32U535CEU6, STM32U535CEU6Q, STM32U535JEY6QTR, STM32U535NCY6QTR, STM32U535NEY6QTR, STM32U535RBI6, STM32U535RBI6Q, STM32U535RBT6, STM32U535RBT6Q, STM32U535RCI6, STM32U535RCI6Q, STM32U535RCT6, STM32U535RCT6Q, STM32U535REI6, STM32U535REI6Q, STM32U535RET6, STM32U535RET6Q, STM32U535VCI6, STM32U535VCI6Q, STM32U535VCT6, STM32U535VCT6Q, STM32U535VEI6, STM32U535VEI6Q, STM32U535VET6, STM32U535VET6Q, STM32U545CET6, STM32U545CET6Q, STM32U545CEU6, STM32U545CEU6Q, STM32U545JEY6QTR, STM32U545NEY6QTR, STM32U545REI6, STM32U545REI6Q, STM32U545RET6, STM32U545RET6Q, STM32U545VEI6, STM32U545VEI6Q, STM32U545VET6, STM32U545VET6Q, STM32U595AIH6, STM32U595AIH6Q, STM32U595AJH6, STM32U595AJH6Q, STM32U595QII6, STM32U595QII6Q, STM32U595QJI6, STM32U595QJI6Q, STM32U595RIT6, STM32U595RIT6Q, STM32U595RJT6, STM32U595RJT6Q, STM32U595VIT6, STM32U595VIT6Q, STM32U595VJT6, STM32U595VJT6Q, STM32U595ZIT6, STM32U595ZIT6Q, STM32U595ZIY6QTR, STM32U595ZJT6, STM32U595ZJT6Q, STM32U595ZJY6QTR, STM32U599BJY6QTR, STM32U599NIH6Q, STM32U599NJH6Q, STM32U599VIT6Q, STM32U599VJT6, STM32U599VJT6Q, STM32U599ZIT6Q, STM32U599ZIY6QTR, STM32U599ZJT6Q, STM32U599ZJY6QTR, STM32U5A5AJH6, STM32U5A5AJH6Q, STM32U5A5QII3Q , STM32U5A5QJI6, STM32U5A5QJI6Q, STM32U5A5RJT6, STM32U5A5RJT6Q, STM32U5A5VJT6, STM32U5A5VJT6Q, STM32U5A5ZJT6, STM32U5A5ZJT6Q, STM32U5A5ZJY6QTR, STM32U5A9BJY6QTR, STM32U5A9J-DK, STM32U5A9NJH6Q, STM32U5A9VJT6Q, STM32U5A9ZJT6Q, STM32U5A9ZJY6QTR, STM32U5F7VIT6, STM32U5F7VIT6Q, STM32U5F7VJT6, STM32U5F7VJT6Q, STM32U5F9BJY6QTR, STM32U5F9NJH6Q, STM32U5F9VIT6Q, STM32U5F9VJT6Q, STM32U5F9ZIJ6QTR, STM32U5F9ZIT6Q, STM32U5F9ZJJ6QTR, STM32U5F9ZJT6Q, STM32U5G7VJT6, STM32U5G7VJT6Q, STM32U5G9BJY6QTR, STM32U5G9J-DK1, STM32U5G9J-DK2, STM32U5G9NJH6Q, STM32U5G9VJT6Q, STM32U5G9ZJJ6QTR, STM32U5G9ZJT6Q, STM32WB05KZV6TR, STM32WB05KZV7TR, STM32WB05TZF6TR, STM32WB05TZF7TR, STM32WB06CCF6TR, STM32WB06CCF7TR, STM32WB06CCV6TR, STM32WB06CCV7TR, STM32WB06KCV6TR, STM32WB06KCV7TR, STM32WB07CCF6TR, STM32WB07CCF7TR, STM32WB07CCV6TR, STM32WB07CCV7TR, STM32WB07KCV6TR, STM32WB07KCV7TR, STM32WB09KEV6TR, STM32WB09KEV7TR, STM32WB09TEF6TR, STM32WB09TEF7TR, STM32WB1MMCH6, STM32WBA50KGU6, STM32WBA50KGU6TR, STM32WBA52CEU6, STM32WBA52CEU6TR, STM32WBA52CEU7, STM32WBA52CEU7TR, STM32WBA52CGU6, STM32WBA52CGU6TR, STM32WBA52CGU6U, STM32WBA52CGU7, STM32WBA52CGU7TR, STM32WBA52KEU6, STM32WBA52KEU6TR, STM32WBA52KGU6, STM32WBA52KGU6TR, STM32WBA54CEU6, STM32WBA54CEU6TR, STM32WBA54CEU7, STM32WBA54CEU7TR, STM32WBA54CGU6, STM32WBA54CGU6TR, STM32WBA54CGU7, STM32WBA54CGU7TR, STM32WBA54KEU6, STM32WBA54KEU6TR, STM32WBA54KEU7, STM32WBA54KEU7TR, STM32WBA54KGU6, STM32WBA54KGU6TR, STM32WBA54KGU7, STM32WBA54KGU7TR, STM32WBA55CEU6, STM32WBA55CEU6TR, STM32WBA55CEU7, STM32WBA55CEU7TR, STM32WBA55CGU6, STM32WBA55CGU6TR, STM32WBA55CGU6U, STM32WBA55CGU7, STM32WBA55CGU7TR, STM32WBA55G-DK1, STM32WBA55HEF6, STM32WBA55HEF7, STM32WBA55HGF6, STM32WBA55HGF7, STM32WBA55UEI6, STM32WBA55UEI6TR, STM32WBA55UEI7, STM32WBA55UEI7TR, STM32WBA55UGI6, STM32WBA55UGI6TR, STM32WBA55UGI7, STM32WBA55UGI7TR, STM32WBA5MJGH6TR, STM32WBA62CGU6, STM32WBA62CIU6, STM32WBA62MGF6, STM32WBA62MIF6, STM32WBA62PGI6, STM32WBA62PII6, STM32WBA63CGU6, STM32WBA63CGU7, STM32WBA63CIU6, STM32WBA63CIU7, STM32WBA64CGU6, STM32WBA64CGU7, STM32WBA64CIU6, STM32WBA64CIU7, STM32WBA65CGU6, STM32WBA65CGU7, STM32WBA65CIU6, STM32WBA65CIU7, STM32WBA65I-DK1, STM32WBA65MGF6, STM32WBA65MGF7, STM32WBA65MIF6, STM32WBA65MIF7, STM32WBA65PGI6, STM32WBA65PGI7, STM32WBA65PII6, STM32WBA65PII7, STM32WBA65RGV6, STM32WBA65RGV7, STM32WBA65RIV6, STM32WBA65RIV7, STM32WL30K8V6, STM32WL30KBV6, STM32WL31C8V6, STM32WL31CBV6, STM32WL31K8V6, STM32WL31KBV6, STM32WL33C8V6, STM32WL33C8V6TR, STM32WL33C8V7, STM32WL33C8V7TR, STM32WL33CBV6, STM32WL33CBV6TR, STM32WL33CBV7, STM32WL33CBV7TR, STM32WL33CCV6, STM32WL33CCV6TR, STM32WL33CCV7, STM32WL33CCV7A, STM32WL33CCV7ATR, STM32WL33CCV7TR, STM32WL33K8V6, STM32WL33K8V6TR, STM32WL33K8V7, STM32WL33K8V7TR, STM32WL33KBV6, STM32WL33KBV6TR, STM32WL33KBV7, STM32WL33KBV7TR, STM32WL33KCV6, STM32WL33KCV6TR, STM32WL33KCV7, STM32WL33KCV7TR, STM32WL5MOCH6, STM32WL5MOCH6TR]
2026-02-07 16:17:58,529 [INFO] DbMcus:218 - Found 4822 MCUs, 4822 are supported
2026-02-07 16:17:58,531 [INFO] ApiDb:423 - Load user favorites file C:\Users\Lenovo/.stm32cubeide/favorites.mcus.txt: 1 item(s)
2026-02-07 16:17:58,532 [INFO] ApiDb:427 - User favorites MCUs=[STM32F103C8T6]
2026-02-07 16:17:58,532 [INFO] DbMcus:224 - Set 1 / 1 favorites MCUs
2026-02-07 16:17:59,345 [INFO] BoardInfo:889 - No configuration file found for board P-NUCLEO-WB55
2026-02-07 16:17:59,347 [INFO] DbBoards:161 - Kit is not supported: P-NUCLEO-WB55
2026-02-07 16:17:59,356 [INFO] BoardInfo:889 - No configuration file found for board STEVAL-BFA001V1B
2026-02-07 16:17:59,357 [INFO] DbBoards:161 - Kit is not supported: STEVAL-BFA001V1B
2026-02-07 16:17:59,358 [INFO] BoardInfo:889 - No configuration file found for board STEVAL-BFA001V2B
2026-02-07 16:17:59,360 [INFO] DbBoards:161 - Kit is not supported: STEVAL-BFA001V2B
2026-02-07 16:17:59,606 [INFO] DbBoards:168 - Found 211 boards, 208 are supported
2026-02-07 16:17:59,606 [INFO] DbBoards:169 - Found 211 boards, 43 of them is supported for  Bsp
2026-02-07 16:17:59,609 [INFO] ApiDb:414 - User favorites file not found: C:\Users\Lenovo/.stm32cubeide/favorites.boards.txt
2026-02-07 16:17:59,609 [INFO] DbBoards:198 - Set 0 / 0 favorites Boards
2026-02-07 16:17:59,609 [INFO] McuFinderGlobals:76 - Set McuFinderConnectedMode to true
2026-02-07 16:17:59,623 [INFO] MultiScanPanel:200 - Auto-refresh data requested => check proxy status ongoing
2026-02-07 16:17:59,625 [INFO] FinderPluginLoader:95 - Searching for filters in installed packs
2026-02-07 16:18:01,152 [INFO] LoadUrlFilesThread:185 - End of LoadServerUrlFiles without Thread
2026-02-07 16:18:01,235 [INFO] DetailPanel:341 - Set advertising image to C:/Users/Lenovo/STM32Cube/Repository/\en.prom-stm32mp21-0126.png
2026-02-07 16:18:58,942 [INFO] McuFinderGlobals:76 - Set McuFinderConnectedMode to true
2026-02-07 16:18:58,945 [INFO] ApiDb:448 - Save user favorites file C:\Users\Lenovo/.stm32cubeide/favorites.mcus.txt: 1 item(s)
2026-02-07 16:18:58,946 [INFO] ApiDb:452 - User favorites MCUs=[STM32F103C8T6]
2026-02-07 16:19:17,703 [INFO] MainUpdater:2872 - connection check result : 10
2026-02-07 16:19:17,703 [INFO] McuFinderGlobals:76 - Set McuFinderConnectedMode to true
2026-02-07 16:19:18,040 [INFO] ServerAccessManage:473 - Download File mcusAds.json._tmp_
2026-02-07 16:19:18,163 [INFO] LoadUrlFilesThread:156 - End of LoadUrlFiles Thread
2026-02-07 16:19:19,590 [INFO] ServerAccessManage:473 - Download File cube-finder-db.zip
2026-02-07 16:19:21,804 [INFO] FileExtend:242 - Unzip File : cube-finder-db.zip
2026-02-07 16:19:21,805 [INFO] FileExtend:257 - Standard Zip Deflate
2026-02-07 16:19:23,077 [INFO] LoadUrlFilesThread:156 - End of LoadUrlFiles Thread
2026-02-07 16:19:23,289 [ERROR] ServerAccessManage:1146 - Warning during Server Connection :  Unknown host xsel.stmcufinder.com
2026-02-07 16:19:23,289 [ERROR] ServerAccessManage:651 - Unknown host server name. : crdb.zip.
2026-02-07 16:19:24,890 [INFO] LoadUrlFilesThread:156 - End of LoadUrlFiles Thread
2026-02-07 16:19:26,217 [INFO] DbMcusAds:53 - JSON generation date=Thu Jan 08 22:57:51 ICT 2026 (1767887871456)
2026-02-07 16:19:26,221 [INFO] ApiDb:448 - Save user favorites file C:\Users\Lenovo/.stm32cubeide/favorites.mcus.txt: 1 item(s)
2026-02-07 16:19:26,221 [INFO] ApiDb:452 - User favorites MCUs=[STM32F103C8T6]
2026-02-07 16:19:26,228 [INFO] ApiDb:581 - Connected to CubeFinder SQLite database (C:\Users\Lenovo\.stmcufinder\plugins\mcufinder\mcu\cube-finder-db.db)
2026-02-07 16:19:26,293 [INFO] ApiDb:668 - CubeFinder database Data Model version=2.1
2026-02-07 16:19:26,293 [INFO] ApiDb:669 - CubeFinder database Configuration version=3.0.39
2026-02-07 16:19:26,294 [INFO] ApiDb:670 - CubeFinder database generation date=2025-12-22 (1766407740)
2026-02-07 16:19:26,294 [INFO] ApiDb:671 - CubeFinder database FW Pack versions=[FP-ATR-ASTRA1_V2.0.0, FP-SNS-FLIGHT1_V5.1.0, FP-SNS-MOTENV1_V5.1.0, FP-SNS-MOTENVWB1_V1.4.0, FP-SNS-SMARTAG2_V1.2.0, FP-SNS-STBOX1_V2.1.0, STM32Cube_FW_C0_V1.4.0, STM32Cube_FW_F4_V1.28.3, STM32Cube_FW_F7_V1.17.4, STM32Cube_FW_G0_V1.6.2, STM32Cube_FW_G4_V1.6.1, STM32Cube_FW_H5_V1.5.1, STM32Cube_FW_H7RS_V1.3.0, STM32Cube_FW_H7_V1.12.1, STM32Cube_FW_L0_V1.12.2, STM32Cube_FW_L4_V1.18.1, STM32Cube_FW_L5_V1.6.0, STM32Cube_FW_N6_V1.3.0, STM32Cube_FW_U0_V1.3.0, STM32Cube_FW_U3_V1.2.1, STM32Cube_FW_U5_V1.8.0, STM32Cube_FW_WB0_V1.4.0, STM32Cube_FW_WBA_V1.8.0, STM32Cube_FW_WB_V1.24.0, STM32Cube_FW_WL3_V1.3.0, STM32Cube_FW_WL_V1.4.0, X-CUBE-ALGOBUILD_V1.4.0, X-CUBE-ALS_V1.0.2, X-CUBE-AZRTOS-F4_V1.1.0, X-CUBE-AZRTOS-F7_V1.1.0, X-CUBE-AZRTOS-G0_V1.1.0, X-CUBE-AZRTOS-G4_V2.0.0, X-CUBE-AZRTOS-H7RS_V1.1.0, X-CUBE-AZRTOS-H7_V3.4.0, X-CUBE-AZRTOS-L4_V2.0.0, X-CUBE-AZRTOS-L5_V2.0.0, X-CUBE-AZRTOS-WB_V2.0.0, X-CUBE-AZRTOS-WL_V2.0.0, X-CUBE-BLE1_V7.1.0, X-CUBE-BLE2_V3.3.0, X-CUBE-BLEMGR_V4.1.0, X-CUBE-EEPRMA1_V5.2.0, X-CUBE-FREERTOS_V1.3.1, X-CUBE-GNSS1_V6.0.0, X-CUBE-MEMS1_V12.0.0, X-CUBE-NFC4_V3.0.0, X-CUBE-NFC7_V2.0.0, X-CUBE-SFXS2LP1_V4.0.0, X-CUBE-ST67W61_V1.1.0, X-CUBE-SUBG2_V5.0.0, X-CUBE-TOF1_V3.4.3]
2026-02-07 16:19:28,158 [INFO] ApiDb:240 - Found 895 in-development CPN: [B-G473E-ZEST1S, B-WB1M-WPAN1, B-WBA5M-WPAN, B-WL5M-SUBG1, NUCLEO-C031C6, NUCLEO-C051C8, NUCLEO-C071RB, NUCLEO-C092RC, NUCLEO-H503RB, NUCLEO-H533RE, NUCLEO-H563ZI, NUCLEO-H7S3L8, NUCLEO-N657X0-Q, NUCLEO-U031R8, NUCLEO-U083RC, NUCLEO-U385RG-Q, NUCLEO-U545RE-Q, NUCLEO-U5A5ZJ-Q, NUCLEO-WB05KZ, NUCLEO-WB07CC, NUCLEO-WB09KE, NUCLEO-WBA52CG, NUCLEO-WBA55CG, NUCLEO-WBA65RI, NUCLEO-WL33CC1, NUCLEO-WL33CC2, STEVAL-PROTEUS1, STEVAL-SMARTAG2, STEVAL-STWINBX1, STM320518-EVAL, STM32C0116-DK, STM32C011D6Y3TR, STM32C011D6Y6TR, STM32C011F4P3, STM32C011F4P6, STM32C011F4U3, STM32C011F4U6TR, STM32C011F6P3, STM32C011F6P6, STM32C011F6U3, STM32C011F6U6TR, STM32C011J4M3, STM32C011J4M6, STM32C011J6M3, STM32C011J6M6, STM32C0316-DK, STM32C031C4T3, STM32C031C4T6, STM32C031C4U3, STM32C031C4U6, STM32C031C6T3, STM32C031C6T6, STM32C031C6U3, STM32C031C6U6, STM32C031F4P3, STM32C031F4P6, STM32C031F6P3, STM32C031F6P6, STM32C031G4U3, STM32C031G4U6, STM32C031G6U3, STM32C031G6U6, STM32C031K4T3, STM32C031K4T6, STM32C031K4U3, STM32C031K4U6, STM32C031K6T3, STM32C031K6T6, STM32C031K6U3, STM32C031K6U6, STM32C051C6T6, STM32C051C6U6, STM32C051C8T6, STM32C051C8U6, STM32C051D8Y6TR, STM32C051F6P6, STM32C051F8P6, STM32C051G6U6, STM32C051G8U6, STM32C051K6T6, STM32C051K6U6, STM32C051K8T6, STM32C071C8T6, STM32C071C8T6N, STM32C071C8U6, STM32C071C8U6N, STM32C071CBT6, STM32C071CBT6N, STM32C071CBU6, STM32C071CBU6N, STM32C071F8P6, STM32C071F8P6N, STM32C071FBP6, STM32C071FBP6N, STM32C071FBY6TR, STM32C071G8U6, STM32C071G8U6N, STM32C071GBU6, STM32C071GBU6N, STM32C071K8T6, STM32C071K8T6N, STM32C071K8U6, STM32C071K8U6N, STM32C071KBT6, STM32C071KBT6N, STM32C071KBU6, STM32C071KBU6N, STM32C071R8T6, STM32C071R8T6N, STM32C071RBI6N, STM32C071RBT6, STM32C071RBT6N, STM32C091CBT6, STM32C091CBU6, STM32C091CCT6, STM32C091CCU6, STM32C091ECY6TR, STM32C091FBP6, STM32C091FCP6, STM32C091GBU6, STM32C091GCU6, STM32C091KBT6, STM32C091KBU6, STM32C091KCT6, STM32C091KCU6, STM32C091RBT6, STM32C091RCI6, STM32C091RCT6, STM32C092CBT6, STM32C092CBU6, STM32C092CCT6, STM32C092CCU6, STM32C092ECY6TR, STM32C092FBP6, STM32C092FCP6, STM32C092GBU6, STM32C092GCU6, STM32C092KBT6, STM32C092KBU6, STM32C092KCT6, STM32C092KCU6, STM32C092RBT6, STM32C092RCI6, STM32C092RCT6, STM32G071K8TXN, STM32G071K8UXN, STM32G081GBU6N, STM32G081KBT6N, STM32G081KBUXN, STM32G0B1CCT6N, STM32G0B1KCT6, STM32G0B1NEY6TR, STM32G0B1RCT6N, STM32G0C1CCT6, STM32G0C1CCT6N, STM32G0C1CCU6N, STM32G0C1CET6N, STM32G0C1CEU6N, STM32G0C1KCT6, STM32G0C1NEY6TR, STM32G0C1RCI6N, STM32G0C1RCT6N, STM32G0C1REI6N, STM32G0C1RET6N, STM32G0C1VCI6, STM32G0C1VEI6, STM32G411C6T3, STM32G411C6T6, STM32G411C6U3, STM32G411C6U6, STM32G411C8T3, STM32G411C8T6, STM32G411C8U3, STM32G411C8U6, STM32G411CBT3, STM32G411CBT6, STM32G411CBU3, STM32G411CBU6, STM32G411CCT3, STM32G411CCT6, STM32G411CCU3, STM32G411CCU6, STM32G411K6T3, STM32G411K6T6, STM32G411K6U3, STM32G411K6U6, STM32G411K8T3, STM32G411K8T6, STM32G411K8U3, STM32G411K8U6, STM32G411KBT3, STM32G411KBT6, STM32G411KBU3, STM32G411KBU6, STM32G411M6T3, STM32G411M6T6, STM32G411M8T3, STM32G411M8T6, STM32G411MBT3, STM32G411MBT6, STM32G411MCT3, STM32G411MCT6, STM32G411R6T3, STM32G411R6T6, STM32G411R8T3, STM32G411R8T6, STM32G411RBT3, STM32G411RBT6, STM32G411RCT3, STM32G411RCT6, STM32G414CBT3, STM32G414CBT6, STM32G414CBU3, STM32G414CBU6, STM32G414CCT3, STM32G414CCT6, STM32G414CCU3, STM32G414CCU6, STM32G414MBT3, STM32G414MBT6, STM32G414MCT3, STM32G414MCT6, STM32G414RBT3, STM32G414RBT6, STM32G414RCT3, STM32G414RCT6, STM32G414VBT3, STM32G414VBT6, STM32G414VCT3, STM32G414VCT6, STM32G431CBT3Z, STM32G431RBT3Z, STM32G471CCT6, STM32G471CCU6, STM32G471CET3, STM32G471CET6, STM32G471CEU3, STM32G471CEU6, STM32G471MCT6, STM32G471MET3, STM32G471MET6, STM32G471MEY6TR, STM32G471QCT6, STM32G471QET3, STM32G471RCT6, STM32G471RET3, STM32G471RET6, STM32G471VCH6, STM32G471VCI6, STM32G471VCT6, STM32G471VEH3, STM32G471VEH6, STM32G471VEI3, STM32G471VEI6, STM32G471VET3, STM32G471VET6, STM32G473QET3Z, STM32G473RET3Z, STM32G474CCT6, STM32G491RET3Z, STM32H503CBT6, STM32H503CBU6, STM32H503EBY6TR, STM32H503KBU6, STM32H503RBT6, STM32H523CCT6, STM32H523CCU6, STM32H523CET6, STM32H523CEU6, STM32H523HEY6TR, STM32H523RCT6, STM32H523RET6, STM32H523VCI6, STM32H523VCT6, STM32H523VEI6, STM32H523VET6, STM32H523ZCJ6, STM32H523ZCT6, STM32H523ZEJ6, STM32H523ZET6, STM32H533CET6, STM32H533CEU6, STM32H533HEY6TR, STM32H533RET6, STM32H533VEI6, STM32H533VET6, STM32H533ZEJ6, STM32H533ZET6, STM32H562AGI6, STM32H562AII6, STM32H562IGK6, STM32H562IGT6, STM32H562IIK6, STM32H562IIT6, STM32H562RGT6, STM32H562RGV6, STM32H562RIT6, STM32H562RIV6, STM32H562VGT6, STM32H562VIT6, STM32H562ZGT6, STM32H562ZIT6, STM32H563AGI6, STM32H563AII3Q, STM32H563AII6, STM32H563IGK6, STM32H563IGT6, STM32H563IIK3Q, STM32H563IIK6, STM32H563IIT3Q, STM32H563IIT6, STM32H563MIY3QTR, STM32H563RGT6, STM32H563RGV6, STM32H563RIT6, STM32H563RIV6, STM32H563VGT6, STM32H563VIT3Q, STM32H563VIT6, STM32H563ZGT6, STM32H563ZIT3Q, STM32H563ZIT6, STM32H573AII3Q, STM32H573AII6, STM32H573I-DK, STM32H573IIK3Q, STM32H573IIK6, STM32H573IIT3Q, STM32H573IIT6, STM32H573MIY3QTR, STM32H573RIT6, STM32H573RIV6, STM32H573VIT3Q, STM32H573VIT6, STM32H573ZIT3Q, STM32H573ZIT6, STM32H7R3A8I6, STM32H7R3I8K6, STM32H7R3I8T6, STM32H7R3L8H6, STM32H7R3L8H6H, STM32H7R3R8V6, STM32H7R3V8H6, STM32H7R3V8T6, STM32H7R3V8Y6TR, STM32H7R3Z8J6, STM32H7R3Z8T6, STM32H7R7A8I6, STM32H7R7I8K6, STM32H7R7I8T6, STM32H7R7L8H6, STM32H7R7L8H6H, STM32H7R7Z8J6, STM32H7S3A8I6, STM32H7S3I8K6, STM32H7S3I8T6, STM32H7S3L8H6, STM32H7S3L8H6H, STM32H7S3R8V6, STM32H7S3V8H6, STM32H7S3V8T6, STM32H7S3V8Y6TR, STM32H7S3Z8J6, STM32H7S3Z8T6, STM32H7S78-DK, STM32H7S7A8I6, STM32H7S7I8K6, STM32H7S7I8T6, STM32H7S7L8H6, STM32H7S7L8H6H, STM32H7S7Z8J6, STM32L4R5QGI6STR, STM32MP131AAE3, STM32MP131AAF3, STM32MP131AAG3, STM32MP131CAE3, STM32MP131CAF3, STM32MP131CAG3, STM32MP131DAE7, STM32MP131DAF7, STM32MP131DAG7, STM32MP131FAE7, STM32MP131FAF7, STM32MP131FAG7, STM32MP133AAE3, STM32MP133AAF3, STM32MP133AAG3, STM32MP133CAE3, STM32MP133CAF3, STM32MP133CAG3, STM32MP133DAE7, STM32MP133DAF7, STM32MP133DAG7, STM32MP133FAE7, STM32MP133FAF7, STM32MP133FAG7, STM32MP135AAE3, STM32MP135AAF3, STM32MP135AAG3, STM32MP135CAE3, STM32MP135CAF3, STM32MP135CAG3, STM32MP135DAE7, STM32MP135DAF7, STM32MP135DAG7, STM32MP135F-DK, STM32MP135FAE7, STM32MP135FAF7, STM32MP135FAF7T, STM32MP135FAF7U, STM32MP135FAG7, STM32MP231AAJ3, STM32MP231AAK3, STM32MP231AAL3, STM32MP231CAJ3, STM32MP231CAK3, STM32MP231CAL3, STM32MP231DAJ3, STM32MP231DAK3, STM32MP231DAL3, STM32MP231FAJ3, STM32MP231FAK3, STM32MP231FAL3, STM32MP233AAJ3, STM32MP233AAK3, STM32MP233AAL3, STM32MP233CAJ3, STM32MP233CAK3, STM32MP233CAL3, STM32MP233DAJ3, STM32MP233DAK3, STM32MP233DAL3, STM32MP233FAJ3, STM32MP233FAK3, STM32MP233FAL3, STM32MP235AAJ3, STM32MP235AAK3, STM32MP235AAL3, STM32MP235CAJ3, STM32MP235CAK3, STM32MP235CAL3, STM32MP235DAJ3, STM32MP235DAK3, STM32MP235DAL3, STM32MP235FAJ3, STM32MP235FAK3, STM32MP235FAL3, STM32MP251AAI3, STM32MP251AAJ3, STM32MP251AAK3, STM32MP251AAL3, STM32MP251CAI3, STM32MP251CAJ3, STM32MP251CAK3, STM32MP251CAL3, STM32MP251DAI3, STM32MP251DAJ3, STM32MP251DAK3, STM32MP251DAL3, STM32MP251FAI3, STM32MP251FAJ3, STM32MP251FAK3, STM32MP251FAL3, STM32MP253AAI3, STM32MP253AAJ3, STM32MP253AAK3, STM32MP253AAL3, STM32MP253CAI3, STM32MP253CAJ3, STM32MP253CAK3, STM32MP253CAL3, STM32MP253DAI3, STM32MP253DAJ3, STM32MP253DAK3, STM32MP253DAL3, STM32MP253FAI3, STM32MP253FAJ3, STM32MP253FAK3, STM32MP253FAL3, STM32MP255AAI3, STM32MP255AAJ3, STM32MP255AAK3, STM32MP255AAL3, STM32MP255CAI3, STM32MP255CAJ3, STM32MP255CAK3, STM32MP255CAL3, STM32MP255DAI3, STM32MP255DAJ3, STM32MP255DAK3, STM32MP255DAL3, STM32MP255FAI3, STM32MP255FAJ3, STM32MP255FAK3, STM32MP255FAL3, STM32MP257AAI3, STM32MP257AAJ3, STM32MP257AAK3, STM32MP257AAL3, STM32MP257CAI3, STM32MP257CAJ3, STM32MP257CAK3, STM32MP257CAL3, STM32MP257DAI3, STM32MP257DAJ3, STM32MP257DAK3, STM32MP257DAL3, STM32MP257F-DK, STM32MP257F-EV1, STM32MP257FAI3, STM32MP257FAJ3, STM32MP257FAK3, STM32MP257FAL3, STM32N645A0H3Q, STM32N645B0H3Q, STM32N645I0H3Q, STM32N645L0H3Q, STM32N645X0H3Q, STM32N645Z0H3Q, STM32N647A0H3Q, STM32N647B0H3Q, STM32N647I0H3Q, STM32N647L0H3Q, STM32N647X0H3Q, STM32N647Z0H3Q, STM32N655A0H3Q, STM32N655B0H3Q, STM32N655I0H3Q, STM32N655L0H3Q, STM32N655X0H3Q, STM32N655Z0H3Q, STM32N6570-DK, STM32N657A0H3Q, STM32N657B0H3Q, STM32N657I0H3Q, STM32N657L0H3Q, STM32N657X0H3Q, STM32N657Z0H3Q, STM32U031C6T6, STM32U031C6U6, STM32U031C8T6, STM32U031C8U6, STM32U031F4P6, STM32U031F6P6, STM32U031F8P6, STM32U031G6Y6TR, STM32U031G8Y6TR, STM32U031K4U6, STM32U031K6U6, STM32U031K8U6, STM32U031R6I6, STM32U031R6T6, STM32U031R8I6, STM32U031R8T6, STM32U073C8T6, STM32U073C8U6, STM32U073CBT6, STM32U073CBU6, STM32U073CCT6, STM32U073CCU6, STM32U073H8Y6TR, STM32U073HBY6TR, STM32U073HCY6TR, STM32U073K8U6, STM32U073KBU6, STM32U073KCU6, STM32U073M8I6, STM32U073M8T6, STM32U073MBI6, STM32U073MBT6, STM32U073MCI6, STM32U073MCT6, STM32U073R8I6, STM32U073R8T6, STM32U073RBI6, STM32U073RBT6, STM32U073RCI6, STM32U073RCT6, STM32U083C-DK, STM32U083CCT6, STM32U083CCU6, STM32U083HCY6TR, STM32U083KCU6, STM32U083MCI6, STM32U083MCT6, STM32U083RCI6, STM32U083RCT6, STM32U375CET6, STM32U375CET6Q, STM32U375CEU6, STM32U375CEU6Q, STM32U375CEY6QTR, STM32U375CGT6, STM32U375CGT6Q, STM32U375CGU6, STM32U375CGU6Q, STM32U375CGY6QTR, STM32U375KEU6, STM32U375KGU6, STM32U375REI6, STM32U375REI6Q, STM32U375RET6, STM32U375RET6Q, STM32U375REY6GTR, STM32U375REY6QTR, STM32U375RGI6, STM32U375RGI6Q, STM32U375RGT6, STM32U375RGT6Q, STM32U375RGY6GTR, STM32U375RGY6QTR, STM32U375VEI6, STM32U375VEI6Q, STM32U375VET6, STM32U375VET6Q, STM32U375VGI6, STM32U375VGI6Q, STM32U375VGT6, STM32U375VGT6Q, STM32U385CGT6, STM32U385CGT6Q, STM32U385CGU6, STM32U385CGU6Q, STM32U385CGY6QTR, STM32U385KGU6, STM32U385RGI6, STM32U385RGI6Q, STM32U385RGT6, STM32U385RGT6Q, STM32U385RGY6GTR, STM32U385RGY6QTR, STM32U385VGI6, STM32U385VGI6Q, STM32U385VGT6, STM32U385VGT6Q, STM32U535CBT6, STM32U535CBT6Q, STM32U535CBU6, STM32U535CBU6Q, STM32U535CCT6, STM32U535CCT6Q, STM32U535CCU6, STM32U535CCU6Q, STM32U535CET6, STM32U535CET6Q, STM32U535CEU6, STM32U535CEU6Q, STM32U535JEY6QTR, STM32U535NCY6QTR, STM32U535NEY6QTR, STM32U535RBI6, STM32U535RBI6Q, STM32U535RBT6, STM32U535RBT6Q, STM32U535RCI6, STM32U535RCI6Q, STM32U535RCT6, STM32U535RCT6Q, STM32U535REI6, STM32U535REI6Q, STM32U535RET6, STM32U535RET6Q, STM32U535VCI6, STM32U535VCI6Q, STM32U535VCT6, STM32U535VCT6Q, STM32U535VEI6, STM32U535VEI6Q, STM32U535VET6, STM32U535VET6Q, STM32U545CET6, STM32U545CET6Q, STM32U545CEU6, STM32U545CEU6Q, STM32U545JEY6QTR, STM32U545NEY6QTR, STM32U545REI6, STM32U545REI6Q, STM32U545RET6, STM32U545RET6Q, STM32U545VEI6, STM32U545VEI6Q, STM32U545VET6, STM32U545VET6Q, STM32U595AIH6, STM32U595AIH6Q, STM32U595AJH6, STM32U595AJH6Q, STM32U595QII6, STM32U595QII6Q, STM32U595QJI6, STM32U595QJI6Q, STM32U595RIT6, STM32U595RIT6Q, STM32U595RJT6, STM32U595RJT6Q, STM32U595VIT6, STM32U595VIT6Q, STM32U595VJT6, STM32U595VJT6Q, STM32U595ZIT6, STM32U595ZIT6Q, STM32U595ZIY6QTR, STM32U595ZJT6, STM32U595ZJT6Q, STM32U595ZJY6QTR, STM32U599BJY6QTR, STM32U599NIH6Q, STM32U599NJH6Q, STM32U599VIT6Q, STM32U599VJT6, STM32U599VJT6Q, STM32U599ZIT6Q, STM32U599ZIY6QTR, STM32U599ZJT6Q, STM32U599ZJY6QTR, STM32U5A5AJH6, STM32U5A5AJH6Q, STM32U5A5QII3Q , STM32U5A5QJI6, STM32U5A5QJI6Q, STM32U5A5RJT6, STM32U5A5RJT6Q, STM32U5A5VJT6, STM32U5A5VJT6Q, STM32U5A5ZJT6, STM32U5A5ZJT6Q, STM32U5A5ZJY6QTR, STM32U5A9BJY6QTR, STM32U5A9J-DK, STM32U5A9NJH6Q, STM32U5A9VJT6Q, STM32U5A9ZJT6Q, STM32U5A9ZJY6QTR, STM32U5F7VIT6, STM32U5F7VIT6Q, STM32U5F7VJT6, STM32U5F7VJT6Q, STM32U5F9BJY6QTR, STM32U5F9NJH6Q, STM32U5F9VIT6Q, STM32U5F9VJT6Q, STM32U5F9ZIJ6QTR, STM32U5F9ZIT6Q, STM32U5F9ZJJ6QTR, STM32U5F9ZJT6Q, STM32U5G7VJT6, STM32U5G7VJT6Q, STM32U5G9BJY6QTR, STM32U5G9J-DK1, STM32U5G9J-DK2, STM32U5G9NJH6Q, STM32U5G9VJT6Q, STM32U5G9ZJJ6QTR, STM32U5G9ZJT6Q, STM32WB05KZV6TR, STM32WB05KZV7TR, STM32WB05TZF6TR, STM32WB05TZF7TR, STM32WB06CCF6TR, STM32WB06CCF7TR, STM32WB06CCV6TR, STM32WB06CCV7TR, STM32WB06KCV6TR, STM32WB06KCV7TR, STM32WB07CCF6TR, STM32WB07CCF7TR, STM32WB07CCV6TR, STM32WB07CCV7TR, STM32WB07KCV6TR, STM32WB07KCV7TR, STM32WB09KEV6TR, STM32WB09KEV7TR, STM32WB09TEF6TR, STM32WB09TEF7TR, STM32WB1MMCH6, STM32WBA50KGU6, STM32WBA50KGU6TR, STM32WBA52CEU6, STM32WBA52CEU6TR, STM32WBA52CEU7, STM32WBA52CEU7TR, STM32WBA52CGU6, STM32WBA52CGU6TR, STM32WBA52CGU6U, STM32WBA52CGU7, STM32WBA52CGU7TR, STM32WBA52KEU6, STM32WBA52KEU6TR, STM32WBA52KGU6, STM32WBA52KGU6TR, STM32WBA54CEU6, STM32WBA54CEU6TR, STM32WBA54CEU7, STM32WBA54CEU7TR, STM32WBA54CGU6, STM32WBA54CGU6TR, STM32WBA54CGU7, STM32WBA54CGU7TR, STM32WBA54KEU6, STM32WBA54KEU6TR, STM32WBA54KEU7, STM32WBA54KEU7TR, STM32WBA54KGU6, STM32WBA54KGU6TR, STM32WBA54KGU7, STM32WBA54KGU7TR, STM32WBA55CEU6, STM32WBA55CEU6TR, STM32WBA55CEU7, STM32WBA55CEU7TR, STM32WBA55CGU6, STM32WBA55CGU6TR, STM32WBA55CGU6U, STM32WBA55CGU7, STM32WBA55CGU7TR, STM32WBA55G-DK1, STM32WBA55HEF6, STM32WBA55HEF7, STM32WBA55HGF6, STM32WBA55HGF7, STM32WBA55UEI6, STM32WBA55UEI6TR, STM32WBA55UEI7, STM32WBA55UEI7TR, STM32WBA55UGI6, STM32WBA55UGI6TR, STM32WBA55UGI7, STM32WBA55UGI7TR, STM32WBA5MJGH6TR, STM32WBA62CGU6, STM32WBA62CIU6, STM32WBA62MGF6, STM32WBA62MIF6, STM32WBA62PGI6, STM32WBA62PII6, STM32WBA63CGU6, STM32WBA63CGU7, STM32WBA63CIU6, STM32WBA63CIU7, STM32WBA64CGU6, STM32WBA64CGU7, STM32WBA64CIU6, STM32WBA64CIU7, STM32WBA65CGU6, STM32WBA65CGU7, STM32WBA65CIU6, STM32WBA65CIU7, STM32WBA65I-DK1, STM32WBA65MGF6, STM32WBA65MGF7, STM32WBA65MIF6, STM32WBA65MIF7, STM32WBA65PGI6, STM32WBA65PGI7, STM32WBA65PII6, STM32WBA65PII7, STM32WBA65RGV6, STM32WBA65RGV7, STM32WBA65RIV6, STM32WBA65RIV7, STM32WL30K8V6, STM32WL30KBV6, STM32WL31C8V6, STM32WL31CBV6, STM32WL31K8V6, STM32WL31KBV6, STM32WL33C8V6, STM32WL33C8V6TR, STM32WL33C8V7, STM32WL33C8V7TR, STM32WL33CBV6, STM32WL33CBV6TR, STM32WL33CBV7, STM32WL33CBV7TR, STM32WL33CCV6, STM32WL33CCV6TR, STM32WL33CCV7, STM32WL33CCV7A, STM32WL33CCV7ATR, STM32WL33CCV7TR, STM32WL33K8V6, STM32WL33K8V6TR, STM32WL33K8V7, STM32WL33K8V7TR, STM32WL33KBV6, STM32WL33KBV6TR, STM32WL33KBV7, STM32WL33KBV7TR, STM32WL33KCV6, STM32WL33KCV6TR, STM32WL33KCV7, STM32WL33KCV7TR, STM32WL5MOCH6, STM32WL5MOCH6TR]
2026-02-07 16:19:28,161 [INFO] DbMcus:218 - Found 4822 MCUs, 4822 are supported
2026-02-07 16:19:28,162 [INFO] ApiDb:423 - Load user favorites file C:\Users\Lenovo/.stm32cubeide/favorites.mcus.txt: 1 item(s)
2026-02-07 16:19:28,162 [INFO] ApiDb:427 - User favorites MCUs=[STM32F103C8T6]
2026-02-07 16:19:28,162 [INFO] DbMcus:224 - Set 1 / 1 favorites MCUs
2026-02-07 16:19:28,497 [INFO] ApiDb:448 - Save user favorites file C:\Users\Lenovo/.stm32cubeide/favorites.boards.txt: 0 item(s)
2026-02-07 16:19:28,497 [INFO] ApiDb:452 - User favorites Boards=[]
2026-02-07 16:19:28,499 [INFO] ApiDb:581 - Connected to CubeFinder SQLite database (C:\Users\Lenovo\.stmcufinder\plugins\mcufinder\mcu\cube-finder-db.db)
2026-02-07 16:19:28,566 [INFO] ApiDb:668 - CubeFinder database Data Model version=2.1
2026-02-07 16:19:28,566 [INFO] ApiDb:669 - CubeFinder database Configuration version=3.0.39
2026-02-07 16:19:28,566 [INFO] ApiDb:670 - CubeFinder database generation date=2025-12-22 (1766407740)
2026-02-07 16:19:28,566 [INFO] ApiDb:671 - CubeFinder database FW Pack versions=[FP-ATR-ASTRA1_V2.0.0, FP-SNS-FLIGHT1_V5.1.0, FP-SNS-MOTENV1_V5.1.0, FP-SNS-MOTENVWB1_V1.4.0, FP-SNS-SMARTAG2_V1.2.0, FP-SNS-STBOX1_V2.1.0, STM32Cube_FW_C0_V1.4.0, STM32Cube_FW_F4_V1.28.3, STM32Cube_FW_F7_V1.17.4, STM32Cube_FW_G0_V1.6.2, STM32Cube_FW_G4_V1.6.1, STM32Cube_FW_H5_V1.5.1, STM32Cube_FW_H7RS_V1.3.0, STM32Cube_FW_H7_V1.12.1, STM32Cube_FW_L0_V1.12.2, STM32Cube_FW_L4_V1.18.1, STM32Cube_FW_L5_V1.6.0, STM32Cube_FW_N6_V1.3.0, STM32Cube_FW_U0_V1.3.0, STM32Cube_FW_U3_V1.2.1, STM32Cube_FW_U5_V1.8.0, STM32Cube_FW_WB0_V1.4.0, STM32Cube_FW_WBA_V1.8.0, STM32Cube_FW_WB_V1.24.0, STM32Cube_FW_WL3_V1.3.0, STM32Cube_FW_WL_V1.4.0, X-CUBE-ALGOBUILD_V1.4.0, X-CUBE-ALS_V1.0.2, X-CUBE-AZRTOS-F4_V1.1.0, X-CUBE-AZRTOS-F7_V1.1.0, X-CUBE-AZRTOS-G0_V1.1.0, X-CUBE-AZRTOS-G4_V2.0.0, X-CUBE-AZRTOS-H7RS_V1.1.0, X-CUBE-AZRTOS-H7_V3.4.0, X-CUBE-AZRTOS-L4_V2.0.0, X-CUBE-AZRTOS-L5_V2.0.0, X-CUBE-AZRTOS-WB_V2.0.0, X-CUBE-AZRTOS-WL_V2.0.0, X-CUBE-BLE1_V7.1.0, X-CUBE-BLE2_V3.3.0, X-CUBE-BLEMGR_V4.1.0, X-CUBE-EEPRMA1_V5.2.0, X-CUBE-FREERTOS_V1.3.1, X-CUBE-GNSS1_V6.0.0, X-CUBE-MEMS1_V12.0.0, X-CUBE-NFC4_V3.0.0, X-CUBE-NFC7_V2.0.0, X-CUBE-SFXS2LP1_V4.0.0, X-CUBE-ST67W61_V1.1.0, X-CUBE-SUBG2_V5.0.0, X-CUBE-TOF1_V3.4.3]
2026-02-07 16:19:28,629 [INFO] DbBoardsSqlite:226 - include board P-NUCLEO-WB55-NUCLEO as a kit item of type 'Nucleo-64'
2026-02-07 16:19:28,629 [INFO] DbBoardsSqlite:226 - include board P-NUCLEO-WB55-USBDONGLE as a kit item of type 'Nucleo USB Dongle'
2026-02-07 16:19:28,629 [INFO] DbBoardsSqlite:226 - include board STEVAL-IDP005V1 as a kit item of type 'Evaluation Board'
2026-02-07 16:19:28,629 [INFO] DbBoardsSqlite:226 - include board STEVAL-IDP005V2 as a kit item of type 'Evaluation Board'
2026-02-07 16:19:28,705 [INFO] ApiDb:240 - Found 895 in-development CPN: [B-G473E-ZEST1S, B-WB1M-WPAN1, B-WBA5M-WPAN, B-WL5M-SUBG1, NUCLEO-C031C6, NUCLEO-C051C8, NUCLEO-C071RB, NUCLEO-C092RC, NUCLEO-H503RB, NUCLEO-H533RE, NUCLEO-H563ZI, NUCLEO-H7S3L8, NUCLEO-N657X0-Q, NUCLEO-U031R8, NUCLEO-U083RC, NUCLEO-U385RG-Q, NUCLEO-U545RE-Q, NUCLEO-U5A5ZJ-Q, NUCLEO-WB05KZ, NUCLEO-WB07CC, NUCLEO-WB09KE, NUCLEO-WBA52CG, NUCLEO-WBA55CG, NUCLEO-WBA65RI, NUCLEO-WL33CC1, NUCLEO-WL33CC2, STEVAL-PROTEUS1, STEVAL-SMARTAG2, STEVAL-STWINBX1, STM320518-EVAL, STM32C0116-DK, STM32C011D6Y3TR, STM32C011D6Y6TR, STM32C011F4P3, STM32C011F4P6, STM32C011F4U3, STM32C011F4U6TR, STM32C011F6P3, STM32C011F6P6, STM32C011F6U3, STM32C011F6U6TR, STM32C011J4M3, STM32C011J4M6, STM32C011J6M3, STM32C011J6M6, STM32C0316-DK, STM32C031C4T3, STM32C031C4T6, STM32C031C4U3, STM32C031C4U6, STM32C031C6T3, STM32C031C6T6, STM32C031C6U3, STM32C031C6U6, STM32C031F4P3, STM32C031F4P6, STM32C031F6P3, STM32C031F6P6, STM32C031G4U3, STM32C031G4U6, STM32C031G6U3, STM32C031G6U6, STM32C031K4T3, STM32C031K4T6, STM32C031K4U3, STM32C031K4U6, STM32C031K6T3, STM32C031K6T6, STM32C031K6U3, STM32C031K6U6, STM32C051C6T6, STM32C051C6U6, STM32C051C8T6, STM32C051C8U6, STM32C051D8Y6TR, STM32C051F6P6, STM32C051F8P6, STM32C051G6U6, STM32C051G8U6, STM32C051K6T6, STM32C051K6U6, STM32C051K8T6, STM32C071C8T6, STM32C071C8T6N, STM32C071C8U6, STM32C071C8U6N, STM32C071CBT6, STM32C071CBT6N, STM32C071CBU6, STM32C071CBU6N, STM32C071F8P6, STM32C071F8P6N, STM32C071FBP6, STM32C071FBP6N, STM32C071FBY6TR, STM32C071G8U6, STM32C071G8U6N, STM32C071GBU6, STM32C071GBU6N, STM32C071K8T6, STM32C071K8T6N, STM32C071K8U6, STM32C071K8U6N, STM32C071KBT6, STM32C071KBT6N, STM32C071KBU6, STM32C071KBU6N, STM32C071R8T6, STM32C071R8T6N, STM32C071RBI6N, STM32C071RBT6, STM32C071RBT6N, STM32C091CBT6, STM32C091CBU6, STM32C091CCT6, STM32C091CCU6, STM32C091ECY6TR, STM32C091FBP6, STM32C091FCP6, STM32C091GBU6, STM32C091GCU6, STM32C091KBT6, STM32C091KBU6, STM32C091KCT6, STM32C091KCU6, STM32C091RBT6, STM32C091RCI6, STM32C091RCT6, STM32C092CBT6, STM32C092CBU6, STM32C092CCT6, STM32C092CCU6, STM32C092ECY6TR, STM32C092FBP6, STM32C092FCP6, STM32C092GBU6, STM32C092GCU6, STM32C092KBT6, STM32C092KBU6, STM32C092KCT6, STM32C092KCU6, STM32C092RBT6, STM32C092RCI6, STM32C092RCT6, STM32G071K8TXN, STM32G071K8UXN, STM32G081GBU6N, STM32G081KBT6N, STM32G081KBUXN, STM32G0B1CCT6N, STM32G0B1KCT6, STM32G0B1NEY6TR, STM32G0B1RCT6N, STM32G0C1CCT6, STM32G0C1CCT6N, STM32G0C1CCU6N, STM32G0C1CET6N, STM32G0C1CEU6N, STM32G0C1KCT6, STM32G0C1NEY6TR, STM32G0C1RCI6N, STM32G0C1RCT6N, STM32G0C1REI6N, STM32G0C1RET6N, STM32G0C1VCI6, STM32G0C1VEI6, STM32G411C6T3, STM32G411C6T6, STM32G411C6U3, STM32G411C6U6, STM32G411C8T3, STM32G411C8T6, STM32G411C8U3, STM32G411C8U6, STM32G411CBT3, STM32G411CBT6, STM32G411CBU3, STM32G411CBU6, STM32G411CCT3, STM32G411CCT6, STM32G411CCU3, STM32G411CCU6, STM32G411K6T3, STM32G411K6T6, STM32G411K6U3, STM32G411K6U6, STM32G411K8T3, STM32G411K8T6, STM32G411K8U3, STM32G411K8U6, STM32G411KBT3, STM32G411KBT6, STM32G411KBU3, STM32G411KBU6, STM32G411M6T3, STM32G411M6T6, STM32G411M8T3, STM32G411M8T6, STM32G411MBT3, STM32G411MBT6, STM32G411MCT3, STM32G411MCT6, STM32G411R6T3, STM32G411R6T6, STM32G411R8T3, STM32G411R8T6, STM32G411RBT3, STM32G411RBT6, STM32G411RCT3, STM32G411RCT6, STM32G414CBT3, STM32G414CBT6, STM32G414CBU3, STM32G414CBU6, STM32G414CCT3, STM32G414CCT6, STM32G414CCU3, STM32G414CCU6, STM32G414MBT3, STM32G414MBT6, STM32G414MCT3, STM32G414MCT6, STM32G414RBT3, STM32G414RBT6, STM32G414RCT3, STM32G414RCT6, STM32G414VBT3, STM32G414VBT6, STM32G414VCT3, STM32G414VCT6, STM32G431CBT3Z, STM32G431RBT3Z, STM32G471CCT6, STM32G471CCU6, STM32G471CET3, STM32G471CET6, STM32G471CEU3, STM32G471CEU6, STM32G471MCT6, STM32G471MET3, STM32G471MET6, STM32G471MEY6TR, STM32G471QCT6, STM32G471QET3, STM32G471RCT6, STM32G471RET3, STM32G471RET6, STM32G471VCH6, STM32G471VCI6, STM32G471VCT6, STM32G471VEH3, STM32G471VEH6, STM32G471VEI3, STM32G471VEI6, STM32G471VET3, STM32G471VET6, STM32G473QET3Z, STM32G473RET3Z, STM32G474CCT6, STM32G491RET3Z, STM32H503CBT6, STM32H503CBU6, STM32H503EBY6TR, STM32H503KBU6, STM32H503RBT6, STM32H523CCT6, STM32H523CCU6, STM32H523CET6, STM32H523CEU6, STM32H523HEY6TR, STM32H523RCT6, STM32H523RET6, STM32H523VCI6, STM32H523VCT6, STM32H523VEI6, STM32H523VET6, STM32H523ZCJ6, STM32H523ZCT6, STM32H523ZEJ6, STM32H523ZET6, STM32H533CET6, STM32H533CEU6, STM32H533HEY6TR, STM32H533RET6, STM32H533VEI6, STM32H533VET6, STM32H533ZEJ6, STM32H533ZET6, STM32H562AGI6, STM32H562AII6, STM32H562IGK6, STM32H562IGT6, STM32H562IIK6, STM32H562IIT6, STM32H562RGT6, STM32H562RGV6, STM32H562RIT6, STM32H562RIV6, STM32H562VGT6, STM32H562VIT6, STM32H562ZGT6, STM32H562ZIT6, STM32H563AGI6, STM32H563AII3Q, STM32H563AII6, STM32H563IGK6, STM32H563IGT6, STM32H563IIK3Q, STM32H563IIK6, STM32H563IIT3Q, STM32H563IIT6, STM32H563MIY3QTR, STM32H563RGT6, STM32H563RGV6, STM32H563RIT6, STM32H563RIV6, STM32H563VGT6, STM32H563VIT3Q, STM32H563VIT6, STM32H563ZGT6, STM32H563ZIT3Q, STM32H563ZIT6, STM32H573AII3Q, STM32H573AII6, STM32H573I-DK, STM32H573IIK3Q, STM32H573IIK6, STM32H573IIT3Q, STM32H573IIT6, STM32H573MIY3QTR, STM32H573RIT6, STM32H573RIV6, STM32H573VIT3Q, STM32H573VIT6, STM32H573ZIT3Q, STM32H573ZIT6, STM32H7R3A8I6, STM32H7R3I8K6, STM32H7R3I8T6, STM32H7R3L8H6, STM32H7R3L8H6H, STM32H7R3R8V6, STM32H7R3V8H6, STM32H7R3V8T6, STM32H7R3V8Y6TR, STM32H7R3Z8J6, STM32H7R3Z8T6, STM32H7R7A8I6, STM32H7R7I8K6, STM32H7R7I8T6, STM32H7R7L8H6, STM32H7R7L8H6H, STM32H7R7Z8J6, STM32H7S3A8I6, STM32H7S3I8K6, STM32H7S3I8T6, STM32H7S3L8H6, STM32H7S3L8H6H, STM32H7S3R8V6, STM32H7S3V8H6, STM32H7S3V8T6, STM32H7S3V8Y6TR, STM32H7S3Z8J6, STM32H7S3Z8T6, STM32H7S78-DK, STM32H7S7A8I6, STM32H7S7I8K6, STM32H7S7I8T6, STM32H7S7L8H6, STM32H7S7L8H6H, STM32H7S7Z8J6, STM32L4R5QGI6STR, STM32MP131AAE3, STM32MP131AAF3, STM32MP131AAG3, STM32MP131CAE3, STM32MP131CAF3, STM32MP131CAG3, STM32MP131DAE7, STM32MP131DAF7, STM32MP131DAG7, STM32MP131FAE7, STM32MP131FAF7, STM32MP131FAG7, STM32MP133AAE3, STM32MP133AAF3, STM32MP133AAG3, STM32MP133CAE3, STM32MP133CAF3, STM32MP133CAG3, STM32MP133DAE7, STM32MP133DAF7, STM32MP133DAG7, STM32MP133FAE7, STM32MP133FAF7, STM32MP133FAG7, STM32MP135AAE3, STM32MP135AAF3, STM32MP135AAG3, STM32MP135CAE3, STM32MP135CAF3, STM32MP135CAG3, STM32MP135DAE7, STM32MP135DAF7, STM32MP135DAG7, STM32MP135F-DK, STM32MP135FAE7, STM32MP135FAF7, STM32MP135FAF7T, STM32MP135FAF7U, STM32MP135FAG7, STM32MP231AAJ3, STM32MP231AAK3, STM32MP231AAL3, STM32MP231CAJ3, STM32MP231CAK3, STM32MP231CAL3, STM32MP231DAJ3, STM32MP231DAK3, STM32MP231DAL3, STM32MP231FAJ3, STM32MP231FAK3, STM32MP231FAL3, STM32MP233AAJ3, STM32MP233AAK3, STM32MP233AAL3, STM32MP233CAJ3, STM32MP233CAK3, STM32MP233CAL3, STM32MP233DAJ3, STM32MP233DAK3, STM32MP233DAL3, STM32MP233FAJ3, STM32MP233FAK3, STM32MP233FAL3, STM32MP235AAJ3, STM32MP235AAK3, STM32MP235AAL3, STM32MP235CAJ3, STM32MP235CAK3, STM32MP235CAL3, STM32MP235DAJ3, STM32MP235DAK3, STM32MP235DAL3, STM32MP235FAJ3, STM32MP235FAK3, STM32MP235FAL3, STM32MP251AAI3, STM32MP251AAJ3, STM32MP251AAK3, STM32MP251AAL3, STM32MP251CAI3, STM32MP251CAJ3, STM32MP251CAK3, STM32MP251CAL3, STM32MP251DAI3, STM32MP251DAJ3, STM32MP251DAK3, STM32MP251DAL3, STM32MP251FAI3, STM32MP251FAJ3, STM32MP251FAK3, STM32MP251FAL3, STM32MP253AAI3, STM32MP253AAJ3, STM32MP253AAK3, STM32MP253AAL3, STM32MP253CAI3, STM32MP253CAJ3, STM32MP253CAK3, STM32MP253CAL3, STM32MP253DAI3, STM32MP253DAJ3, STM32MP253DAK3, STM32MP253DAL3, STM32MP253FAI3, STM32MP253FAJ3, STM32MP253FAK3, STM32MP253FAL3, STM32MP255AAI3, STM32MP255AAJ3, STM32MP255AAK3, STM32MP255AAL3, STM32MP255CAI3, STM32MP255CAJ3, STM32MP255CAK3, STM32MP255CAL3, STM32MP255DAI3, STM32MP255DAJ3, STM32MP255DAK3, STM32MP255DAL3, STM32MP255FAI3, STM32MP255FAJ3, STM32MP255FAK3, STM32MP255FAL3, STM32MP257AAI3, STM32MP257AAJ3, STM32MP257AAK3, STM32MP257AAL3, STM32MP257CAI3, STM32MP257CAJ3, STM32MP257CAK3, STM32MP257CAL3, STM32MP257DAI3, STM32MP257DAJ3, STM32MP257DAK3, STM32MP257DAL3, STM32MP257F-DK, STM32MP257F-EV1, STM32MP257FAI3, STM32MP257FAJ3, STM32MP257FAK3, STM32MP257FAL3, STM32N645A0H3Q, STM32N645B0H3Q, STM32N645I0H3Q, STM32N645L0H3Q, STM32N645X0H3Q, STM32N645Z0H3Q, STM32N647A0H3Q, STM32N647B0H3Q, STM32N647I0H3Q, STM32N647L0H3Q, STM32N647X0H3Q, STM32N647Z0H3Q, STM32N655A0H3Q, STM32N655B0H3Q, STM32N655I0H3Q, STM32N655L0H3Q, STM32N655X0H3Q, STM32N655Z0H3Q, STM32N6570-DK, STM32N657A0H3Q, STM32N657B0H3Q, STM32N657I0H3Q, STM32N657L0H3Q, STM32N657X0H3Q, STM32N657Z0H3Q, STM32U031C6T6, STM32U031C6U6, STM32U031C8T6, STM32U031C8U6, STM32U031F4P6, STM32U031F6P6, STM32U031F8P6, STM32U031G6Y6TR, STM32U031G8Y6TR, STM32U031K4U6, STM32U031K6U6, STM32U031K8U6, STM32U031R6I6, STM32U031R6T6, STM32U031R8I6, STM32U031R8T6, STM32U073C8T6, STM32U073C8U6, STM32U073CBT6, STM32U073CBU6, STM32U073CCT6, STM32U073CCU6, STM32U073H8Y6TR, STM32U073HBY6TR, STM32U073HCY6TR, STM32U073K8U6, STM32U073KBU6, STM32U073KCU6, STM32U073M8I6, STM32U073M8T6, STM32U073MBI6, STM32U073MBT6, STM32U073MCI6, STM32U073MCT6, STM32U073R8I6, STM32U073R8T6, STM32U073RBI6, STM32U073RBT6, STM32U073RCI6, STM32U073RCT6, STM32U083C-DK, STM32U083CCT6, STM32U083CCU6, STM32U083HCY6TR, STM32U083KCU6, STM32U083MCI6, STM32U083MCT6, STM32U083RCI6, STM32U083RCT6, STM32U375CET6, STM32U375CET6Q, STM32U375CEU6, STM32U375CEU6Q, STM32U375CEY6QTR, STM32U375CGT6, STM32U375CGT6Q, STM32U375CGU6, STM32U375CGU6Q, STM32U375CGY6QTR, STM32U375KEU6, STM32U375KGU6, STM32U375REI6, STM32U375REI6Q, STM32U375RET6, STM32U375RET6Q, STM32U375REY6GTR, STM32U375REY6QTR, STM32U375RGI6, STM32U375RGI6Q, STM32U375RGT6, STM32U375RGT6Q, STM32U375RGY6GTR, STM32U375RGY6QTR, STM32U375VEI6, STM32U375VEI6Q, STM32U375VET6, STM32U375VET6Q, STM32U375VGI6, STM32U375VGI6Q, STM32U375VGT6, STM32U375VGT6Q, STM32U385CGT6, STM32U385CGT6Q, STM32U385CGU6, STM32U385CGU6Q, STM32U385CGY6QTR, STM32U385KGU6, STM32U385RGI6, STM32U385RGI6Q, STM32U385RGT6, STM32U385RGT6Q, STM32U385RGY6GTR, STM32U385RGY6QTR, STM32U385VGI6, STM32U385VGI6Q, STM32U385VGT6, STM32U385VGT6Q, STM32U535CBT6, STM32U535CBT6Q, STM32U535CBU6, STM32U535CBU6Q, STM32U535CCT6, STM32U535CCT6Q, STM32U535CCU6, STM32U535CCU6Q, STM32U535CET6, STM32U535CET6Q, STM32U535CEU6, STM32U535CEU6Q, STM32U535JEY6QTR, STM32U535NCY6QTR, STM32U535NEY6QTR, STM32U535RBI6, STM32U535RBI6Q, STM32U535RBT6, STM32U535RBT6Q, STM32U535RCI6, STM32U535RCI6Q, STM32U535RCT6, STM32U535RCT6Q, STM32U535REI6, STM32U535REI6Q, STM32U535RET6, STM32U535RET6Q, STM32U535VCI6, STM32U535VCI6Q, STM32U535VCT6, STM32U535VCT6Q, STM32U535VEI6, STM32U535VEI6Q, STM32U535VET6, STM32U535VET6Q, STM32U545CET6, STM32U545CET6Q, STM32U545CEU6, STM32U545CEU6Q, STM32U545JEY6QTR, STM32U545NEY6QTR, STM32U545REI6, STM32U545REI6Q, STM32U545RET6, STM32U545RET6Q, STM32U545VEI6, STM32U545VEI6Q, STM32U545VET6, STM32U545VET6Q, STM32U595AIH6, STM32U595AIH6Q, STM32U595AJH6, STM32U595AJH6Q, STM32U595QII6, STM32U595QII6Q, STM32U595QJI6, STM32U595QJI6Q, STM32U595RIT6, STM32U595RIT6Q, STM32U595RJT6, STM32U595RJT6Q, STM32U595VIT6, STM32U595VIT6Q, STM32U595VJT6, STM32U595VJT6Q, STM32U595ZIT6, STM32U595ZIT6Q, STM32U595ZIY6QTR, STM32U595ZJT6, STM32U595ZJT6Q, STM32U595ZJY6QTR, STM32U599BJY6QTR, STM32U599NIH6Q, STM32U599NJH6Q, STM32U599VIT6Q, STM32U599VJT6, STM32U599VJT6Q, STM32U599ZIT6Q, STM32U599ZIY6QTR, STM32U599ZJT6Q, STM32U599ZJY6QTR, STM32U5A5AJH6, STM32U5A5AJH6Q, STM32U5A5QII3Q , STM32U5A5QJI6, STM32U5A5QJI6Q, STM32U5A5RJT6, STM32U5A5RJT6Q, STM32U5A5VJT6, STM32U5A5VJT6Q, STM32U5A5ZJT6, STM32U5A5ZJT6Q, STM32U5A5ZJY6QTR, STM32U5A9BJY6QTR, STM32U5A9J-DK, STM32U5A9NJH6Q, STM32U5A9VJT6Q, STM32U5A9ZJT6Q, STM32U5A9ZJY6QTR, STM32U5F7VIT6, STM32U5F7VIT6Q, STM32U5F7VJT6, STM32U5F7VJT6Q, STM32U5F9BJY6QTR, STM32U5F9NJH6Q, STM32U5F9VIT6Q, STM32U5F9VJT6Q, STM32U5F9ZIJ6QTR, STM32U5F9ZIT6Q, STM32U5F9ZJJ6QTR, STM32U5F9ZJT6Q, STM32U5G7VJT6, STM32U5G7VJT6Q, STM32U5G9BJY6QTR, STM32U5G9J-DK1, STM32U5G9J-DK2, STM32U5G9NJH6Q, STM32U5G9VJT6Q, STM32U5G9ZJJ6QTR, STM32U5G9ZJT6Q, STM32WB05KZV6TR, STM32WB05KZV7TR, STM32WB05TZF6TR, STM32WB05TZF7TR, STM32WB06CCF6TR, STM32WB06CCF7TR, STM32WB06CCV6TR, STM32WB06CCV7TR, STM32WB06KCV6TR, STM32WB06KCV7TR, STM32WB07CCF6TR, STM32WB07CCF7TR, STM32WB07CCV6TR, STM32WB07CCV7TR, STM32WB07KCV6TR, STM32WB07KCV7TR, STM32WB09KEV6TR, STM32WB09KEV7TR, STM32WB09TEF6TR, STM32WB09TEF7TR, STM32WB1MMCH6, STM32WBA50KGU6, STM32WBA50KGU6TR, STM32WBA52CEU6, STM32WBA52CEU6TR, STM32WBA52CEU7, STM32WBA52CEU7TR, STM32WBA52CGU6, STM32WBA52CGU6TR, STM32WBA52CGU6U, STM32WBA52CGU7, STM32WBA52CGU7TR, STM32WBA52KEU6, STM32WBA52KEU6TR, STM32WBA52KGU6, STM32WBA52KGU6TR, STM32WBA54CEU6, STM32WBA54CEU6TR, STM32WBA54CEU7, STM32WBA54CEU7TR, STM32WBA54CGU6, STM32WBA54CGU6TR, STM32WBA54CGU7, STM32WBA54CGU7TR, STM32WBA54KEU6, STM32WBA54KEU6TR, STM32WBA54KEU7, STM32WBA54KEU7TR, STM32WBA54KGU6, STM32WBA54KGU6TR, STM32WBA54KGU7, STM32WBA54KGU7TR, STM32WBA55CEU6, STM32WBA55CEU6TR, STM32WBA55CEU7, STM32WBA55CEU7TR, STM32WBA55CGU6, STM32WBA55CGU6TR, STM32WBA55CGU6U, STM32WBA55CGU7, STM32WBA55CGU7TR, STM32WBA55G-DK1, STM32WBA55HEF6, STM32WBA55HEF7, STM32WBA55HGF6, STM32WBA55HGF7, STM32WBA55UEI6, STM32WBA55UEI6TR, STM32WBA55UEI7, STM32WBA55UEI7TR, STM32WBA55UGI6, STM32WBA55UGI6TR, STM32WBA55UGI7, STM32WBA55UGI7TR, STM32WBA5MJGH6TR, STM32WBA62CGU6, STM32WBA62CIU6, STM32WBA62MGF6, STM32WBA62MIF6, STM32WBA62PGI6, STM32WBA62PII6, STM32WBA63CGU6, STM32WBA63CGU7, STM32WBA63CIU6, STM32WBA63CIU7, STM32WBA64CGU6, STM32WBA64CGU7, STM32WBA64CIU6, STM32WBA64CIU7, STM32WBA65CGU6, STM32WBA65CGU7, STM32WBA65CIU6, STM32WBA65CIU7, STM32WBA65I-DK1, STM32WBA65MGF6, STM32WBA65MGF7, STM32WBA65MIF6, STM32WBA65MIF7, STM32WBA65PGI6, STM32WBA65PGI7, STM32WBA65PII6, STM32WBA65PII7, STM32WBA65RGV6, STM32WBA65RGV7, STM32WBA65RIV6, STM32WBA65RIV7, STM32WL30K8V6, STM32WL30KBV6, STM32WL31C8V6, STM32WL31CBV6, STM32WL31K8V6, STM32WL31KBV6, STM32WL33C8V6, STM32WL33C8V6TR, STM32WL33C8V7, STM32WL33C8V7TR, STM32WL33CBV6, STM32WL33CBV6TR, STM32WL33CBV7, STM32WL33CBV7TR, STM32WL33CCV6, STM32WL33CCV6TR, STM32WL33CCV7, STM32WL33CCV7A, STM32WL33CCV7ATR, STM32WL33CCV7TR, STM32WL33K8V6, STM32WL33K8V6TR, STM32WL33K8V7, STM32WL33K8V7TR, STM32WL33KBV6, STM32WL33KBV6TR, STM32WL33KBV7, STM32WL33KBV7TR, STM32WL33KCV6, STM32WL33KCV6TR, STM32WL33KCV7, STM32WL33KCV7TR, STM32WL5MOCH6, STM32WL5MOCH6TR]
2026-02-07 16:19:29,056 [INFO] BoardInfo:889 - No configuration file found for board P-NUCLEO-WB55
2026-02-07 16:19:29,058 [INFO] DbBoards:161 - Kit is not supported: P-NUCLEO-WB55
2026-02-07 16:19:29,068 [INFO] BoardInfo:889 - No configuration file found for board STEVAL-BFA001V1B
2026-02-07 16:19:29,069 [INFO] DbBoards:161 - Kit is not supported: STEVAL-BFA001V1B
2026-02-07 16:19:29,070 [INFO] BoardInfo:889 - No configuration file found for board STEVAL-BFA001V2B
2026-02-07 16:19:29,072 [INFO] DbBoards:161 - Kit is not supported: STEVAL-BFA001V2B
2026-02-07 16:19:29,312 [INFO] DbBoards:168 - Found 211 boards, 208 are supported
2026-02-07 16:19:29,312 [INFO] DbBoards:169 - Found 211 boards, 43 of them is supported for  Bsp
2026-02-07 16:19:29,314 [INFO] ApiDb:423 - Load user favorites file C:\Users\Lenovo/.stm32cubeide/favorites.boards.txt: 0 item(s)
2026-02-07 16:19:29,314 [INFO] ApiDb:427 - User favorites Boards=[]
2026-02-07 16:19:29,314 [INFO] DbBoards:198 - Set 0 / 0 favorites Boards
2026-02-07 16:19:29,333 [ERROR] TargetSelectorAdapter:267 - Unable to refresh data
2026-02-07 16:19:29,371 [INFO] McuFinderGlobals:76 - Set McuFinderConnectedMode to true
2026-02-07 16:19:29,373 [INFO] MultiScanPanel:200 - Auto-refresh data requested => check proxy status ongoing
2026-02-07 16:19:29,374 [INFO] FinderPluginLoader:95 - Searching for filters in installed packs
2026-02-07 16:19:30,201 [INFO] LoadUrlFilesThread:185 - End of LoadServerUrlFiles without Thread
2026-02-07 16:19:30,202 [INFO] DetailPanel:341 - Set advertising image to C:/Users/Lenovo/STM32Cube/Repository/\en.prom-stm32mp21-0126.png
2026-02-07 16:19:54,364 [INFO] McuFinderGlobals:76 - Set McuFinderConnectedMode to true
2026-02-07 16:19:54,369 [INFO] ApiDb:448 - Save user favorites file C:\Users\Lenovo/.stm32cubeide/favorites.mcus.txt: 1 item(s)
2026-02-07 16:19:54,369 [INFO] ApiDb:452 - User favorites MCUs=[STM32F103C8T6]
2026-02-07 17:02:04,355 [ERROR] AdobePublisher:162 - Exception while opening the connection: java.net.UnknownHostException: stmicroelectronics.d3.sc.omtrdc.net
2026-02-07 17:02:04,367 [ERROR] AdobePublisher:162 - Exception while opening the connection: java.net.UnknownHostException: stmicroelectronics.d3.sc.omtrdc.net
2026-02-07 17:02:04,368 [ERROR] AdobePublisher:162 - Exception while opening the connection: java.net.UnknownHostException: stmicroelectronics.d3.sc.omtrdc.net
2026-02-07 17:02:04,369 [ERROR] AdobePublisher:162 - Exception while opening the connection: java.net.UnknownHostException: stmicroelectronics.d3.sc.omtrdc.net
2026-02-07 17:02:04,369 [ERROR] AdobePublisher:162 - Exception while opening the connection: java.net.UnknownHostException: stmicroelectronics.d3.sc.omtrdc.net
2026-02-07 17:02:13,384 [ERROR] LogOutputStream:75 - [STDERR_REDIRECT] 
2026-02-07 17:02:13,385 [ERROR] LogOutputStream:75 - [STDERR_REDIRECT] 
2026-02-07 17:02:45,426 [INFO] Activator:176 - 


2026-02-07 17:02:45,429 [INFO] Activator:177 - !SESSION log4j initialized
2026-02-07 17:02:52,136 [INFO] LogOutputStream:77 - [STDOUT_REDIRECT] 
2026-02-07 17:02:53,956 [INFO] ApplicationProperties:184 - Using Application install path: C:\ST\STM32CubeIDE_1.18.1\STM32CubeIDE\plugins\com.st.stm32cube.common.mx_6.14.1.202504091515
2026-02-07 17:02:53,976 [INFO] DbMcusXml:78 - Set database path to: C:\ST\STM32CubeIDE_1.18.1\STM32CubeIDE\plugins\com.st.stm32cube.common.mx_6.14.1.202504091515\\db\/mcu/
2026-02-07 17:02:53,977 [INFO] ApiDb:274 - Set plugin database path to: C:\ST\STM32CubeIDE_1.18.1\STM32CubeIDE\plugins\com.st.stm32cube.common.mx_6.14.1.202504091515\\db\/plugins/boardmanager/
2026-02-07 17:02:53,977 [WARN] ApiDb:259 - Overriding images path with different value:  => C:\ST\STM32CubeIDE_1.18.1\STM32CubeIDE\plugins\com.st.stm32cube.common.mx_6.14.1.202504091515\\db\/plugins/mcufinder/images/
2026-02-07 17:02:53,988 [INFO] ApiDb:250 - Set database path to: C:\Users\Lenovo\.stmcufinder\plugins\mcufinder//mcu/
2026-02-07 17:02:53,989 [INFO] DbMcusAds:125 - Set database path to: C:\Users\Lenovo\.stmcufinder\plugins\mcufinder//mcu/
2026-02-07 17:02:53,991 [INFO] CrossReferenceDbSqlite:203 - Set database path to: C:\Users\Lenovo\.stmcufinder\plugins\mcufinder//mcu/cs/
2026-02-07 17:02:54,114 [INFO] RulesReader:64 - Compatibility file has been processed (302 Rules)
2026-02-07 17:02:54,221 [INFO] DbMcusXml:78 - Set database path to: C:\ST\STM32CubeIDE_1.18.1\STM32CubeIDE\plugins\com.st.stm32cube.common.mx_6.14.1.202504091515\\db\/mcu/
2026-02-07 17:02:54,222 [INFO] ApiDb:274 - Set plugin database path to: C:\ST\STM32CubeIDE_1.18.1\STM32CubeIDE\plugins\com.st.stm32cube.common.mx_6.14.1.202504091515\\db\/plugins/boardmanager/
2026-02-07 17:02:54,222 [INFO] ApiDb:261 - Set plugin images path to: C:\ST\STM32CubeIDE_1.18.1\STM32CubeIDE\plugins\com.st.stm32cube.common.mx_6.14.1.202504091515\\db\/plugins/mcufinder/images/
2026-02-07 17:02:54,222 [WARN] DbFile:41 - Overriding database path with different value: C:\Users\Lenovo\.stmcufinder\plugins\mcufinder/ => C:\Users\Lenovo\.stmcufinder\plugins\mcufinder
2026-02-07 17:02:54,222 [INFO] ApiDb:250 - Set database path to: C:\Users\Lenovo\.stmcufinder\plugins\mcufinder//mcu/
2026-02-07 17:02:54,223 [WARN] DbFile:41 - Overriding database path with different value: C:\Users\Lenovo\.stmcufinder\plugins\mcufinder/ => C:\Users\Lenovo\.stmcufinder\plugins\mcufinder
2026-02-07 17:02:54,223 [INFO] DbMcusAds:125 - Set database path to: C:\Users\Lenovo\.stmcufinder\plugins\mcufinder//mcu/
2026-02-07 17:02:54,223 [WARN] DbFile:41 - Overriding database path with different value: C:\Users\Lenovo\.stmcufinder\plugins\mcufinder/ => C:\Users\Lenovo\.stmcufinder\plugins\mcufinder
2026-02-07 17:02:54,223 [WARN] DbFile:41 - Overriding database path with different value: C:\Users\Lenovo\.stmcufinder\plugins\mcufinder/ => C:\Users\Lenovo\.stmcufinder\plugins\mcufinder
2026-02-07 17:02:54,223 [INFO] CrossReferenceDbSqlite:203 - Set database path to: C:\Users\Lenovo\.stmcufinder\plugins\mcufinder//mcu/cs/
2026-02-07 17:02:54,306 [INFO] MainPanel:272 - HeapMemory: 268435456
2026-02-07 17:02:54,430 [INFO] DbMcusXml:78 - Set database path to: C:\ST\STM32CubeIDE_1.18.1\STM32CubeIDE\plugins\com.st.stm32cube.common.mx_6.14.1.202504091515\\db\/mcu/
2026-02-07 17:02:54,430 [INFO] ApiDb:274 - Set plugin database path to: C:\ST\STM32CubeIDE_1.18.1\STM32CubeIDE\plugins\com.st.stm32cube.common.mx_6.14.1.202504091515\\db\/plugins/boardmanager/
2026-02-07 17:02:54,430 [INFO] ApiDb:261 - Set plugin images path to: C:\ST\STM32CubeIDE_1.18.1\STM32CubeIDE\plugins\com.st.stm32cube.common.mx_6.14.1.202504091515\\db\/plugins/mcufinder/images/
2026-02-07 17:02:54,430 [WARN] DbFile:41 - Overriding database path with different value: C:\Users\Lenovo\.stmcufinder\plugins\mcufinder/ => C:\Users\Lenovo\.stmcufinder\plugins\mcufinder
2026-02-07 17:02:54,430 [INFO] ApiDb:250 - Set database path to: C:\Users\Lenovo\.stmcufinder\plugins\mcufinder//mcu/
2026-02-07 17:02:54,430 [WARN] DbFile:41 - Overriding database path with different value: C:\Users\Lenovo\.stmcufinder\plugins\mcufinder/ => C:\Users\Lenovo\.stmcufinder\plugins\mcufinder
2026-02-07 17:02:54,430 [INFO] DbMcusAds:125 - Set database path to: C:\Users\Lenovo\.stmcufinder\plugins\mcufinder//mcu/
2026-02-07 17:02:54,430 [WARN] DbFile:41 - Overriding database path with different value: C:\Users\Lenovo\.stmcufinder\plugins\mcufinder/ => C:\Users\Lenovo\.stmcufinder\plugins\mcufinder
2026-02-07 17:02:54,431 [WARN] DbFile:41 - Overriding database path with different value: C:\Users\Lenovo\.stmcufinder\plugins\mcufinder/ => C:\Users\Lenovo\.stmcufinder\plugins\mcufinder
2026-02-07 17:02:54,431 [INFO] CrossReferenceDbSqlite:203 - Set database path to: C:\Users\Lenovo\.stmcufinder\plugins\mcufinder//mcu/cs/
2026-02-07 17:02:54,451 [INFO] ApplicationProperties:184 - Using Application install path: C:\ST\STM32CubeIDE_1.18.1\STM32CubeIDE\plugins\com.st.stm32cube.common.mx_6.14.1.202504091515
2026-02-07 17:02:54,452 [INFO] PluginManage:196 - Search for loadable plugins [exclusion list=, ]
2026-02-07 17:02:54,454 [INFO] PluginManage:310 - Check plugin analytics
2026-02-07 17:02:54,624 [INFO] AnalyticsPlugin:253 - Accepted Software Licenses: 
2026-02-07 17:02:54,625 [INFO] AnalyticsPlugin:255 - Accepted CMSIS Pack Licenses: 
2026-02-07 17:02:54,625 [INFO] AnalyticsPlugin:257 - Accepted Firmware Licenses: 
2026-02-07 17:02:54,627 [INFO] PluginManage:359 - Loaded plugin analytics (category:tool,tabindex:-1)
2026-02-07 17:02:54,627 [INFO] PluginManage:310 - Check plugin cadmodel
2026-02-07 17:02:54,650 [INFO] CADModel:105 - Init CAD model plugin
2026-02-07 17:02:54,650 [INFO] PluginManage:359 - Loaded plugin cadmodel (category:power,tabindex:5)
2026-02-07 17:02:54,650 [INFO] PluginManage:310 - Check plugin clock
2026-02-07 17:02:54,673 [INFO] PluginManage:359 - Loaded plugin clock (category:base,tabindex:2)
2026-02-07 17:02:54,674 [INFO] PluginManage:310 - Check plugin ddr
2026-02-07 17:02:54,676 [INFO] PluginManage:359 - Loaded plugin ddr (category:tool,tabindex:6)
2026-02-07 17:02:54,676 [INFO] PluginManage:310 - Check plugin filemanager
2026-02-07 17:02:54,814 [INFO] PluginManage:359 - Loaded plugin filemanager (category:base,tabindex:10)
2026-02-07 17:02:54,814 [INFO] PluginManage:310 - Check plugin ipmanager
2026-02-07 17:02:54,821 [INFO] PluginManage:359 - Loaded plugin ipmanager (category:base,tabindex:5)
2026-02-07 17:02:54,821 [INFO] PluginManage:310 - Check plugin lpbam
2026-02-07 17:02:54,843 [INFO] PluginManage:359 - Loaded plugin lpbam (category:base,tabindex:0)
2026-02-07 17:02:54,844 [INFO] PluginManage:310 - Check plugin memorymap
2026-02-07 17:02:54,875 [INFO] PluginManage:359 - Loaded plugin memorymap (category:base,tabindex:4)
2026-02-07 17:02:54,875 [INFO] PluginManage:310 - Check plugin pinoutandconfiguration
2026-02-07 17:02:54,910 [INFO] PluginManage:359 - Loaded plugin pinoutandconfiguration (category:base,tabindex:1)
2026-02-07 17:02:54,910 [INFO] PluginManage:310 - Check plugin pinoutconfig
2026-02-07 17:02:55,014 [WARN] SupportedApi:132 - Cannot load RTOS API schema: s4s-elt-must-match.1: The content of 'definitions' must match (annotation?, (simpleType | complexType)?, (unique | key | keyref)*)). A problem was found starting at: attribute.
2026-02-07 17:02:55,184 [INFO] PluginManage:359 - Loaded plugin pinoutconfig (category:base,tabindex:0)
2026-02-07 17:02:55,184 [INFO] PluginManage:310 - Check plugin power
2026-02-07 17:02:55,211 [INFO] PluginManage:359 - Loaded plugin power (category:power,tabindex:4)
2026-02-07 17:02:55,212 [INFO] PluginManage:310 - Check plugin projectmanager
2026-02-07 17:02:55,228 [INFO] PluginManage:359 - Loaded plugin projectmanager (category:projectmanager,tabindex:4)
2026-02-07 17:02:55,228 [INFO] PluginManage:310 - Check plugin rif
2026-02-07 17:02:55,250 [INFO] PluginManage:359 - Loaded plugin rif (category:base,tabindex:3)
2026-02-07 17:02:55,251 [INFO] PluginManage:310 - Check plugin thirdparty
2026-02-07 17:02:55,521 [INFO] PluginManage:359 - Loaded plugin thirdparty (category:base,tabindex:-1)
2026-02-07 17:02:55,521 [INFO] PluginManage:310 - Check plugin tools
2026-02-07 17:02:55,521 [WARN] IntegrityCheckThread:84 - waiting for thirdparty lock release [integrity check]
2026-02-07 17:02:55,522 [INFO] IntegrityCheckThread:86 - entering critical section [integrity check]
2026-02-07 17:02:55,522 [INFO] ThirdPartyUpdaterWithRetryManager:70 - Updater plugin not ready yet. [1/15]
2026-02-07 17:02:55,580 [INFO] PluginManage:359 - Loaded plugin tools (category:base,tabindex:7)
2026-02-07 17:02:55,580 [INFO] PluginManage:310 - Check plugin tutovideos
2026-02-07 17:02:55,775 [INFO] PluginManage:359 - Loaded plugin tutovideos (category:base,tabindex:-1)
2026-02-07 17:02:55,775 [INFO] PluginManage:310 - Check plugin updater
2026-02-07 17:02:55,798 [INFO] PluginManage:359 - Loaded plugin updater (category:base,tabindex:12)
2026-02-07 17:02:55,798 [INFO] PluginManage:310 - Check plugin userauth
2026-02-07 17:02:55,803 [INFO] UserAuth:118 - Init User Auth plugin
2026-02-07 17:02:55,804 [INFO] PluginManage:359 - Loaded plugin userauth (category:base,tabindex:14)
2026-02-07 17:02:55,804 [INFO] PluginManage:283 - PluginManage : Loaded plugins [18]
2026-02-07 17:02:56,046 [INFO] PinOutPanel:1589 - setPackage(No Configuration,No Configuration)
2026-02-07 17:02:56,134 [INFO] CADModel:165 - CPN selected for project level
2026-02-07 17:02:56,134 [INFO] CADModel:114 - Register for checkConnection events
2026-02-07 17:02:56,172 [INFO] IPUIPlugin:80 - create IPUIPlugin
2026-02-07 17:02:56,173 [INFO] PluginManager:220 - loadIPPluginJar : add adc
2026-02-07 17:02:56,234 [INFO] IPUIPlugin:80 - create IPUIPlugin
2026-02-07 17:02:56,234 [INFO] PluginManager:220 - loadIPPluginJar : add aes
2026-02-07 17:02:56,301 [INFO] IPUIPlugin:80 - create IPUIPlugin
2026-02-07 17:02:56,301 [INFO] PluginManager:220 - loadIPPluginJar : add can
2026-02-07 17:02:56,305 [INFO] IPUIPlugin:80 - create IPUIPlugin
2026-02-07 17:02:56,305 [INFO] PluginManager:220 - loadIPPluginJar : add comp
2026-02-07 17:02:56,356 [INFO] IPUIPlugin:80 - create IPUIPlugin
2026-02-07 17:02:56,356 [INFO] PluginManager:220 - loadIPPluginJar : add cryp
2026-02-07 17:02:56,372 [INFO] IPUIPlugin:80 - create IPUIPlugin
2026-02-07 17:02:56,372 [INFO] PluginManager:220 - loadIPPluginJar : add ddr_ctrl_phy
2026-02-07 17:02:56,377 [INFO] IPUIPlugin:80 - create IPUIPlugin
2026-02-07 17:02:56,377 [INFO] PluginManager:220 - loadIPPluginJar : add dfsdm
2026-02-07 17:02:56,397 [INFO] IPUIPlugin:80 - create IPUIPlugin
2026-02-07 17:02:56,397 [INFO] PluginManager:220 - loadIPPluginJar : add dma
2026-02-07 17:02:56,458 [INFO] IPUIPlugin:80 - create IPUIPlugin
2026-02-07 17:02:56,458 [INFO] PluginManager:220 - loadIPPluginJar : add dma3
2026-02-07 17:02:56,523 [INFO] IPUIPlugin:80 - create IPUIPlugin
2026-02-07 17:02:56,523 [INFO] PluginManager:220 - loadIPPluginJar : add extmemmanager
2026-02-07 17:02:56,557 [INFO] IPUIPlugin:80 - create IPUIPlugin
2026-02-07 17:02:56,557 [INFO] PluginManager:220 - loadIPPluginJar : add fatfs
2026-02-07 17:02:56,625 [INFO] IPUIPlugin:80 - create IPUIPlugin
2026-02-07 17:02:56,625 [INFO] PluginManager:220 - loadIPPluginJar : add fmc
2026-02-07 17:02:56,645 [INFO] IPUIPlugin:80 - create IPUIPlugin
2026-02-07 17:02:56,645 [INFO] PluginManager:220 - loadIPPluginJar : add freertos
2026-02-07 17:02:56,648 [INFO] IPUIPlugin:80 - create IPUIPlugin
2026-02-07 17:02:56,648 [INFO] PluginManager:220 - loadIPPluginJar : add genericplugin
2026-02-07 17:02:56,794 [INFO] IPUIPlugin:80 - create IPUIPlugin
2026-02-07 17:02:56,794 [INFO] PluginManager:220 - loadIPPluginJar : add gfxmmu
2026-02-07 17:02:56,993 [INFO] IPUIPlugin:80 - create IPUIPlugin
2026-02-07 17:02:56,993 [INFO] PluginManager:220 - loadIPPluginJar : add gic
2026-02-07 17:02:57,010 [INFO] IPUIPlugin:80 - create IPUIPlugin
2026-02-07 17:02:57,010 [INFO] PluginManager:220 - loadIPPluginJar : add gpio
2026-02-07 17:02:57,141 [INFO] IPUIPlugin:80 - create IPUIPlugin
2026-02-07 17:02:57,141 [INFO] PluginManager:220 - loadIPPluginJar : add gtzc
2026-02-07 17:02:57,144 [INFO] IPUIPlugin:80 - create IPUIPlugin
2026-02-07 17:02:57,145 [INFO] PluginManager:220 - loadIPPluginJar : add hash
2026-02-07 17:02:57,223 [INFO] IPUIPlugin:80 - create IPUIPlugin
2026-02-07 17:02:57,223 [INFO] PluginManager:220 - loadIPPluginJar : add i2c
2026-02-07 17:02:57,281 [INFO] IPUIPlugin:80 - create IPUIPlugin
2026-02-07 17:02:57,281 [INFO] PluginManager:220 - loadIPPluginJar : add i2s
2026-02-07 17:02:57,342 [INFO] IPUIPlugin:80 - create IPUIPlugin
2026-02-07 17:02:57,342 [INFO] PluginManager:220 - loadIPPluginJar : add i3c
2026-02-07 17:02:57,477 [INFO] IPUIPlugin:80 - create IPUIPlugin
2026-02-07 17:02:57,477 [INFO] PluginManager:220 - loadIPPluginJar : add ipddr
2026-02-07 17:02:57,616 [INFO] IPUIPlugin:80 - create IPUIPlugin
2026-02-07 17:02:57,616 [INFO] PluginManager:220 - loadIPPluginJar : add linkedlist
2026-02-07 17:02:57,673 [INFO] IPUIPlugin:80 - create IPUIPlugin
2026-02-07 17:02:57,673 [INFO] PluginManager:220 - loadIPPluginJar : add lorawan
2026-02-07 17:02:57,739 [INFO] IPUIPlugin:80 - create IPUIPlugin
2026-02-07 17:02:57,739 [INFO] PluginManager:220 - loadIPPluginJar : add ltdc
2026-02-07 17:02:57,761 [INFO] IPUIPlugin:80 - create IPUIPlugin
2026-02-07 17:02:57,762 [INFO] PluginManager:220 - loadIPPluginJar : add mdma
2026-02-07 17:02:57,781 [INFO] IPUIPlugin:80 - create IPUIPlugin
2026-02-07 17:02:57,781 [INFO] PluginManager:220 - loadIPPluginJar : add nvic
2026-02-07 17:02:57,851 [INFO] IPUIPlugin:80 - create IPUIPlugin
2026-02-07 17:02:57,851 [INFO] PluginManager:220 - loadIPPluginJar : add opamp
2026-02-07 17:02:57,946 [INFO] IPUIPlugin:80 - create IPUIPlugin
2026-02-07 17:02:57,946 [INFO] PluginManager:220 - loadIPPluginJar : add openamp
2026-02-07 17:02:58,013 [INFO] IPUIPlugin:80 - create IPUIPlugin
2026-02-07 17:02:58,013 [INFO] PluginManager:220 - loadIPPluginJar : add pdm2pcm
2026-02-07 17:02:58,032 [INFO] IPUIPlugin:80 - create IPUIPlugin
2026-02-07 17:02:58,034 [INFO] PluginManager:220 - loadIPPluginJar : add plateformsettings
2026-02-07 17:02:58,071 [INFO] IPUIPlugin:80 - create IPUIPlugin
2026-02-07 17:02:58,071 [INFO] PluginManager:220 - loadIPPluginJar : add quadspi
2026-02-07 17:02:58,074 [INFO] IPUIPlugin:80 - create IPUIPlugin
2026-02-07 17:02:58,075 [INFO] PluginManager:220 - loadIPPluginJar : add radio
2026-02-07 17:02:58,092 [INFO] IPUIPlugin:80 - create IPUIPlugin
2026-02-07 17:02:58,092 [INFO] PluginManager:220 - loadIPPluginJar : add resmgrutility
2026-02-07 17:02:58,159 [INFO] IPUIPlugin:80 - create IPUIPlugin
2026-02-07 17:02:58,159 [INFO] PluginManager:220 - loadIPPluginJar : add sai
2026-02-07 17:02:58,216 [INFO] IPUIPlugin:80 - create IPUIPlugin
2026-02-07 17:02:58,216 [INFO] PluginManager:220 - loadIPPluginJar : add spi
2026-02-07 17:02:58,321 [INFO] IPUIPlugin:80 - create IPUIPlugin
2026-02-07 17:02:58,322 [INFO] PluginManager:220 - loadIPPluginJar : add stm32_wpan
2026-02-07 17:02:58,362 [INFO] IPUIPlugin:80 - create IPUIPlugin
2026-02-07 17:02:58,362 [INFO] PluginManager:220 - loadIPPluginJar : add tim
2026-02-07 17:02:58,452 [INFO] IPUIPlugin:80 - create IPUIPlugin
2026-02-07 17:02:58,452 [INFO] PluginManager:220 - loadIPPluginJar : add touchsensing
2026-02-07 17:02:58,491 [INFO] IPUIPlugin:80 - create IPUIPlugin
2026-02-07 17:02:58,491 [INFO] PluginManager:220 - loadIPPluginJar : add tracer_emb
2026-02-07 17:02:58,523 [INFO] ThirdPartyUpdaterWithRetryManager:70 - Updater plugin not ready yet. [2/15]
2026-02-07 17:02:58,528 [INFO] IPUIPlugin:80 - create IPUIPlugin
2026-02-07 17:02:58,529 [INFO] PluginManager:220 - loadIPPluginJar : add ts
2026-02-07 17:02:58,531 [INFO] IPUIPlugin:80 - create IPUIPlugin
2026-02-07 17:02:58,532 [INFO] PluginManager:220 - loadIPPluginJar : add tsc
2026-02-07 17:02:58,535 [INFO] IPUIPlugin:80 - create IPUIPlugin
2026-02-07 17:02:58,535 [INFO] PluginManager:220 - loadIPPluginJar : add ucpd
2026-02-07 17:02:58,600 [INFO] IPUIPlugin:80 - create IPUIPlugin
2026-02-07 17:02:58,600 [INFO] PluginManager:220 - loadIPPluginJar : add usart
2026-02-07 17:02:58,666 [INFO] IPUIPlugin:80 - create IPUIPlugin
2026-02-07 17:02:58,666 [INFO] PluginManager:220 - loadIPPluginJar : add usbx
2026-02-07 17:02:58,798 [FATAL] Updater:351 - Updater called before beeing initialized
2026-02-07 17:02:58,828 [INFO] RulesReader:64 - Compatibility file has been processed (302 Rules)
2026-02-07 17:02:58,841 [INFO] RulesReader:64 - Compatibility file has been processed (302 Rules)
2026-02-07 17:02:58,854 [INFO] CADModel:165 - CPN selected for project level
2026-02-07 17:02:58,854 [INFO] CADModel:114 - Register for checkConnection events
2026-02-07 17:02:58,854 [FATAL] Updater:351 - Updater called before beeing initialized
2026-02-07 17:02:58,854 [ERROR] CADModel:125 - Updater not yet initialized, retry later 
2026-02-07 17:02:59,023 [FATAL] Updater:351 - Updater called before beeing initialized
2026-02-07 17:02:59,024 [INFO] CADModel:165 - CPN selected for project level
2026-02-07 17:02:59,025 [INFO] CADModel:114 - Register for checkConnection events
2026-02-07 17:02:59,025 [FATAL] Updater:351 - Updater called before beeing initialized
2026-02-07 17:02:59,025 [ERROR] CADModel:125 - Updater not yet initialized, retry later 
2026-02-07 17:02:59,029 [FATAL] Updater:351 - Updater called before beeing initialized
2026-02-07 17:02:59,155 [FATAL] Updater:351 - Updater called before beeing initialized
2026-02-07 17:02:59,170 [INFO] DbMcusAds:53 - JSON generation date=Thu Jan 08 22:57:51 ICT 2026 (1767887871456)
2026-02-07 17:02:59,170 [FATAL] Updater:351 - Updater called before beeing initialized
2026-02-07 17:02:59,205 [WARN] DetailPanel:346 - Failed to get advertising image, set to default
2026-02-07 17:02:59,433 [FATAL] Updater:351 - Updater called before beeing initialized
2026-02-07 17:02:59,436 [FATAL] Updater:351 - Updater called before beeing initialized
2026-02-07 17:02:59,436 [FATAL] Updater:351 - Updater called before beeing initialized
2026-02-07 17:02:59,436 [WARN] DetailPanel:346 - Failed to get advertising image, set to default
2026-02-07 17:02:59,437 [FATAL] Updater:351 - Updater called before beeing initialized
2026-02-07 17:02:59,494 [ERROR] Updater:1198 - MainUpdater not yet initialized. External WinMGr cannot be set.
2026-02-07 17:02:59,497 [INFO] Updater:1134 - Updater Version found : 6.14.1
2026-02-07 17:02:59,517 [INFO] ApplicationProperties:184 - Using Application install path: C:\ST\STM32CubeIDE_1.18.1\STM32CubeIDE\plugins\com.st.stm32cube.common.mx_6.14.1.202504091515
2026-02-07 17:03:01,107 [ERROR] LogOutputStream:75 - [STDERR_REDIRECT] Feb 07, 2026 5:03:01 PM java.util.prefs.WindowsPreferences <init>
2026-02-07 17:03:01,108 [ERROR] LogOutputStream:75 - [STDERR_REDIRECT] WARNING: Could not open/create prefs root node Software\JavaSoft\Prefs at root 0xffffffff80000002. Windows RegCreateKeyEx(...) returned error code 5.
2026-02-07 17:03:01,108 [ERROR] LogOutputStream:75 - [STDERR_REDIRECT] 
2026-02-07 17:03:01,525 [INFO] ThirdPartyUpdaterWithRetryManager:70 - Updater plugin not ready yet. [3/15]
2026-02-07 17:03:01,566 [INFO] MainUpdater:2872 - connection check result : 10
2026-02-07 17:03:01,566 [INFO] MainUpdater:289 - Updater Check For Update Now.
2026-02-07 17:03:01,567 [INFO] MicroXplorer:498 - Change Database Version : DB.6.0.141
2026-02-07 17:03:01,577 [INFO] McuFinderGlobals:63 - Set McuFinder mode to 2 (CubeIDE integrated)
2026-02-07 17:03:01,577 [INFO] UserAuth:171 - activating auth plugin
2026-02-07 17:03:01,582 [INFO] UserAuth:484 - Internet connection configuration mode: 1
2026-02-07 17:03:01,626 [INFO] JxBrowserEngine:152 - Initiate JxBrowser Engine with user profile folder
2026-02-07 17:03:01,792 [INFO] CheckServerUpdateThread:120 - End of CheckServer Thread
2026-02-07 17:03:03,006 [INFO] WebApp:169 - Instantiating new browser for Auth
2026-02-07 17:03:03,738 [INFO] WebApp:463 - Apply proxy settings
2026-02-07 17:03:03,739 [INFO] WebApp:548 - Chromium requires no authentication
2026-02-07 17:03:03,747 [INFO] WebApp:491 - Direct internet connection detected
2026-02-07 17:03:03,772 [INFO] WebApp:894 - Register for checkConnection events
2026-02-07 17:03:03,772 [INFO] WebApp:463 - Apply proxy settings
2026-02-07 17:03:03,772 [INFO] WebApp:548 - Chromium requires no authentication
2026-02-07 17:03:03,773 [INFO] WebApp:491 - Direct internet connection detected
2026-02-07 17:03:03,938 [INFO] WebApp:225 - Starting web application
2026-02-07 17:03:03,938 [INFO] WebApp:593 - Web application path used C:\ST\STM32CubeIDE_1.18.1\STM32CubeIDE\plugins\com.st.stm32cube.common.mx_6.14.1.202504091515\db\plugins\mcufinder\reactClient1\index.html
2026-02-07 17:03:04,069 [INFO] WebApp:191 - Connection restablished
2026-02-07 17:03:04,851 [WARN] PackLoader:240 - Cannot read IP mode file for STMicroelectronics.FP-SNS-MOTENVWB1.1.4.0
2026-02-07 17:03:04,877 [WARN] PackLoader:240 - Cannot read IP mode file for STMicroelectronics.X-CUBE-SMBUS.2.1.0
2026-02-07 17:03:04,923 [WARN] PackLoader:240 - Cannot read IP mode file for STMicroelectronics.X-CUBE-AZRTOS-F7.1.1.0
2026-02-07 17:03:04,951 [WARN] PackLoader:240 - Cannot read IP mode file for Cesanta.I-CUBE-Mongoose.7.19.0
2026-02-07 17:03:04,973 [ERROR] Engine:466 - C:\Users\Lenovo\.stm32cubemx\thirdparties\pdsc\STMicroelectronics.FP-SNS-MOTENV1.5.1.0.pdsc: PDSC version is not supported
2026-02-07 17:03:05,007 [ERROR] Engine:466 - C:\Users\Lenovo\.stm32cubemx\thirdparties\pdsc\WES.I-CUBE-Cesium.1.4.0.pdsc: PDSC version is not supported
2026-02-07 17:03:05,082 [WARN] PackLoader:240 - Cannot read IP mode file for Infineon.AIROC-Wi-Fi-Bluetooth-STM32.1.7.1
2026-02-07 17:03:05,140 [WARN] PackLoader:240 - Cannot read IP mode file for STMicroelectronics.X-CUBE-AZRTOS-H7.3.4.0
2026-02-07 17:03:05,176 [WARN] PackLoader:240 - Cannot read IP mode file for STMicroelectronics.X-CUBE-DISPLAY.3.0.0
2026-02-07 17:03:05,204 [WARN] PackLoader:240 - Cannot read IP mode file for STMicroelectronics.X-CUBE-NFC10.1.0.0
2026-02-07 17:03:05,228 [WARN] PackLoader:240 - Cannot read IP mode file for STMicroelectronics.X-CUBE-ST60.1.1.0
2026-02-07 17:03:05,261 [WARN] PackLoader:240 - Cannot read IP mode file for emotas.I-CUBE-CANOPEN.1.3.0
2026-02-07 17:03:05,329 [WARN] PackLoader:240 - Cannot read IP mode file for STMicroelectronics.X-CUBE-GNSS1.7.1.0
2026-02-07 17:03:05,377 [WARN] PackLoader:240 - Cannot read IP mode file for STMicroelectronics.FP-SNS-SMARTAG2.1.2.0
2026-02-07 17:03:05,411 [INFO] LogOutputStream:77 - [STDOUT_REDIRECT] 1 : Invalid condition id : UX_CORESTACK_Condition cause : null
2026-02-07 17:03:05,412 [INFO] LogOutputStream:77 - [STDOUT_REDIRECT] 1 : Invalid condition id : UX_CORESTACK_Condition cause : null
2026-02-07 17:03:05,413 [INFO] LogOutputStream:77 - [STDOUT_REDIRECT] 1 : Invalid condition id : UX_CORESTACK_Condition cause : null
2026-02-07 17:03:05,414 [INFO] LogOutputStream:77 - [STDOUT_REDIRECT] 1 : Invalid condition id : UX_CORESTACK_Condition cause : null
2026-02-07 17:03:05,415 [INFO] LogOutputStream:77 - [STDOUT_REDIRECT] 1 : Invalid condition id : UX_CORESTACK_Condition cause : null
2026-02-07 17:03:05,419 [WARN] PackLoader:240 - Cannot read IP mode file for STMicroelectronics.X-CUBE-AZRTOS-WL.2.0.0
2026-02-07 17:03:05,469 [WARN] PackLoader:240 - Cannot read IP mode file for STMicroelectronics.X-CUBE-AZRTOS-H7RS.1.2.0
2026-02-07 17:03:05,496 [WARN] PackLoader:240 - Cannot read IP mode file for STMicroelectronics.X-CUBE-BLE2.3.3.0
2026-02-07 17:03:05,563 [WARN] PackLoader:240 - Cannot read IP mode file for STMicroelectronics.X-CUBE-NFC9.1.0.0
2026-02-07 17:03:05,586 [WARN] PackLoader:240 - Cannot read IP mode file for wolfSSL.I-CUBE-wolfSSL.5.8.2
2026-02-07 17:03:05,611 [WARN] PackLoader:240 - Cannot read IP mode file for STMicroelectronics.X-CUBE-BLE1.7.1.0
2026-02-07 17:03:05,619 [WARN] PackLoader:240 - Cannot read IP mode file for wolfSSL.I-CUBE-wolfMQTT.1.19.2
2026-02-07 17:03:05,656 [ERROR] Engine:466 - C:\Users\Lenovo\.stm32cubemx\thirdparties\pdsc\STMicroelectronics.X-CUBE-FREERTOS.1.4.0.pdsc: PDSC version is not supported
2026-02-07 17:03:05,697 [WARN] PackLoader:240 - Cannot read IP mode file for STMicroelectronics.X-CUBE-EEPRMA1.5.2.0
2026-02-07 17:03:05,731 [ERROR] Engine:466 - C:\Users\Lenovo\.stm32cubemx\thirdparties\pdsc\STMicroelectronics.X-CUBE-ST67W61.1.1.0.pdsc: PDSC version is not supported
2026-02-07 17:03:05,815 [WARN] PackLoader:240 - Cannot read IP mode file for STMicroelectronics.X-CUBE-MEMS1.12.0.0
2026-02-07 17:03:05,989 [WARN] PackLoader:240 - Cannot read IP mode file for STMicroelectronics.X-CUBE-AZRTOS-G0.1.1.0
2026-02-07 17:03:06,029 [WARN] PackLoader:240 - Cannot read IP mode file for STMicroelectronics.X-CUBE-SAFEA1.1.2.2
2026-02-07 17:03:06,065 [WARN] PackLoader:240 - Cannot read IP mode file for STMicroelectronics.X-CUBE-NFC4.3.0.0
2026-02-07 17:03:06,103 [WARN] PackLoader:240 - Cannot read IP mode file for EmbeddedOffice.I-CUBE-FS-RTOS.1.0.1
2026-02-07 17:03:06,138 [WARN] PackLoader:240 - Cannot read IP mode file for STMicroelectronics.X-CUBE-WB05N.2.0.0
2026-02-07 17:03:06,166 [WARN] PackLoader:240 - Cannot read IP mode file for wolfSSL.I-CUBE-wolfTPM.3.8.0
2026-02-07 17:03:06,196 [WARN] PackLoader:240 - Cannot read IP mode file for STMicroelectronics.X-CUBE-TCPP.4.2.0
2026-02-07 17:03:06,228 [WARN] PackLoader:240 - Cannot read IP mode file for RealThread.X-CUBE-RT-Thread_Nano.4.1.1
2026-02-07 17:03:06,237 [WARN] PackLoader:240 - Cannot read IP mode file for STMicroelectronics.FP-ATR-SIGFOX1.3.2.0
2026-02-07 17:03:06,269 [WARN] PackLoader:240 - Cannot read IP mode file for ITTIA_DB.I-CUBE-ITTIADB.8.9.0
2026-02-07 17:03:06,296 [WARN] PackLoader:240 - Cannot read IP mode file for STMicroelectronics.X-CUBE-NFC6.3.2.0
2026-02-07 17:03:06,320 [WARN] PackLoader:240 - Cannot read IP mode file for STMicroelectronics.X-CUBE-AI.10.2.0
2026-02-07 17:03:06,361 [WARN] PackLoader:240 - Cannot read IP mode file for SEGGER.I-CUBE-embOS.1.3.1
2026-02-07 17:03:06,427 [WARN] PackLoader:240 - Cannot read IP mode file for STMicroelectronics.X-CUBE-ALGOBUILD.1.4.0
2026-02-07 17:03:06,499 [WARN] PackLoader:240 - Cannot read IP mode file for STMicroelectronics.X-CUBE-MEMS1.11.3.0
2026-02-07 17:03:06,647 [WARN] PackLoader:240 - Cannot read IP mode file for STMicroelectronics.X-CUBE-PM33A1.1.0.0
2026-02-07 17:03:06,754 [WARN] PackLoader:240 - Cannot read IP mode file for STMicroelectronics.X-CUBE-AZRTOS-F4.1.1.0
2026-02-07 17:03:06,816 [WARN] PackLoader:240 - Cannot read IP mode file for STMicroelectronics.X-CUBE-ISPU.2.1.0
2026-02-07 17:03:06,873 [ERROR] Engine:466 - C:\Users\Lenovo\.stm32cubemx\thirdparties\pdsc\STMicroelectronics.X-CUBE-IPS.3.2.0.pdsc: PDSC version is not supported
2026-02-07 17:03:06,916 [WARN] PackLoader:240 - Cannot read IP mode file for STMicroelectronics.X-CUBE-NFC12.1.0.0
2026-02-07 17:03:06,982 [WARN] PackLoader:240 - Cannot read IP mode file for STMicroelectronics.X-CUBE-AZRTOS-L5.2.0.0
2026-02-07 17:03:07,045 [WARN] PackLoader:240 - Cannot read IP mode file for STMicroelectronics.X-CUBE-NFC6.3.1.0
2026-02-07 17:03:07,096 [WARN] PackLoader:240 - Cannot read IP mode file for STMicroelectronics.X-CUBE-FREERTOS.1.3.1
2026-02-07 17:03:07,143 [WARN] PackLoader:240 - Cannot read IP mode file for STMicroelectronics.X-CUBE-TOUCHGFX.4.26.0
2026-02-07 17:03:07,191 [WARN] PackLoader:240 - Cannot read IP mode file for STMicroelectronics.FP-SNS-STAIOTCFT.1.0.0
2026-02-07 17:03:07,248 [WARN] PackLoader:240 - Cannot read IP mode file for STMicroelectronics.X-CUBE-DPower.1.3.0
2026-02-07 17:03:07,326 [WARN] ConditionMgr:438 - getConditionDescription Invalid condition id : LAN8742 Phy interface Condition cause : null
2026-02-07 17:03:07,328 [WARN] PackLoader:240 - Cannot read IP mode file for STMicroelectronics.X-CUBE-AZRTOS-L4.2.0.0
2026-02-07 17:03:07,331 [WARN] ConditionMgr:1044 - genDependencies : Invalid condition id : LAN8742 Phy interface Condition cause : null
2026-02-07 17:03:07,331 [WARN] ConditionMgr:1044 - genDependencies : Invalid condition id : LAN8742 Phy interface Condition cause : null
2026-02-07 17:03:07,333 [WARN] ConditionMgr:1044 - genDependencies : Invalid condition id : LAN8742 Phy interface Condition cause : null
2026-02-07 17:03:07,387 [WARN] PackLoader:240 - Cannot read IP mode file for STMicroelectronics.X-CUBE-SFXS2LP1.4.0.0
2026-02-07 17:03:07,425 [ERROR] Engine:466 - C:\Users\Lenovo\.stm32cubemx\thirdparties\pdsc\STMicroelectronics.X-CUBE-ST67W61.1.2.0.pdsc: PDSC version is not supported
2026-02-07 17:03:07,466 [WARN] PackLoader:240 - Cannot read IP mode file for STMicroelectronics.X-CUBE-BLEMGR.4.1.0
2026-02-07 17:03:07,524 [WARN] ConditionMgr:438 - getConditionDescription Invalid condition id : UX DEVICE CLASS RTOS Condition cause : null
2026-02-07 17:03:07,525 [WARN] ConditionMgr:438 - getConditionDescription Invalid condition id : UX DEVICE CLASS RTOS Condition cause : null
2026-02-07 17:03:07,528 [WARN] PackLoader:240 - Cannot read IP mode file for STMicroelectronics.X-CUBE-AZRTOS-WB.2.0.0
2026-02-07 17:03:07,529 [WARN] ConditionMgr:1044 - genDependencies : Invalid condition id : UX DEVICE CLASS RTOS Condition cause : null
2026-02-07 17:03:07,530 [WARN] ConditionMgr:1044 - genDependencies : Invalid condition id : UX DEVICE CLASS RTOS Condition cause : null
2026-02-07 17:03:07,530 [WARN] ConditionMgr:1044 - genDependencies : Invalid condition id : UX DEVICE CLASS RTOS Condition cause : null
2026-02-07 17:03:07,531 [WARN] ConditionMgr:1044 - genDependencies : Invalid condition id : UX DEVICE CLASS RTOS Condition cause : null
2026-02-07 17:03:07,531 [WARN] ConditionMgr:1044 - genDependencies : Invalid condition id : UX DEVICE CLASS RTOS Condition cause : null
2026-02-07 17:03:07,564 [WARN] PackLoader:240 - Cannot read IP mode file for STMicroelectronics.X-CUBE-GNSS1.7.0.1
2026-02-07 17:03:07,597 [WARN] ConditionMgr:438 - getConditionDescription Invalid condition id : Cortex-A Device cause : null
2026-02-07 17:03:07,609 [WARN] ConditionMgr:1044 - genDependencies : Invalid condition id : Cortex-A Device cause : null
2026-02-07 17:03:07,610 [WARN] ConditionMgr:1044 - genDependencies : Invalid condition id : Cortex-A Device cause : null
2026-02-07 17:03:07,610 [WARN] ConditionMgr:1044 - genDependencies : Invalid condition id : Cortex-A Device cause : null
2026-02-07 17:03:07,647 [WARN] PackLoader:240 - Cannot read IP mode file for STMicroelectronics.X-CUBE-STSE01.2.0.0
2026-02-07 17:03:07,690 [WARN] PackLoader:240 - Cannot read IP mode file for STMicroelectronics.X-CUBE-SUBG2.5.0.0
2026-02-07 17:03:07,750 [WARN] PackLoader:240 - Cannot read IP mode file for STMicroelectronics.X-CUBE-AZRTOS-H7RS.1.1.0
2026-02-07 17:03:07,793 [WARN] PackLoader:240 - Cannot read IP mode file for STMicroelectronics.X-CUBE-AZRTOS-G4.2.0.0
2026-02-07 17:03:07,802 [WARN] PackLoader:240 - Cannot read IP mode file for wolfSSL.I-CUBE-wolfSSH.1.4.20
2026-02-07 17:03:07,828 [WARN] PackLoader:240 - Cannot read IP mode file for STMicroelectronics.X-CUBE-NFC7.2.0.0
2026-02-07 17:03:07,853 [WARN] PackLoader:240 - Cannot read IP mode file for STMicroelectronics.X-CUBE-ALS.1.0.2
2026-02-07 17:03:07,877 [WARN] PackLoader:240 - Cannot read IP mode file for STMicroelectronics.X-CUBE-STSE01.1.0.0
2026-02-07 17:03:07,904 [WARN] PackLoader:240 - Cannot read IP mode file for STMicroelectronics.X-CUBE-TOF1.3.4.3
2026-02-07 17:03:07,910 [INFO] ThirdParty:978 - Integrity check success = true
2026-02-07 17:03:07,910 [INFO] IntegrityCheckThread:100 - exiting critical section [integrity check]
2026-02-07 17:03:07,910 [INFO] IntegrityCheckThread:103 - End integrity checks thread
2026-02-07 17:03:11,651 [ERROR] LogOutputStream:75 - [STDERR_REDIRECT] 
2026-02-07 17:03:17,290 [INFO] Activator:176 - 


2026-02-07 17:03:17,292 [INFO] Activator:177 - !SESSION log4j initialized
2026-02-07 17:03:22,109 [INFO] LogOutputStream:77 - [STDOUT_REDIRECT] 
2026-02-07 17:03:23,162 [INFO] ApplicationProperties:184 - Using Application install path: C:\ST\STM32CubeIDE_1.18.1\STM32CubeIDE\plugins\com.st.stm32cube.common.mx_6.14.1.202504091515
2026-02-07 17:03:23,175 [INFO] DbMcusXml:78 - Set database path to: C:\ST\STM32CubeIDE_1.18.1\STM32CubeIDE\plugins\com.st.stm32cube.common.mx_6.14.1.202504091515\\db\/mcu/
2026-02-07 17:03:23,175 [INFO] ApiDb:274 - Set plugin database path to: C:\ST\STM32CubeIDE_1.18.1\STM32CubeIDE\plugins\com.st.stm32cube.common.mx_6.14.1.202504091515\\db\/plugins/boardmanager/
2026-02-07 17:03:23,175 [WARN] ApiDb:259 - Overriding images path with different value:  => C:\ST\STM32CubeIDE_1.18.1\STM32CubeIDE\plugins\com.st.stm32cube.common.mx_6.14.1.202504091515\\db\/plugins/mcufinder/images/
2026-02-07 17:03:23,180 [INFO] ApiDb:250 - Set database path to: C:\Users\Lenovo\.stmcufinder\plugins\mcufinder//mcu/
2026-02-07 17:03:23,181 [INFO] DbMcusAds:125 - Set database path to: C:\Users\Lenovo\.stmcufinder\plugins\mcufinder//mcu/
2026-02-07 17:03:23,183 [INFO] CrossReferenceDbSqlite:203 - Set database path to: C:\Users\Lenovo\.stmcufinder\plugins\mcufinder//mcu/cs/
2026-02-07 17:03:23,286 [INFO] RulesReader:64 - Compatibility file has been processed (302 Rules)
2026-02-07 17:03:23,372 [INFO] DbMcusXml:78 - Set database path to: C:\ST\STM32CubeIDE_1.18.1\STM32CubeIDE\plugins\com.st.stm32cube.common.mx_6.14.1.202504091515\\db\/mcu/
2026-02-07 17:03:23,373 [INFO] ApiDb:274 - Set plugin database path to: C:\ST\STM32CubeIDE_1.18.1\STM32CubeIDE\plugins\com.st.stm32cube.common.mx_6.14.1.202504091515\\db\/plugins/boardmanager/
2026-02-07 17:03:23,373 [INFO] ApiDb:261 - Set plugin images path to: C:\ST\STM32CubeIDE_1.18.1\STM32CubeIDE\plugins\com.st.stm32cube.common.mx_6.14.1.202504091515\\db\/plugins/mcufinder/images/
2026-02-07 17:03:23,373 [WARN] DbFile:41 - Overriding database path with different value: C:\Users\Lenovo\.stmcufinder\plugins\mcufinder/ => C:\Users\Lenovo\.stmcufinder\plugins\mcufinder
2026-02-07 17:03:23,373 [INFO] ApiDb:250 - Set database path to: C:\Users\Lenovo\.stmcufinder\plugins\mcufinder//mcu/
2026-02-07 17:03:23,373 [WARN] DbFile:41 - Overriding database path with different value: C:\Users\Lenovo\.stmcufinder\plugins\mcufinder/ => C:\Users\Lenovo\.stmcufinder\plugins\mcufinder
2026-02-07 17:03:23,373 [INFO] DbMcusAds:125 - Set database path to: C:\Users\Lenovo\.stmcufinder\plugins\mcufinder//mcu/
2026-02-07 17:03:23,374 [WARN] DbFile:41 - Overriding database path with different value: C:\Users\Lenovo\.stmcufinder\plugins\mcufinder/ => C:\Users\Lenovo\.stmcufinder\plugins\mcufinder
2026-02-07 17:03:23,374 [WARN] DbFile:41 - Overriding database path with different value: C:\Users\Lenovo\.stmcufinder\plugins\mcufinder/ => C:\Users\Lenovo\.stmcufinder\plugins\mcufinder
2026-02-07 17:03:23,374 [INFO] CrossReferenceDbSqlite:203 - Set database path to: C:\Users\Lenovo\.stmcufinder\plugins\mcufinder//mcu/cs/
2026-02-07 17:03:23,440 [INFO] MainPanel:272 - HeapMemory: 268435456
2026-02-07 17:03:23,532 [INFO] DbMcusXml:78 - Set database path to: C:\ST\STM32CubeIDE_1.18.1\STM32CubeIDE\plugins\com.st.stm32cube.common.mx_6.14.1.202504091515\\db\/mcu/
2026-02-07 17:03:23,533 [INFO] ApiDb:274 - Set plugin database path to: C:\ST\STM32CubeIDE_1.18.1\STM32CubeIDE\plugins\com.st.stm32cube.common.mx_6.14.1.202504091515\\db\/plugins/boardmanager/
2026-02-07 17:03:23,533 [INFO] ApiDb:261 - Set plugin images path to: C:\ST\STM32CubeIDE_1.18.1\STM32CubeIDE\plugins\com.st.stm32cube.common.mx_6.14.1.202504091515\\db\/plugins/mcufinder/images/
2026-02-07 17:03:23,533 [WARN] DbFile:41 - Overriding database path with different value: C:\Users\Lenovo\.stmcufinder\plugins\mcufinder/ => C:\Users\Lenovo\.stmcufinder\plugins\mcufinder
2026-02-07 17:03:23,533 [INFO] ApiDb:250 - Set database path to: C:\Users\Lenovo\.stmcufinder\plugins\mcufinder//mcu/
2026-02-07 17:03:23,533 [WARN] DbFile:41 - Overriding database path with different value: C:\Users\Lenovo\.stmcufinder\plugins\mcufinder/ => C:\Users\Lenovo\.stmcufinder\plugins\mcufinder
2026-02-07 17:03:23,533 [INFO] DbMcusAds:125 - Set database path to: C:\Users\Lenovo\.stmcufinder\plugins\mcufinder//mcu/
2026-02-07 17:03:23,533 [WARN] DbFile:41 - Overriding database path with different value: C:\Users\Lenovo\.stmcufinder\plugins\mcufinder/ => C:\Users\Lenovo\.stmcufinder\plugins\mcufinder
2026-02-07 17:03:23,533 [WARN] DbFile:41 - Overriding database path with different value: C:\Users\Lenovo\.stmcufinder\plugins\mcufinder/ => C:\Users\Lenovo\.stmcufinder\plugins\mcufinder
2026-02-07 17:03:23,533 [INFO] CrossReferenceDbSqlite:203 - Set database path to: C:\Users\Lenovo\.stmcufinder\plugins\mcufinder//mcu/cs/
2026-02-07 17:03:23,551 [INFO] ApplicationProperties:184 - Using Application install path: C:\ST\STM32CubeIDE_1.18.1\STM32CubeIDE\plugins\com.st.stm32cube.common.mx_6.14.1.202504091515
2026-02-07 17:03:23,553 [INFO] PluginManage:196 - Search for loadable plugins [exclusion list=, ]
2026-02-07 17:03:23,554 [INFO] PluginManage:310 - Check plugin analytics
2026-02-07 17:03:23,705 [INFO] AnalyticsPlugin:253 - Accepted Software Licenses: 
2026-02-07 17:03:23,705 [INFO] AnalyticsPlugin:255 - Accepted CMSIS Pack Licenses: 
2026-02-07 17:03:23,705 [INFO] AnalyticsPlugin:257 - Accepted Firmware Licenses: 
2026-02-07 17:03:23,708 [INFO] PluginManage:359 - Loaded plugin analytics (category:tool,tabindex:-1)
2026-02-07 17:03:23,708 [INFO] PluginManage:310 - Check plugin cadmodel
2026-02-07 17:03:23,712 [INFO] CADModel:105 - Init CAD model plugin
2026-02-07 17:03:23,712 [INFO] PluginManage:359 - Loaded plugin cadmodel (category:power,tabindex:5)
2026-02-07 17:03:23,713 [INFO] PluginManage:310 - Check plugin clock
2026-02-07 17:03:23,719 [INFO] PluginManage:359 - Loaded plugin clock (category:base,tabindex:2)
2026-02-07 17:03:23,720 [INFO] PluginManage:310 - Check plugin ddr
2026-02-07 17:03:23,721 [INFO] PluginManage:359 - Loaded plugin ddr (category:tool,tabindex:6)
2026-02-07 17:03:23,722 [INFO] PluginManage:310 - Check plugin filemanager
2026-02-07 17:03:23,843 [INFO] PluginManage:359 - Loaded plugin filemanager (category:base,tabindex:10)
2026-02-07 17:03:23,843 [INFO] PluginManage:310 - Check plugin ipmanager
2026-02-07 17:03:23,850 [INFO] PluginManage:359 - Loaded plugin ipmanager (category:base,tabindex:5)
2026-02-07 17:03:23,850 [INFO] PluginManage:310 - Check plugin lpbam
2026-02-07 17:03:23,862 [INFO] PluginManage:359 - Loaded plugin lpbam (category:base,tabindex:0)
2026-02-07 17:03:23,862 [INFO] PluginManage:310 - Check plugin memorymap
2026-02-07 17:03:23,881 [INFO] PluginManage:359 - Loaded plugin memorymap (category:base,tabindex:4)
2026-02-07 17:03:23,882 [INFO] PluginManage:310 - Check plugin pinoutandconfiguration
2026-02-07 17:03:23,898 [INFO] PluginManage:359 - Loaded plugin pinoutandconfiguration (category:base,tabindex:1)
2026-02-07 17:03:23,898 [INFO] PluginManage:310 - Check plugin pinoutconfig
2026-02-07 17:03:24,014 [WARN] SupportedApi:132 - Cannot load RTOS API schema: s4s-elt-must-match.1: The content of 'definitions' must match (annotation?, (simpleType | complexType)?, (unique | key | keyref)*)). A problem was found starting at: attribute.
2026-02-07 17:03:24,162 [INFO] PluginManage:359 - Loaded plugin pinoutconfig (category:base,tabindex:0)
2026-02-07 17:03:24,162 [INFO] PluginManage:310 - Check plugin power
2026-02-07 17:03:24,168 [INFO] PluginManage:359 - Loaded plugin power (category:power,tabindex:4)
2026-02-07 17:03:24,168 [INFO] PluginManage:310 - Check plugin projectmanager
2026-02-07 17:03:24,181 [INFO] PluginManage:359 - Loaded plugin projectmanager (category:projectmanager,tabindex:4)
2026-02-07 17:03:24,182 [INFO] PluginManage:310 - Check plugin rif
2026-02-07 17:03:24,187 [INFO] PluginManage:359 - Loaded plugin rif (category:base,tabindex:3)
2026-02-07 17:03:24,187 [INFO] PluginManage:310 - Check plugin thirdparty
2026-02-07 17:03:24,332 [INFO] PluginManage:359 - Loaded plugin thirdparty (category:base,tabindex:-1)
2026-02-07 17:03:24,331 [WARN] IntegrityCheckThread:84 - waiting for thirdparty lock release [integrity check]
2026-02-07 17:03:24,332 [INFO] PluginManage:310 - Check plugin tools
2026-02-07 17:03:24,332 [INFO] IntegrityCheckThread:86 - entering critical section [integrity check]
2026-02-07 17:03:24,332 [INFO] ThirdPartyUpdaterWithRetryManager:70 - Updater plugin not ready yet. [1/15]
2026-02-07 17:03:24,334 [INFO] PluginManage:359 - Loaded plugin tools (category:base,tabindex:7)
2026-02-07 17:03:24,335 [INFO] PluginManage:310 - Check plugin tutovideos
2026-02-07 17:03:24,526 [INFO] PluginManage:359 - Loaded plugin tutovideos (category:base,tabindex:-1)
2026-02-07 17:03:24,526 [INFO] PluginManage:310 - Check plugin updater
2026-02-07 17:03:24,553 [INFO] PluginManage:359 - Loaded plugin updater (category:base,tabindex:12)
2026-02-07 17:03:24,553 [INFO] PluginManage:310 - Check plugin userauth
2026-02-07 17:03:24,559 [INFO] UserAuth:118 - Init User Auth plugin
2026-02-07 17:03:24,560 [INFO] PluginManage:359 - Loaded plugin userauth (category:base,tabindex:14)
2026-02-07 17:03:24,561 [INFO] PluginManage:283 - PluginManage : Loaded plugins [18]
2026-02-07 17:03:24,820 [INFO] PinOutPanel:1589 - setPackage(No Configuration,No Configuration)
2026-02-07 17:03:24,904 [INFO] CADModel:165 - CPN selected for project level
2026-02-07 17:03:24,905 [INFO] CADModel:114 - Register for checkConnection events
2026-02-07 17:03:24,926 [INFO] IPUIPlugin:80 - create IPUIPlugin
2026-02-07 17:03:24,927 [INFO] PluginManager:220 - loadIPPluginJar : add adc
2026-02-07 17:03:24,930 [INFO] IPUIPlugin:80 - create IPUIPlugin
2026-02-07 17:03:24,930 [INFO] PluginManager:220 - loadIPPluginJar : add aes
2026-02-07 17:03:24,933 [INFO] IPUIPlugin:80 - create IPUIPlugin
2026-02-07 17:03:24,933 [INFO] PluginManager:220 - loadIPPluginJar : add can
2026-02-07 17:03:24,935 [INFO] IPUIPlugin:80 - create IPUIPlugin
2026-02-07 17:03:24,936 [INFO] PluginManager:220 - loadIPPluginJar : add comp
2026-02-07 17:03:24,938 [INFO] IPUIPlugin:80 - create IPUIPlugin
2026-02-07 17:03:24,938 [INFO] PluginManager:220 - loadIPPluginJar : add cryp
2026-02-07 17:03:24,941 [INFO] IPUIPlugin:80 - create IPUIPlugin
2026-02-07 17:03:24,941 [INFO] PluginManager:220 - loadIPPluginJar : add ddr_ctrl_phy
2026-02-07 17:03:24,944 [INFO] IPUIPlugin:80 - create IPUIPlugin
2026-02-07 17:03:24,944 [INFO] PluginManager:220 - loadIPPluginJar : add dfsdm
2026-02-07 17:03:24,949 [INFO] IPUIPlugin:80 - create IPUIPlugin
2026-02-07 17:03:24,950 [INFO] PluginManager:220 - loadIPPluginJar : add dma
2026-02-07 17:03:24,952 [INFO] IPUIPlugin:80 - create IPUIPlugin
2026-02-07 17:03:24,953 [INFO] PluginManager:220 - loadIPPluginJar : add dma3
2026-02-07 17:03:24,956 [INFO] IPUIPlugin:80 - create IPUIPlugin
2026-02-07 17:03:24,956 [INFO] PluginManager:220 - loadIPPluginJar : add extmemmanager
2026-02-07 17:03:24,958 [INFO] IPUIPlugin:80 - create IPUIPlugin
2026-02-07 17:03:24,958 [INFO] PluginManager:220 - loadIPPluginJar : add fatfs
2026-02-07 17:03:24,963 [INFO] IPUIPlugin:80 - create IPUIPlugin
2026-02-07 17:03:24,963 [INFO] PluginManager:220 - loadIPPluginJar : add fmc
2026-02-07 17:03:24,969 [INFO] IPUIPlugin:80 - create IPUIPlugin
2026-02-07 17:03:24,969 [INFO] PluginManager:220 - loadIPPluginJar : add freertos
2026-02-07 17:03:24,971 [INFO] IPUIPlugin:80 - create IPUIPlugin
2026-02-07 17:03:24,971 [INFO] PluginManager:220 - loadIPPluginJar : add genericplugin
2026-02-07 17:03:24,973 [INFO] IPUIPlugin:80 - create IPUIPlugin
2026-02-07 17:03:24,973 [INFO] PluginManager:220 - loadIPPluginJar : add gfxmmu
2026-02-07 17:03:24,979 [INFO] IPUIPlugin:80 - create IPUIPlugin
2026-02-07 17:03:24,979 [INFO] PluginManager:220 - loadIPPluginJar : add gic
2026-02-07 17:03:24,984 [INFO] IPUIPlugin:80 - create IPUIPlugin
2026-02-07 17:03:24,984 [INFO] PluginManager:220 - loadIPPluginJar : add gpio
2026-02-07 17:03:24,988 [INFO] IPUIPlugin:80 - create IPUIPlugin
2026-02-07 17:03:24,988 [INFO] PluginManager:220 - loadIPPluginJar : add gtzc
2026-02-07 17:03:24,991 [INFO] IPUIPlugin:80 - create IPUIPlugin
2026-02-07 17:03:24,991 [INFO] PluginManager:220 - loadIPPluginJar : add hash
2026-02-07 17:03:24,995 [INFO] IPUIPlugin:80 - create IPUIPlugin
2026-02-07 17:03:24,995 [INFO] PluginManager:220 - loadIPPluginJar : add i2c
2026-02-07 17:03:24,998 [INFO] IPUIPlugin:80 - create IPUIPlugin
2026-02-07 17:03:24,999 [INFO] PluginManager:220 - loadIPPluginJar : add i2s
2026-02-07 17:03:25,002 [INFO] IPUIPlugin:80 - create IPUIPlugin
2026-02-07 17:03:25,002 [INFO] PluginManager:220 - loadIPPluginJar : add i3c
2026-02-07 17:03:25,007 [INFO] IPUIPlugin:80 - create IPUIPlugin
2026-02-07 17:03:25,008 [INFO] PluginManager:220 - loadIPPluginJar : add ipddr
2026-02-07 17:03:25,014 [INFO] IPUIPlugin:80 - create IPUIPlugin
2026-02-07 17:03:25,014 [INFO] PluginManager:220 - loadIPPluginJar : add linkedlist
2026-02-07 17:03:25,020 [INFO] IPUIPlugin:80 - create IPUIPlugin
2026-02-07 17:03:25,021 [INFO] PluginManager:220 - loadIPPluginJar : add lorawan
2026-02-07 17:03:25,023 [INFO] IPUIPlugin:80 - create IPUIPlugin
2026-02-07 17:03:25,023 [INFO] PluginManager:220 - loadIPPluginJar : add ltdc
2026-02-07 17:03:25,030 [INFO] IPUIPlugin:80 - create IPUIPlugin
2026-02-07 17:03:25,031 [INFO] PluginManager:220 - loadIPPluginJar : add mdma
2026-02-07 17:03:25,035 [INFO] IPUIPlugin:80 - create IPUIPlugin
2026-02-07 17:03:25,035 [INFO] PluginManager:220 - loadIPPluginJar : add nvic
2026-02-07 17:03:25,039 [INFO] IPUIPlugin:80 - create IPUIPlugin
2026-02-07 17:03:25,039 [INFO] PluginManager:220 - loadIPPluginJar : add opamp
2026-02-07 17:03:25,042 [INFO] IPUIPlugin:80 - create IPUIPlugin
2026-02-07 17:03:25,043 [INFO] PluginManager:220 - loadIPPluginJar : add openamp
2026-02-07 17:03:25,046 [INFO] IPUIPlugin:80 - create IPUIPlugin
2026-02-07 17:03:25,046 [INFO] PluginManager:220 - loadIPPluginJar : add pdm2pcm
2026-02-07 17:03:25,054 [INFO] IPUIPlugin:80 - create IPUIPlugin
2026-02-07 17:03:25,058 [INFO] PluginManager:220 - loadIPPluginJar : add plateformsettings
2026-02-07 17:03:25,059 [INFO] IPUIPlugin:80 - create IPUIPlugin
2026-02-07 17:03:25,060 [INFO] PluginManager:220 - loadIPPluginJar : add quadspi
2026-02-07 17:03:25,062 [INFO] IPUIPlugin:80 - create IPUIPlugin
2026-02-07 17:03:25,063 [INFO] PluginManager:220 - loadIPPluginJar : add radio
2026-02-07 17:03:25,068 [INFO] IPUIPlugin:80 - create IPUIPlugin
2026-02-07 17:03:25,068 [INFO] PluginManager:220 - loadIPPluginJar : add resmgrutility
2026-02-07 17:03:25,071 [INFO] IPUIPlugin:80 - create IPUIPlugin
2026-02-07 17:03:25,071 [INFO] PluginManager:220 - loadIPPluginJar : add sai
2026-02-07 17:03:25,074 [INFO] IPUIPlugin:80 - create IPUIPlugin
2026-02-07 17:03:25,074 [INFO] PluginManager:220 - loadIPPluginJar : add spi
2026-02-07 17:03:25,080 [INFO] IPUIPlugin:80 - create IPUIPlugin
2026-02-07 17:03:25,081 [INFO] PluginManager:220 - loadIPPluginJar : add stm32_wpan
2026-02-07 17:03:25,082 [INFO] IPUIPlugin:80 - create IPUIPlugin
2026-02-07 17:03:25,082 [INFO] PluginManager:220 - loadIPPluginJar : add tim
2026-02-07 17:03:25,086 [INFO] IPUIPlugin:80 - create IPUIPlugin
2026-02-07 17:03:25,087 [INFO] PluginManager:220 - loadIPPluginJar : add touchsensing
2026-02-07 17:03:25,089 [INFO] IPUIPlugin:80 - create IPUIPlugin
2026-02-07 17:03:25,089 [INFO] PluginManager:220 - loadIPPluginJar : add tracer_emb
2026-02-07 17:03:25,091 [INFO] IPUIPlugin:80 - create IPUIPlugin
2026-02-07 17:03:25,091 [INFO] PluginManager:220 - loadIPPluginJar : add ts
2026-02-07 17:03:25,092 [INFO] IPUIPlugin:80 - create IPUIPlugin
2026-02-07 17:03:25,093 [INFO] PluginManager:220 - loadIPPluginJar : add tsc
2026-02-07 17:03:25,095 [INFO] IPUIPlugin:80 - create IPUIPlugin
2026-02-07 17:03:25,095 [INFO] PluginManager:220 - loadIPPluginJar : add ucpd
2026-02-07 17:03:25,098 [INFO] IPUIPlugin:80 - create IPUIPlugin
2026-02-07 17:03:25,098 [INFO] PluginManager:220 - loadIPPluginJar : add usart
2026-02-07 17:03:25,101 [INFO] IPUIPlugin:80 - create IPUIPlugin
2026-02-07 17:03:25,101 [INFO] PluginManager:220 - loadIPPluginJar : add usbx
2026-02-07 17:03:25,236 [FATAL] Updater:351 - Updater called before beeing initialized
2026-02-07 17:03:25,263 [INFO] RulesReader:64 - Compatibility file has been processed (302 Rules)
2026-02-07 17:03:25,276 [INFO] RulesReader:64 - Compatibility file has been processed (302 Rules)
2026-02-07 17:03:25,289 [INFO] CADModel:165 - CPN selected for project level
2026-02-07 17:03:25,289 [INFO] CADModel:114 - Register for checkConnection events
2026-02-07 17:03:25,289 [FATAL] Updater:351 - Updater called before beeing initialized
2026-02-07 17:03:25,289 [ERROR] CADModel:125 - Updater not yet initialized, retry later 
2026-02-07 17:03:25,451 [FATAL] Updater:351 - Updater called before beeing initialized
2026-02-07 17:03:25,452 [INFO] CADModel:165 - CPN selected for project level
2026-02-07 17:03:25,453 [INFO] CADModel:114 - Register for checkConnection events
2026-02-07 17:03:25,453 [FATAL] Updater:351 - Updater called before beeing initialized
2026-02-07 17:03:25,453 [ERROR] CADModel:125 - Updater not yet initialized, retry later 
2026-02-07 17:03:25,455 [FATAL] Updater:351 - Updater called before beeing initialized
2026-02-07 17:03:25,581 [FATAL] Updater:351 - Updater called before beeing initialized
2026-02-07 17:03:25,585 [INFO] DbMcusAds:53 - JSON generation date=Thu Jan 08 22:57:51 ICT 2026 (1767887871456)
2026-02-07 17:03:25,586 [FATAL] Updater:351 - Updater called before beeing initialized
2026-02-07 17:03:25,620 [WARN] DetailPanel:346 - Failed to get advertising image, set to default
2026-02-07 17:03:25,835 [FATAL] Updater:351 - Updater called before beeing initialized
2026-02-07 17:03:25,836 [FATAL] Updater:351 - Updater called before beeing initialized
2026-02-07 17:03:25,837 [FATAL] Updater:351 - Updater called before beeing initialized
2026-02-07 17:03:25,837 [WARN] DetailPanel:346 - Failed to get advertising image, set to default
2026-02-07 17:03:25,838 [FATAL] Updater:351 - Updater called before beeing initialized
2026-02-07 17:03:25,884 [ERROR] Updater:1198 - MainUpdater not yet initialized. External WinMGr cannot be set.
2026-02-07 17:03:25,886 [INFO] Updater:1134 - Updater Version found : 6.14.1
2026-02-07 17:03:25,901 [INFO] ApplicationProperties:184 - Using Application install path: C:\ST\STM32CubeIDE_1.18.1\STM32CubeIDE\plugins\com.st.stm32cube.common.mx_6.14.1.202504091515
2026-02-07 17:03:27,333 [INFO] ThirdPartyUpdaterWithRetryManager:70 - Updater plugin not ready yet. [2/15]
2026-02-07 17:03:27,473 [ERROR] LogOutputStream:75 - [STDERR_REDIRECT] Feb 07, 2026 5:03:27 PM java.util.prefs.WindowsPreferences <init>
2026-02-07 17:03:27,474 [ERROR] LogOutputStream:75 - [STDERR_REDIRECT] WARNING: Could not open/create prefs root node Software\JavaSoft\Prefs at root 0xffffffff80000002. Windows RegCreateKeyEx(...) returned error code 5.
2026-02-07 17:03:27,474 [ERROR] LogOutputStream:75 - [STDERR_REDIRECT] 
2026-02-07 17:03:27,879 [INFO] MainUpdater:2872 - connection check result : 10
2026-02-07 17:03:27,880 [INFO] MainUpdater:289 - Updater Check For Update Now.
2026-02-07 17:03:27,881 [INFO] MicroXplorer:498 - Change Database Version : DB.6.0.141
2026-02-07 17:03:27,888 [INFO] McuFinderGlobals:63 - Set McuFinder mode to 2 (CubeIDE integrated)
2026-02-07 17:03:27,889 [INFO] UserAuth:171 - activating auth plugin
2026-02-07 17:03:27,893 [INFO] UserAuth:484 - Internet connection configuration mode: 1
2026-02-07 17:03:27,925 [INFO] JxBrowserEngine:152 - Initiate JxBrowser Engine with user profile folder
2026-02-07 17:03:28,069 [INFO] CheckServerUpdateThread:120 - End of CheckServer Thread
2026-02-07 17:03:28,477 [INFO] WebApp:169 - Instantiating new browser for Auth
2026-02-07 17:03:29,090 [INFO] WebApp:463 - Apply proxy settings
2026-02-07 17:03:29,091 [INFO] WebApp:548 - Chromium requires no authentication
2026-02-07 17:03:29,097 [INFO] WebApp:491 - Direct internet connection detected
2026-02-07 17:03:29,118 [INFO] WebApp:894 - Register for checkConnection events
2026-02-07 17:03:29,118 [INFO] WebApp:463 - Apply proxy settings
2026-02-07 17:03:29,118 [INFO] WebApp:548 - Chromium requires no authentication
2026-02-07 17:03:29,118 [INFO] WebApp:491 - Direct internet connection detected
2026-02-07 17:03:29,262 [INFO] WebApp:225 - Starting web application
2026-02-07 17:03:29,262 [INFO] WebApp:593 - Web application path used C:\ST\STM32CubeIDE_1.18.1\STM32CubeIDE\plugins\com.st.stm32cube.common.mx_6.14.1.202504091515\db\plugins\mcufinder\reactClient1\index.html
2026-02-07 17:03:29,379 [INFO] WebApp:191 - Connection restablished
2026-02-07 17:03:30,506 [WARN] PackLoader:240 - Cannot read IP mode file for STMicroelectronics.FP-SNS-MOTENVWB1.1.4.0
2026-02-07 17:03:30,530 [WARN] PackLoader:240 - Cannot read IP mode file for STMicroelectronics.X-CUBE-SMBUS.2.1.0
2026-02-07 17:03:30,566 [WARN] PackLoader:240 - Cannot read IP mode file for STMicroelectronics.X-CUBE-AZRTOS-F7.1.1.0
2026-02-07 17:03:30,575 [WARN] PackLoader:240 - Cannot read IP mode file for Cesanta.I-CUBE-Mongoose.7.19.0
2026-02-07 17:03:30,579 [ERROR] Engine:466 - C:\Users\Lenovo\.stm32cubemx\thirdparties\pdsc\STMicroelectronics.FP-SNS-MOTENV1.5.1.0.pdsc: PDSC version is not supported
2026-02-07 17:03:30,585 [ERROR] Engine:466 - C:\Users\Lenovo\.stm32cubemx\thirdparties\pdsc\WES.I-CUBE-Cesium.1.4.0.pdsc: PDSC version is not supported
2026-02-07 17:03:30,615 [WARN] PackLoader:240 - Cannot read IP mode file for Infineon.AIROC-Wi-Fi-Bluetooth-STM32.1.7.1
2026-02-07 17:03:30,651 [WARN] PackLoader:240 - Cannot read IP mode file for STMicroelectronics.X-CUBE-AZRTOS-H7.3.4.0
2026-02-07 17:03:30,672 [WARN] PackLoader:240 - Cannot read IP mode file for STMicroelectronics.X-CUBE-DISPLAY.3.0.0
2026-02-07 17:03:30,691 [WARN] PackLoader:240 - Cannot read IP mode file for STMicroelectronics.X-CUBE-NFC10.1.0.0
2026-02-07 17:03:30,700 [WARN] PackLoader:240 - Cannot read IP mode file for STMicroelectronics.X-CUBE-ST60.1.1.0
2026-02-07 17:03:30,709 [WARN] PackLoader:240 - Cannot read IP mode file for emotas.I-CUBE-CANOPEN.1.3.0
2026-02-07 17:03:30,719 [WARN] PackLoader:240 - Cannot read IP mode file for STMicroelectronics.X-CUBE-GNSS1.7.1.0
2026-02-07 17:03:30,730 [WARN] PackLoader:240 - Cannot read IP mode file for STMicroelectronics.FP-SNS-SMARTAG2.1.2.0
2026-02-07 17:03:30,742 [INFO] LogOutputStream:77 - [STDOUT_REDIRECT] 1 : Invalid condition id : UX_CORESTACK_Condition cause : null
2026-02-07 17:03:30,744 [INFO] LogOutputStream:77 - [STDOUT_REDIRECT] 1 : Invalid condition id : UX_CORESTACK_Condition cause : null
2026-02-07 17:03:30,745 [INFO] LogOutputStream:77 - [STDOUT_REDIRECT] 1 : Invalid condition id : UX_CORESTACK_Condition cause : null
2026-02-07 17:03:30,746 [INFO] LogOutputStream:77 - [STDOUT_REDIRECT] 1 : Invalid condition id : UX_CORESTACK_Condition cause : null
2026-02-07 17:03:30,747 [INFO] LogOutputStream:77 - [STDOUT_REDIRECT] 1 : Invalid condition id : UX_CORESTACK_Condition cause : null
2026-02-07 17:03:30,751 [WARN] PackLoader:240 - Cannot read IP mode file for STMicroelectronics.X-CUBE-AZRTOS-WL.2.0.0
2026-02-07 17:03:30,775 [WARN] PackLoader:240 - Cannot read IP mode file for STMicroelectronics.X-CUBE-AZRTOS-H7RS.1.2.0
2026-02-07 17:03:30,789 [WARN] PackLoader:240 - Cannot read IP mode file for STMicroelectronics.X-CUBE-BLE2.3.3.0
2026-02-07 17:03:30,828 [WARN] PackLoader:240 - Cannot read IP mode file for STMicroelectronics.X-CUBE-NFC9.1.0.0
2026-02-07 17:03:30,837 [WARN] PackLoader:240 - Cannot read IP mode file for wolfSSL.I-CUBE-wolfSSL.5.8.2
2026-02-07 17:03:30,845 [WARN] PackLoader:240 - Cannot read IP mode file for STMicroelectronics.X-CUBE-BLE1.7.1.0
2026-02-07 17:03:30,852 [WARN] PackLoader:240 - Cannot read IP mode file for wolfSSL.I-CUBE-wolfMQTT.1.19.2
2026-02-07 17:03:30,857 [ERROR] Engine:466 - C:\Users\Lenovo\.stm32cubemx\thirdparties\pdsc\STMicroelectronics.X-CUBE-FREERTOS.1.4.0.pdsc: PDSC version is not supported
2026-02-07 17:03:30,868 [WARN] PackLoader:240 - Cannot read IP mode file for STMicroelectronics.X-CUBE-EEPRMA1.5.2.0
2026-02-07 17:03:30,875 [ERROR] Engine:466 - C:\Users\Lenovo\.stm32cubemx\thirdparties\pdsc\STMicroelectronics.X-CUBE-ST67W61.1.1.0.pdsc: PDSC version is not supported
2026-02-07 17:03:30,984 [WARN] PackLoader:240 - Cannot read IP mode file for STMicroelectronics.X-CUBE-MEMS1.12.0.0
2026-02-07 17:03:31,174 [WARN] PackLoader:240 - Cannot read IP mode file for STMicroelectronics.X-CUBE-AZRTOS-G0.1.1.0
2026-02-07 17:03:31,195 [WARN] PackLoader:240 - Cannot read IP mode file for STMicroelectronics.X-CUBE-SAFEA1.1.2.2
2026-02-07 17:03:31,210 [WARN] PackLoader:240 - Cannot read IP mode file for STMicroelectronics.X-CUBE-NFC4.3.0.0
2026-02-07 17:03:31,228 [WARN] PackLoader:240 - Cannot read IP mode file for EmbeddedOffice.I-CUBE-FS-RTOS.1.0.1
2026-02-07 17:03:31,239 [WARN] PackLoader:240 - Cannot read IP mode file for STMicroelectronics.X-CUBE-WB05N.2.0.0
2026-02-07 17:03:31,248 [WARN] PackLoader:240 - Cannot read IP mode file for wolfSSL.I-CUBE-wolfTPM.3.8.0
2026-02-07 17:03:31,257 [WARN] PackLoader:240 - Cannot read IP mode file for STMicroelectronics.X-CUBE-TCPP.4.2.0
2026-02-07 17:03:31,269 [WARN] PackLoader:240 - Cannot read IP mode file for RealThread.X-CUBE-RT-Thread_Nano.4.1.1
2026-02-07 17:03:31,277 [WARN] PackLoader:240 - Cannot read IP mode file for STMicroelectronics.FP-ATR-SIGFOX1.3.2.0
2026-02-07 17:03:31,288 [WARN] PackLoader:240 - Cannot read IP mode file for ITTIA_DB.I-CUBE-ITTIADB.8.9.0
2026-02-07 17:03:31,299 [WARN] PackLoader:240 - Cannot read IP mode file for STMicroelectronics.X-CUBE-NFC6.3.2.0
2026-02-07 17:03:31,315 [WARN] PackLoader:240 - Cannot read IP mode file for STMicroelectronics.X-CUBE-AI.10.2.0
2026-02-07 17:03:31,358 [WARN] PackLoader:240 - Cannot read IP mode file for SEGGER.I-CUBE-embOS.1.3.1
2026-02-07 17:03:31,426 [WARN] PackLoader:240 - Cannot read IP mode file for STMicroelectronics.X-CUBE-ALGOBUILD.1.4.0
2026-02-07 17:03:31,489 [WARN] PackLoader:240 - Cannot read IP mode file for STMicroelectronics.X-CUBE-MEMS1.11.3.0
2026-02-07 17:03:31,605 [WARN] PackLoader:240 - Cannot read IP mode file for STMicroelectronics.X-CUBE-PM33A1.1.0.0
2026-02-07 17:03:31,620 [WARN] PackLoader:240 - Cannot read IP mode file for STMicroelectronics.X-CUBE-AZRTOS-F4.1.1.0
2026-02-07 17:03:31,627 [WARN] PackLoader:240 - Cannot read IP mode file for STMicroelectronics.X-CUBE-ISPU.2.1.0
2026-02-07 17:03:31,633 [ERROR] Engine:466 - C:\Users\Lenovo\.stm32cubemx\thirdparties\pdsc\STMicroelectronics.X-CUBE-IPS.3.2.0.pdsc: PDSC version is not supported
2026-02-07 17:03:31,643 [WARN] PackLoader:240 - Cannot read IP mode file for STMicroelectronics.X-CUBE-NFC12.1.0.0
2026-02-07 17:03:31,662 [WARN] PackLoader:240 - Cannot read IP mode file for STMicroelectronics.X-CUBE-AZRTOS-L5.2.0.0
2026-02-07 17:03:31,673 [WARN] PackLoader:240 - Cannot read IP mode file for STMicroelectronics.X-CUBE-NFC6.3.1.0
2026-02-07 17:03:31,684 [WARN] PackLoader:240 - Cannot read IP mode file for STMicroelectronics.X-CUBE-FREERTOS.1.3.1
2026-02-07 17:03:31,701 [WARN] PackLoader:240 - Cannot read IP mode file for STMicroelectronics.X-CUBE-TOUCHGFX.4.26.0
2026-02-07 17:03:31,710 [WARN] PackLoader:240 - Cannot read IP mode file for STMicroelectronics.FP-SNS-STAIOTCFT.1.0.0
2026-02-07 17:03:31,720 [WARN] PackLoader:240 - Cannot read IP mode file for STMicroelectronics.X-CUBE-DPower.1.3.0
2026-02-07 17:03:31,737 [WARN] ConditionMgr:438 - getConditionDescription Invalid condition id : LAN8742 Phy interface Condition cause : null
2026-02-07 17:03:31,738 [WARN] PackLoader:240 - Cannot read IP mode file for STMicroelectronics.X-CUBE-AZRTOS-L4.2.0.0
2026-02-07 17:03:31,739 [WARN] ConditionMgr:1044 - genDependencies : Invalid condition id : LAN8742 Phy interface Condition cause : null
2026-02-07 17:03:31,740 [WARN] ConditionMgr:1044 - genDependencies : Invalid condition id : LAN8742 Phy interface Condition cause : null
2026-02-07 17:03:31,740 [WARN] ConditionMgr:1044 - genDependencies : Invalid condition id : LAN8742 Phy interface Condition cause : null
2026-02-07 17:03:31,752 [WARN] PackLoader:240 - Cannot read IP mode file for STMicroelectronics.X-CUBE-SFXS2LP1.4.0.0
2026-02-07 17:03:31,757 [ERROR] Engine:466 - C:\Users\Lenovo\.stm32cubemx\thirdparties\pdsc\STMicroelectronics.X-CUBE-ST67W61.1.2.0.pdsc: PDSC version is not supported
2026-02-07 17:03:31,769 [WARN] PackLoader:240 - Cannot read IP mode file for STMicroelectronics.X-CUBE-BLEMGR.4.1.0
2026-02-07 17:03:31,787 [WARN] ConditionMgr:438 - getConditionDescription Invalid condition id : UX DEVICE CLASS RTOS Condition cause : null
2026-02-07 17:03:31,787 [WARN] ConditionMgr:438 - getConditionDescription Invalid condition id : UX DEVICE CLASS RTOS Condition cause : null
2026-02-07 17:03:31,789 [WARN] PackLoader:240 - Cannot read IP mode file for STMicroelectronics.X-CUBE-AZRTOS-WB.2.0.0
2026-02-07 17:03:31,790 [WARN] ConditionMgr:1044 - genDependencies : Invalid condition id : UX DEVICE CLASS RTOS Condition cause : null
2026-02-07 17:03:31,790 [WARN] ConditionMgr:1044 - genDependencies : Invalid condition id : UX DEVICE CLASS RTOS Condition cause : null
2026-02-07 17:03:31,791 [WARN] ConditionMgr:1044 - genDependencies : Invalid condition id : UX DEVICE CLASS RTOS Condition cause : null
2026-02-07 17:03:31,792 [WARN] ConditionMgr:1044 - genDependencies : Invalid condition id : UX DEVICE CLASS RTOS Condition cause : null
2026-02-07 17:03:31,792 [WARN] ConditionMgr:1044 - genDependencies : Invalid condition id : UX DEVICE CLASS RTOS Condition cause : null
2026-02-07 17:03:31,799 [WARN] PackLoader:240 - Cannot read IP mode file for STMicroelectronics.X-CUBE-GNSS1.7.0.1
2026-02-07 17:03:31,807 [WARN] ConditionMgr:438 - getConditionDescription Invalid condition id : Cortex-A Device cause : null
2026-02-07 17:03:31,823 [WARN] ConditionMgr:1044 - genDependencies : Invalid condition id : Cortex-A Device cause : null
2026-02-07 17:03:31,823 [WARN] ConditionMgr:1044 - genDependencies : Invalid condition id : Cortex-A Device cause : null
2026-02-07 17:03:31,823 [WARN] ConditionMgr:1044 - genDependencies : Invalid condition id : Cortex-A Device cause : null
2026-02-07 17:03:31,832 [WARN] PackLoader:240 - Cannot read IP mode file for STMicroelectronics.X-CUBE-STSE01.2.0.0
2026-02-07 17:03:31,844 [WARN] PackLoader:240 - Cannot read IP mode file for STMicroelectronics.X-CUBE-SUBG2.5.0.0
2026-02-07 17:03:31,863 [WARN] PackLoader:240 - Cannot read IP mode file for STMicroelectronics.X-CUBE-AZRTOS-H7RS.1.1.0
2026-02-07 17:03:31,878 [WARN] PackLoader:240 - Cannot read IP mode file for STMicroelectronics.X-CUBE-AZRTOS-G4.2.0.0
2026-02-07 17:03:31,887 [WARN] PackLoader:240 - Cannot read IP mode file for wolfSSL.I-CUBE-wolfSSH.1.4.20
2026-02-07 17:03:31,896 [WARN] PackLoader:240 - Cannot read IP mode file for STMicroelectronics.X-CUBE-NFC7.2.0.0
2026-02-07 17:03:31,902 [WARN] PackLoader:240 - Cannot read IP mode file for STMicroelectronics.X-CUBE-ALS.1.0.2
2026-02-07 17:03:31,909 [WARN] PackLoader:240 - Cannot read IP mode file for STMicroelectronics.X-CUBE-STSE01.1.0.0
2026-02-07 17:03:31,921 [WARN] PackLoader:240 - Cannot read IP mode file for STMicroelectronics.X-CUBE-TOF1.3.4.3
2026-02-07 17:03:31,931 [INFO] ThirdParty:978 - Integrity check success = true
2026-02-07 17:03:31,931 [INFO] IntegrityCheckThread:100 - exiting critical section [integrity check]
2026-02-07 17:03:31,931 [INFO] IntegrityCheckThread:103 - End integrity checks thread
2026-02-07 17:10:35,899 [ERROR] LogOutputStream:75 - [STDERR_REDIRECT] org.eclipse.cdt.managedbuilder.core.BuildException: No toolchain option in toolchain configuration org.eclipse.cdt.build.core.prefbase.toolchain.1975800988: 
2026-02-07 17:10:35,900 [ERROR] LogOutputStream:75 - [STDERR_REDIRECT] 	at com.st.stm32cube.ide.mcu.toolchain.ToolChainHelper.getToolChainId(ToolChainHelper.java:166)
2026-02-07 17:10:35,902 [ERROR] LogOutputStream:75 - [STDERR_REDIRECT] 	at com.st.stm32cube.ide.mcu.toolchain.ToolChainHelper.getToolChainInfo(ToolChainHelper.java:109)
2026-02-07 17:10:35,903 [ERROR] LogOutputStream:75 - [STDERR_REDIRECT] 	at com.st.stm32cube.ide.mcu.toolchain.ui.unmanaged.ToolSettingsTab.createControls(ToolSettingsTab.java:149)
2026-02-07 17:10:35,905 [ERROR] LogOutputStream:75 - [STDERR_REDIRECT] 	at org.eclipse.cdt.ui.newui.AbstractCPropertyTab.createControls(AbstractCPropertyTab.java:139)
2026-02-07 17:10:35,906 [ERROR] LogOutputStream:75 - [STDERR_REDIRECT] 	at org.eclipse.cdt.ui.newui.AbstractPage.loadTab(AbstractPage.java:1199)
2026-02-07 17:10:35,908 [ERROR] LogOutputStream:75 - [STDERR_REDIRECT] 	at org.eclipse.cdt.ui.newui.AbstractPage.loadExtensionsSynchronized(AbstractPage.java:1143)
2026-02-07 17:10:35,909 [ERROR] LogOutputStream:75 - [STDERR_REDIRECT] 	at org.eclipse.cdt.ui.newui.AbstractPage.createWidgets(AbstractPage.java:373)
2026-02-07 17:10:35,910 [ERROR] LogOutputStream:75 - [STDERR_REDIRECT] 	at org.eclipse.cdt.ui.newui.AbstractPage.contentForCDT(AbstractPage.java:359)
2026-02-07 17:10:35,911 [ERROR] LogOutputStream:75 - [STDERR_REDIRECT] 	at org.eclipse.cdt.ui.newui.AbstractPage.createContents(AbstractPage.java:256)
2026-02-07 17:10:35,913 [ERROR] LogOutputStream:75 - [STDERR_REDIRECT] 	at org.eclipse.jface.preference.PreferencePage.createControl(PreferencePage.java:244)
2026-02-07 17:10:35,915 [ERROR] LogOutputStream:75 - [STDERR_REDIRECT] 	at org.eclipse.jface.preference.PreferenceDialog.createPageControl(PreferenceDialog.java:1433)
2026-02-07 17:10:35,916 [ERROR] LogOutputStream:75 - [STDERR_REDIRECT] 	at org.eclipse.jface.preference.PreferenceDialog$8.run(PreferenceDialog.java:1196)
2026-02-07 17:10:35,917 [ERROR] LogOutputStream:75 - [STDERR_REDIRECT] 	at org.eclipse.core.runtime.SafeRunner.run(SafeRunner.java:47)
2026-02-07 17:10:35,918 [ERROR] LogOutputStream:75 - [STDERR_REDIRECT] 	at org.eclipse.jface.util.SafeRunnable.run(SafeRunnable.java:174)
2026-02-07 17:10:35,919 [ERROR] LogOutputStream:75 - [STDERR_REDIRECT] 	at org.eclipse.jface.preference.PreferenceDialog.showPage(PreferenceDialog.java:1188)
2026-02-07 17:10:35,921 [ERROR] LogOutputStream:75 - [STDERR_REDIRECT] 	at org.eclipse.ui.internal.dialogs.FilteredPreferenceDialog.showPage(FilteredPreferenceDialog.java:618)
2026-02-07 17:10:35,922 [ERROR] LogOutputStream:75 - [STDERR_REDIRECT] 	at org.eclipse.jface.preference.PreferenceDialog$5.lambda$0(PreferenceDialog.java:660)
2026-02-07 17:10:35,923 [ERROR] LogOutputStream:75 - [STDERR_REDIRECT] 	at org.eclipse.swt.custom.BusyIndicator.showWhile(BusyIndicator.java:67)
2026-02-07 17:10:35,924 [ERROR] LogOutputStream:75 - [STDERR_REDIRECT] 	at org.eclipse.jface.preference.PreferenceDialog$5.selectionChanged(PreferenceDialog.java:657)
2026-02-07 17:10:35,925 [ERROR] LogOutputStream:75 - [STDERR_REDIRECT] 	at org.eclipse.jface.viewers.StructuredViewer$3.run(StructuredViewer.java:820)
2026-02-07 17:10:35,926 [ERROR] LogOutputStream:75 - [STDERR_REDIRECT] 	at org.eclipse.core.runtime.SafeRunner.run(SafeRunner.java:47)
2026-02-07 17:10:35,927 [ERROR] LogOutputStream:75 - [STDERR_REDIRECT] 	at org.eclipse.jface.util.SafeRunnable.run(SafeRunnable.java:174)
2026-02-07 17:10:35,929 [ERROR] LogOutputStream:75 - [STDERR_REDIRECT] 	at org.eclipse.jface.viewers.StructuredViewer.firePostSelectionChanged(StructuredViewer.java:817)
2026-02-07 17:10:35,930 [ERROR] LogOutputStream:75 - [STDERR_REDIRECT] 	at org.eclipse.jface.viewers.ColumnViewer.firePostSelectionChanged(ColumnViewer.java:1065)
2026-02-07 17:10:35,931 [ERROR] LogOutputStream:75 - [STDERR_REDIRECT] 	at org.eclipse.jface.viewers.StructuredViewer.setSelection(StructuredViewer.java:1665)
2026-02-07 17:10:35,932 [ERROR] LogOutputStream:75 - [STDERR_REDIRECT] 	at org.eclipse.jface.viewers.TreeViewer.setSelection(TreeViewer.java:1091)
2026-02-07 17:10:35,934 [ERROR] LogOutputStream:75 - [STDERR_REDIRECT] 	at org.eclipse.jface.preference.PreferenceDialog.selectSavedItem(PreferenceDialog.java:990)
2026-02-07 17:10:35,935 [ERROR] LogOutputStream:75 - [STDERR_REDIRECT] 	at org.eclipse.ui.internal.dialogs.FilteredPreferenceDialog.selectSavedItem(FilteredPreferenceDialog.java:668)
2026-02-07 17:10:35,936 [ERROR] LogOutputStream:75 - [STDERR_REDIRECT] 	at org.eclipse.jface.preference.PreferenceDialog.lambda$0(PreferenceDialog.java:348)
2026-02-07 17:10:35,938 [ERROR] LogOutputStream:75 - [STDERR_REDIRECT] 	at org.eclipse.swt.custom.BusyIndicator.showWhile(BusyIndicator.java:67)
2026-02-07 17:10:35,939 [ERROR] LogOutputStream:75 - [STDERR_REDIRECT] 	at org.eclipse.jface.preference.PreferenceDialog.createContents(PreferenceDialog.java:345)
2026-02-07 17:10:35,940 [ERROR] LogOutputStream:75 - [STDERR_REDIRECT] 	at org.eclipse.jface.window.Window.create(Window.java:431)
2026-02-07 17:10:35,941 [ERROR] LogOutputStream:75 - [STDERR_REDIRECT] 	at org.eclipse.jface.dialogs.Dialog.create(Dialog.java:1092)
2026-02-07 17:10:35,942 [ERROR] LogOutputStream:75 - [STDERR_REDIRECT] 	at org.eclipse.ui.internal.dialogs.PropertyDialog.createDialogOn(PropertyDialog.java:84)
2026-02-07 17:10:35,943 [ERROR] LogOutputStream:75 - [STDERR_REDIRECT] 	at org.eclipse.ui.dialogs.PropertyDialogAction.createDialog(PropertyDialogAction.java:170)
2026-02-07 17:10:35,945 [ERROR] LogOutputStream:75 - [STDERR_REDIRECT] 	at org.eclipse.ui.dialogs.PropertyDialogAction.run(PropertyDialogAction.java:152)
2026-02-07 17:10:35,946 [ERROR] LogOutputStream:75 - [STDERR_REDIRECT] 	at org.eclipse.jface.action.Action.runWithEvent(Action.java:474)
2026-02-07 17:10:35,947 [ERROR] LogOutputStream:75 - [STDERR_REDIRECT] 	at org.eclipse.jface.action.ActionContributionItem.handleWidgetSelection(ActionContributionItem.java:581)
2026-02-07 17:10:35,948 [ERROR] LogOutputStream:75 - [STDERR_REDIRECT] 	at org.eclipse.jface.action.ActionContributionItem.lambda$4(ActionContributionItem.java:415)
2026-02-07 17:10:35,949 [ERROR] LogOutputStream:75 - [STDERR_REDIRECT] 	at org.eclipse.swt.widgets.EventTable.sendEvent(EventTable.java:91)
2026-02-07 17:10:35,951 [ERROR] LogOutputStream:75 - [STDERR_REDIRECT] 	at org.eclipse.swt.widgets.Display.sendEvent(Display.java:4326)
2026-02-07 17:10:35,952 [ERROR] LogOutputStream:75 - [STDERR_REDIRECT] 	at org.eclipse.swt.widgets.Widget.sendEvent(Widget.java:1174)
2026-02-07 17:10:35,953 [ERROR] LogOutputStream:75 - [STDERR_REDIRECT] 	at org.eclipse.swt.widgets.Display.runDeferredEvents(Display.java:4124)
2026-02-07 17:10:35,954 [ERROR] LogOutputStream:75 - [STDERR_REDIRECT] 	at org.eclipse.swt.widgets.Display.readAndDispatch(Display.java:3712)
2026-02-07 17:10:35,955 [ERROR] LogOutputStream:75 - [STDERR_REDIRECT] 	at org.eclipse.e4.ui.internal.workbench.swt.PartRenderingEngine$5.run(PartRenderingEngine.java:1151)
2026-02-07 17:10:35,956 [ERROR] LogOutputStream:75 - [STDERR_REDIRECT] 	at org.eclipse.core.databinding.observable.Realm.runWithDefault(Realm.java:339)
2026-02-07 17:10:35,958 [ERROR] LogOutputStream:75 - [STDERR_REDIRECT] 	at org.eclipse.e4.ui.internal.workbench.swt.PartRenderingEngine.run(PartRenderingEngine.java:1042)
2026-02-07 17:10:35,959 [ERROR] LogOutputStream:75 - [STDERR_REDIRECT] 	at org.eclipse.e4.ui.internal.workbench.E4Workbench.createAndRunUI(E4Workbench.java:153)
2026-02-07 17:10:35,960 [ERROR] LogOutputStream:75 - [STDERR_REDIRECT] 	at org.eclipse.ui.internal.Workbench.lambda$3(Workbench.java:639)
2026-02-07 17:10:35,961 [ERROR] LogOutputStream:75 - [STDERR_REDIRECT] 	at org.eclipse.core.databinding.observable.Realm.runWithDefault(Realm.java:339)
2026-02-07 17:10:35,962 [ERROR] LogOutputStream:75 - [STDERR_REDIRECT] 	at org.eclipse.ui.internal.Workbench.createAndRunWorkbench(Workbench.java:546)
2026-02-07 17:10:35,964 [ERROR] LogOutputStream:75 - [STDERR_REDIRECT] 	at org.eclipse.ui.PlatformUI.createAndRunWorkbench(PlatformUI.java:173)
2026-02-07 17:10:35,965 [ERROR] LogOutputStream:75 - [STDERR_REDIRECT] 	at org.eclipse.ui.internal.ide.application.IDEApplication.start(IDEApplication.java:152)
2026-02-07 17:10:35,966 [ERROR] LogOutputStream:75 - [STDERR_REDIRECT] 	at org.eclipse.equinox.internal.app.EclipseAppHandle.run(EclipseAppHandle.java:208)
2026-02-07 17:10:35,968 [ERROR] LogOutputStream:75 - [STDERR_REDIRECT] 	at org.eclipse.core.runtime.internal.adaptor.EclipseAppLauncher.runApplication(EclipseAppLauncher.java:143)
2026-02-07 17:10:35,969 [ERROR] LogOutputStream:75 - [STDERR_REDIRECT] 	at org.eclipse.core.runtime.internal.adaptor.EclipseAppLauncher.start(EclipseAppLauncher.java:109)
2026-02-07 17:10:35,970 [ERROR] LogOutputStream:75 - [STDERR_REDIRECT] 	at org.eclipse.core.runtime.adaptor.EclipseStarter.run(EclipseStarter.java:439)
2026-02-07 17:10:35,972 [ERROR] LogOutputStream:75 - [STDERR_REDIRECT] 	at org.eclipse.core.runtime.adaptor.EclipseStarter.run(EclipseStarter.java:271)
2026-02-07 17:10:35,973 [ERROR] LogOutputStream:75 - [STDERR_REDIRECT] 	at java.base/jdk.internal.reflect.DirectMethodHandleAccessor.invoke(DirectMethodHandleAccessor.java:103)
2026-02-07 17:10:35,974 [ERROR] LogOutputStream:75 - [STDERR_REDIRECT] 	at java.base/java.lang.reflect.Method.invoke(Method.java:580)
2026-02-07 17:10:35,975 [ERROR] LogOutputStream:75 - [STDERR_REDIRECT] 	at org.eclipse.equinox.launcher.Main.invokeFramework(Main.java:668)
2026-02-07 17:10:35,976 [ERROR] LogOutputStream:75 - [STDERR_REDIRECT] 	at org.eclipse.equinox.launcher.Main.basicRun(Main.java:605)
2026-02-07 17:10:35,977 [ERROR] LogOutputStream:75 - [STDERR_REDIRECT] 	at org.eclipse.equinox.launcher.Main.run(Main.java:1481)
2026-02-07 17:12:59,848 [ERROR] LogOutputStream:75 - [STDERR_REDIRECT] org.eclipse.cdt.managedbuilder.core.BuildException: No toolchain option in toolchain configuration org.eclipse.cdt.build.core.prefbase.toolchain.1975800988: 
2026-02-07 17:12:59,850 [ERROR] LogOutputStream:75 - [STDERR_REDIRECT] 	at com.st.stm32cube.ide.mcu.toolchain.ToolChainHelper.getToolChainId(ToolChainHelper.java:166)
2026-02-07 17:12:59,851 [ERROR] LogOutputStream:75 - [STDERR_REDIRECT] 	at com.st.stm32cube.ide.mcu.toolchain.ToolChainHelper.getToolChainInfo(ToolChainHelper.java:109)
2026-02-07 17:12:59,853 [ERROR] LogOutputStream:75 - [STDERR_REDIRECT] 	at com.st.stm32cube.ide.mcu.toolchain.ui.unmanaged.ToolSettingsTab.createControls(ToolSettingsTab.java:149)
2026-02-07 17:12:59,854 [ERROR] LogOutputStream:75 - [STDERR_REDIRECT] 	at org.eclipse.cdt.ui.newui.AbstractCPropertyTab.createControls(AbstractCPropertyTab.java:139)
2026-02-07 17:12:59,855 [ERROR] LogOutputStream:75 - [STDERR_REDIRECT] 	at org.eclipse.cdt.ui.newui.AbstractPage.loadTab(AbstractPage.java:1199)
2026-02-07 17:12:59,857 [ERROR] LogOutputStream:75 - [STDERR_REDIRECT] 	at org.eclipse.cdt.ui.newui.AbstractPage.loadExtensionsSynchronized(AbstractPage.java:1143)
2026-02-07 17:12:59,858 [ERROR] LogOutputStream:75 - [STDERR_REDIRECT] 	at org.eclipse.cdt.ui.newui.AbstractPage.createWidgets(AbstractPage.java:373)
2026-02-07 17:12:59,859 [ERROR] LogOutputStream:75 - [STDERR_REDIRECT] 	at org.eclipse.cdt.ui.newui.AbstractPage.contentForCDT(AbstractPage.java:359)
2026-02-07 17:12:59,861 [ERROR] LogOutputStream:75 - [STDERR_REDIRECT] 	at org.eclipse.cdt.ui.newui.AbstractPage.createContents(AbstractPage.java:256)
2026-02-07 17:12:59,862 [ERROR] LogOutputStream:75 - [STDERR_REDIRECT] 	at org.eclipse.jface.preference.PreferencePage.createControl(PreferencePage.java:244)
2026-02-07 17:12:59,864 [ERROR] LogOutputStream:75 - [STDERR_REDIRECT] 	at org.eclipse.jface.preference.PreferenceDialog.createPageControl(PreferenceDialog.java:1433)
2026-02-07 17:12:59,865 [ERROR] LogOutputStream:75 - [STDERR_REDIRECT] 	at org.eclipse.jface.preference.PreferenceDialog$8.run(PreferenceDialog.java:1196)
2026-02-07 17:12:59,866 [ERROR] LogOutputStream:75 - [STDERR_REDIRECT] 	at org.eclipse.core.runtime.SafeRunner.run(SafeRunner.java:47)
2026-02-07 17:12:59,868 [ERROR] LogOutputStream:75 - [STDERR_REDIRECT] 	at org.eclipse.jface.util.SafeRunnable.run(SafeRunnable.java:174)
2026-02-07 17:12:59,869 [ERROR] LogOutputStream:75 - [STDERR_REDIRECT] 	at org.eclipse.jface.preference.PreferenceDialog.showPage(PreferenceDialog.java:1188)
2026-02-07 17:12:59,871 [ERROR] LogOutputStream:75 - [STDERR_REDIRECT] 	at org.eclipse.ui.internal.dialogs.FilteredPreferenceDialog.showPage(FilteredPreferenceDialog.java:618)
2026-02-07 17:12:59,872 [ERROR] LogOutputStream:75 - [STDERR_REDIRECT] 	at org.eclipse.jface.preference.PreferenceDialog$5.lambda$0(PreferenceDialog.java:660)
2026-02-07 17:12:59,873 [ERROR] LogOutputStream:75 - [STDERR_REDIRECT] 	at org.eclipse.swt.custom.BusyIndicator.showWhile(BusyIndicator.java:67)
2026-02-07 17:12:59,874 [ERROR] LogOutputStream:75 - [STDERR_REDIRECT] 	at org.eclipse.jface.preference.PreferenceDialog$5.selectionChanged(PreferenceDialog.java:657)
2026-02-07 17:12:59,875 [ERROR] LogOutputStream:75 - [STDERR_REDIRECT] 	at org.eclipse.jface.viewers.StructuredViewer$3.run(StructuredViewer.java:820)
2026-02-07 17:12:59,876 [ERROR] LogOutputStream:75 - [STDERR_REDIRECT] 	at org.eclipse.core.runtime.SafeRunner.run(SafeRunner.java:47)
2026-02-07 17:12:59,878 [ERROR] LogOutputStream:75 - [STDERR_REDIRECT] 	at org.eclipse.jface.util.SafeRunnable.run(SafeRunnable.java:174)
2026-02-07 17:12:59,879 [ERROR] LogOutputStream:75 - [STDERR_REDIRECT] 	at org.eclipse.jface.viewers.StructuredViewer.firePostSelectionChanged(StructuredViewer.java:817)
2026-02-07 17:12:59,880 [ERROR] LogOutputStream:75 - [STDERR_REDIRECT] 	at org.eclipse.jface.viewers.ColumnViewer.firePostSelectionChanged(ColumnViewer.java:1065)
2026-02-07 17:12:59,881 [ERROR] LogOutputStream:75 - [STDERR_REDIRECT] 	at org.eclipse.jface.viewers.StructuredViewer.setSelection(StructuredViewer.java:1665)
2026-02-07 17:12:59,882 [ERROR] LogOutputStream:75 - [STDERR_REDIRECT] 	at org.eclipse.jface.viewers.TreeViewer.setSelection(TreeViewer.java:1091)
2026-02-07 17:12:59,883 [ERROR] LogOutputStream:75 - [STDERR_REDIRECT] 	at org.eclipse.jface.preference.PreferenceDialog.selectSavedItem(PreferenceDialog.java:990)
2026-02-07 17:12:59,884 [ERROR] LogOutputStream:75 - [STDERR_REDIRECT] 	at org.eclipse.ui.internal.dialogs.FilteredPreferenceDialog.selectSavedItem(FilteredPreferenceDialog.java:668)
2026-02-07 17:12:59,885 [ERROR] LogOutputStream:75 - [STDERR_REDIRECT] 	at org.eclipse.jface.preference.PreferenceDialog.lambda$0(PreferenceDialog.java:348)
2026-02-07 17:12:59,886 [ERROR] LogOutputStream:75 - [STDERR_REDIRECT] 	at org.eclipse.swt.custom.BusyIndicator.showWhile(BusyIndicator.java:67)
2026-02-07 17:12:59,887 [ERROR] LogOutputStream:75 - [STDERR_REDIRECT] 	at org.eclipse.jface.preference.PreferenceDialog.createContents(PreferenceDialog.java:345)
2026-02-07 17:12:59,888 [ERROR] LogOutputStream:75 - [STDERR_REDIRECT] 	at org.eclipse.jface.window.Window.create(Window.java:431)
2026-02-07 17:12:59,889 [ERROR] LogOutputStream:75 - [STDERR_REDIRECT] 	at org.eclipse.jface.dialogs.Dialog.create(Dialog.java:1092)
2026-02-07 17:12:59,890 [ERROR] LogOutputStream:75 - [STDERR_REDIRECT] 	at org.eclipse.ui.internal.dialogs.PropertyDialog.createDialogOn(PropertyDialog.java:84)
2026-02-07 17:12:59,891 [ERROR] LogOutputStream:75 - [STDERR_REDIRECT] 	at org.eclipse.ui.dialogs.PropertyDialogAction.createDialog(PropertyDialogAction.java:170)
2026-02-07 17:12:59,892 [ERROR] LogOutputStream:75 - [STDERR_REDIRECT] 	at org.eclipse.ui.dialogs.PropertyDialogAction.run(PropertyDialogAction.java:152)
2026-02-07 17:12:59,893 [ERROR] LogOutputStream:75 - [STDERR_REDIRECT] 	at org.eclipse.jface.action.Action.runWithEvent(Action.java:474)
2026-02-07 17:12:59,894 [ERROR] LogOutputStream:75 - [STDERR_REDIRECT] 	at org.eclipse.jface.action.ActionContributionItem.handleWidgetSelection(ActionContributionItem.java:581)
2026-02-07 17:12:59,895 [ERROR] LogOutputStream:75 - [STDERR_REDIRECT] 	at org.eclipse.jface.action.ActionContributionItem.lambda$4(ActionContributionItem.java:415)
2026-02-07 17:12:59,896 [ERROR] LogOutputStream:75 - [STDERR_REDIRECT] 	at org.eclipse.swt.widgets.EventTable.sendEvent(EventTable.java:91)
2026-02-07 17:12:59,897 [ERROR] LogOutputStream:75 - [STDERR_REDIRECT] 	at org.eclipse.swt.widgets.Display.sendEvent(Display.java:4326)
2026-02-07 17:12:59,898 [ERROR] LogOutputStream:75 - [STDERR_REDIRECT] 	at org.eclipse.swt.widgets.Widget.sendEvent(Widget.java:1174)
2026-02-07 17:12:59,899 [ERROR] LogOutputStream:75 - [STDERR_REDIRECT] 	at org.eclipse.swt.widgets.Display.runDeferredEvents(Display.java:4124)
2026-02-07 17:12:59,900 [ERROR] LogOutputStream:75 - [STDERR_REDIRECT] 	at org.eclipse.swt.widgets.Display.readAndDispatch(Display.java:3712)
2026-02-07 17:12:59,901 [ERROR] LogOutputStream:75 - [STDERR_REDIRECT] 	at org.eclipse.e4.ui.internal.workbench.swt.PartRenderingEngine$5.run(PartRenderingEngine.java:1151)
2026-02-07 17:12:59,902 [ERROR] LogOutputStream:75 - [STDERR_REDIRECT] 	at org.eclipse.core.databinding.observable.Realm.runWithDefault(Realm.java:339)
2026-02-07 17:12:59,903 [ERROR] LogOutputStream:75 - [STDERR_REDIRECT] 	at org.eclipse.e4.ui.internal.workbench.swt.PartRenderingEngine.run(PartRenderingEngine.java:1042)
2026-02-07 17:12:59,904 [ERROR] LogOutputStream:75 - [STDERR_REDIRECT] 	at org.eclipse.e4.ui.internal.workbench.E4Workbench.createAndRunUI(E4Workbench.java:153)
2026-02-07 17:12:59,905 [ERROR] LogOutputStream:75 - [STDERR_REDIRECT] 	at org.eclipse.ui.internal.Workbench.lambda$3(Workbench.java:639)
2026-02-07 17:12:59,906 [ERROR] LogOutputStream:75 - [STDERR_REDIRECT] 	at org.eclipse.core.databinding.observable.Realm.runWithDefault(Realm.java:339)
2026-02-07 17:12:59,907 [ERROR] LogOutputStream:75 - [STDERR_REDIRECT] 	at org.eclipse.ui.internal.Workbench.createAndRunWorkbench(Workbench.java:546)
2026-02-07 17:12:59,908 [ERROR] LogOutputStream:75 - [STDERR_REDIRECT] 	at org.eclipse.ui.PlatformUI.createAndRunWorkbench(PlatformUI.java:173)
2026-02-07 17:12:59,909 [ERROR] LogOutputStream:75 - [STDERR_REDIRECT] 	at org.eclipse.ui.internal.ide.application.IDEApplication.start(IDEApplication.java:152)
2026-02-07 17:12:59,910 [ERROR] LogOutputStream:75 - [STDERR_REDIRECT] 	at org.eclipse.equinox.internal.app.EclipseAppHandle.run(EclipseAppHandle.java:208)
2026-02-07 17:12:59,912 [ERROR] LogOutputStream:75 - [STDERR_REDIRECT] 	at org.eclipse.core.runtime.internal.adaptor.EclipseAppLauncher.runApplication(EclipseAppLauncher.java:143)
2026-02-07 17:12:59,913 [ERROR] LogOutputStream:75 - [STDERR_REDIRECT] 	at org.eclipse.core.runtime.internal.adaptor.EclipseAppLauncher.start(EclipseAppLauncher.java:109)
2026-02-07 17:12:59,914 [ERROR] LogOutputStream:75 - [STDERR_REDIRECT] 	at org.eclipse.core.runtime.adaptor.EclipseStarter.run(EclipseStarter.java:439)
2026-02-07 17:12:59,915 [ERROR] LogOutputStream:75 - [STDERR_REDIRECT] 	at org.eclipse.core.runtime.adaptor.EclipseStarter.run(EclipseStarter.java:271)
2026-02-07 17:12:59,916 [ERROR] LogOutputStream:75 - [STDERR_REDIRECT] 	at java.base/jdk.internal.reflect.DirectMethodHandleAccessor.invoke(DirectMethodHandleAccessor.java:103)
2026-02-07 17:12:59,917 [ERROR] LogOutputStream:75 - [STDERR_REDIRECT] 	at java.base/java.lang.reflect.Method.invoke(Method.java:580)
2026-02-07 17:12:59,918 [ERROR] LogOutputStream:75 - [STDERR_REDIRECT] 	at org.eclipse.equinox.launcher.Main.invokeFramework(Main.java:668)
2026-02-07 17:12:59,919 [ERROR] LogOutputStream:75 - [STDERR_REDIRECT] 	at org.eclipse.equinox.launcher.Main.basicRun(Main.java:605)
2026-02-07 17:12:59,920 [ERROR] LogOutputStream:75 - [STDERR_REDIRECT] 	at org.eclipse.equinox.launcher.Main.run(Main.java:1481)
2026-02-07 17:25:58,328 [ERROR] LogOutputStream:75 - [STDERR_REDIRECT] 
2026-02-07 17:25:58,330 [ERROR] LogOutputStream:75 - [STDERR_REDIRECT] 
2026-02-07 17:26:23,808 [INFO] Activator:176 - 


2026-02-07 17:26:23,812 [INFO] Activator:177 - !SESSION log4j initialized
2026-02-07 17:26:30,506 [INFO] LogOutputStream:77 - [STDOUT_REDIRECT] 
2026-02-07 17:26:32,159 [INFO] ApplicationProperties:184 - Using Application install path: C:\ST\STM32CubeIDE_1.18.1\STM32CubeIDE\plugins\com.st.stm32cube.common.mx_6.14.1.202504091515
2026-02-07 17:26:32,180 [INFO] DbMcusXml:78 - Set database path to: C:\ST\STM32CubeIDE_1.18.1\STM32CubeIDE\plugins\com.st.stm32cube.common.mx_6.14.1.202504091515\\db\/mcu/
2026-02-07 17:26:32,180 [INFO] ApiDb:274 - Set plugin database path to: C:\ST\STM32CubeIDE_1.18.1\STM32CubeIDE\plugins\com.st.stm32cube.common.mx_6.14.1.202504091515\\db\/plugins/boardmanager/
2026-02-07 17:26:32,181 [WARN] ApiDb:259 - Overriding images path with different value:  => C:\ST\STM32CubeIDE_1.18.1\STM32CubeIDE\plugins\com.st.stm32cube.common.mx_6.14.1.202504091515\\db\/plugins/mcufinder/images/
2026-02-07 17:26:32,185 [INFO] ApiDb:250 - Set database path to: C:\Users\Lenovo\.stmcufinder\plugins\mcufinder//mcu/
2026-02-07 17:26:32,187 [INFO] DbMcusAds:125 - Set database path to: C:\Users\Lenovo\.stmcufinder\plugins\mcufinder//mcu/
2026-02-07 17:26:32,189 [INFO] CrossReferenceDbSqlite:203 - Set database path to: C:\Users\Lenovo\.stmcufinder\plugins\mcufinder//mcu/cs/
2026-02-07 17:26:32,301 [INFO] RulesReader:64 - Compatibility file has been processed (302 Rules)
2026-02-07 17:26:32,395 [INFO] DbMcusXml:78 - Set database path to: C:\ST\STM32CubeIDE_1.18.1\STM32CubeIDE\plugins\com.st.stm32cube.common.mx_6.14.1.202504091515\\db\/mcu/
2026-02-07 17:26:32,396 [INFO] ApiDb:274 - Set plugin database path to: C:\ST\STM32CubeIDE_1.18.1\STM32CubeIDE\plugins\com.st.stm32cube.common.mx_6.14.1.202504091515\\db\/plugins/boardmanager/
2026-02-07 17:26:32,396 [INFO] ApiDb:261 - Set plugin images path to: C:\ST\STM32CubeIDE_1.18.1\STM32CubeIDE\plugins\com.st.stm32cube.common.mx_6.14.1.202504091515\\db\/plugins/mcufinder/images/
2026-02-07 17:26:32,396 [WARN] DbFile:41 - Overriding database path with different value: C:\Users\Lenovo\.stmcufinder\plugins\mcufinder/ => C:\Users\Lenovo\.stmcufinder\plugins\mcufinder
2026-02-07 17:26:32,396 [INFO] ApiDb:250 - Set database path to: C:\Users\Lenovo\.stmcufinder\plugins\mcufinder//mcu/
2026-02-07 17:26:32,396 [WARN] DbFile:41 - Overriding database path with different value: C:\Users\Lenovo\.stmcufinder\plugins\mcufinder/ => C:\Users\Lenovo\.stmcufinder\plugins\mcufinder
2026-02-07 17:26:32,396 [INFO] DbMcusAds:125 - Set database path to: C:\Users\Lenovo\.stmcufinder\plugins\mcufinder//mcu/
2026-02-07 17:26:32,397 [WARN] DbFile:41 - Overriding database path with different value: C:\Users\Lenovo\.stmcufinder\plugins\mcufinder/ => C:\Users\Lenovo\.stmcufinder\plugins\mcufinder
2026-02-07 17:26:32,397 [WARN] DbFile:41 - Overriding database path with different value: C:\Users\Lenovo\.stmcufinder\plugins\mcufinder/ => C:\Users\Lenovo\.stmcufinder\plugins\mcufinder
2026-02-07 17:26:32,397 [INFO] CrossReferenceDbSqlite:203 - Set database path to: C:\Users\Lenovo\.stmcufinder\plugins\mcufinder//mcu/cs/
2026-02-07 17:26:32,478 [INFO] MainPanel:272 - HeapMemory: 268435456
2026-02-07 17:26:32,618 [INFO] DbMcusXml:78 - Set database path to: C:\ST\STM32CubeIDE_1.18.1\STM32CubeIDE\plugins\com.st.stm32cube.common.mx_6.14.1.202504091515\\db\/mcu/
2026-02-07 17:26:32,618 [INFO] ApiDb:274 - Set plugin database path to: C:\ST\STM32CubeIDE_1.18.1\STM32CubeIDE\plugins\com.st.stm32cube.common.mx_6.14.1.202504091515\\db\/plugins/boardmanager/
2026-02-07 17:26:32,618 [INFO] ApiDb:261 - Set plugin images path to: C:\ST\STM32CubeIDE_1.18.1\STM32CubeIDE\plugins\com.st.stm32cube.common.mx_6.14.1.202504091515\\db\/plugins/mcufinder/images/
2026-02-07 17:26:32,618 [WARN] DbFile:41 - Overriding database path with different value: C:\Users\Lenovo\.stmcufinder\plugins\mcufinder/ => C:\Users\Lenovo\.stmcufinder\plugins\mcufinder
2026-02-07 17:26:32,618 [INFO] ApiDb:250 - Set database path to: C:\Users\Lenovo\.stmcufinder\plugins\mcufinder//mcu/
2026-02-07 17:26:32,618 [WARN] DbFile:41 - Overriding database path with different value: C:\Users\Lenovo\.stmcufinder\plugins\mcufinder/ => C:\Users\Lenovo\.stmcufinder\plugins\mcufinder
2026-02-07 17:26:32,618 [INFO] DbMcusAds:125 - Set database path to: C:\Users\Lenovo\.stmcufinder\plugins\mcufinder//mcu/
2026-02-07 17:26:32,618 [WARN] DbFile:41 - Overriding database path with different value: C:\Users\Lenovo\.stmcufinder\plugins\mcufinder/ => C:\Users\Lenovo\.stmcufinder\plugins\mcufinder
2026-02-07 17:26:32,618 [WARN] DbFile:41 - Overriding database path with different value: C:\Users\Lenovo\.stmcufinder\plugins\mcufinder/ => C:\Users\Lenovo\.stmcufinder\plugins\mcufinder
2026-02-07 17:26:32,619 [INFO] CrossReferenceDbSqlite:203 - Set database path to: C:\Users\Lenovo\.stmcufinder\plugins\mcufinder//mcu/cs/
2026-02-07 17:26:32,640 [INFO] ApplicationProperties:184 - Using Application install path: C:\ST\STM32CubeIDE_1.18.1\STM32CubeIDE\plugins\com.st.stm32cube.common.mx_6.14.1.202504091515
2026-02-07 17:26:32,642 [INFO] PluginManage:196 - Search for loadable plugins [exclusion list=, ]
2026-02-07 17:26:32,644 [INFO] PluginManage:310 - Check plugin analytics
2026-02-07 17:26:32,804 [INFO] AnalyticsPlugin:253 - Accepted Software Licenses: 
2026-02-07 17:26:32,804 [INFO] AnalyticsPlugin:255 - Accepted CMSIS Pack Licenses: 
2026-02-07 17:26:32,805 [INFO] AnalyticsPlugin:257 - Accepted Firmware Licenses: 
2026-02-07 17:26:32,808 [INFO] PluginManage:359 - Loaded plugin analytics (category:tool,tabindex:-1)
2026-02-07 17:26:32,808 [INFO] PluginManage:310 - Check plugin cadmodel
2026-02-07 17:26:32,827 [INFO] CADModel:105 - Init CAD model plugin
2026-02-07 17:26:32,827 [INFO] PluginManage:359 - Loaded plugin cadmodel (category:power,tabindex:5)
2026-02-07 17:26:32,827 [INFO] PluginManage:310 - Check plugin clock
2026-02-07 17:26:32,850 [INFO] PluginManage:359 - Loaded plugin clock (category:base,tabindex:2)
2026-02-07 17:26:32,850 [INFO] PluginManage:310 - Check plugin ddr
2026-02-07 17:26:32,853 [INFO] PluginManage:359 - Loaded plugin ddr (category:tool,tabindex:6)
2026-02-07 17:26:32,853 [INFO] PluginManage:310 - Check plugin filemanager
2026-02-07 17:26:32,999 [INFO] PluginManage:359 - Loaded plugin filemanager (category:base,tabindex:10)
2026-02-07 17:26:32,999 [INFO] PluginManage:310 - Check plugin ipmanager
2026-02-07 17:26:33,007 [INFO] PluginManage:359 - Loaded plugin ipmanager (category:base,tabindex:5)
2026-02-07 17:26:33,008 [INFO] PluginManage:310 - Check plugin lpbam
2026-02-07 17:26:33,031 [INFO] PluginManage:359 - Loaded plugin lpbam (category:base,tabindex:0)
2026-02-07 17:26:33,031 [INFO] PluginManage:310 - Check plugin memorymap
2026-02-07 17:26:33,063 [INFO] PluginManage:359 - Loaded plugin memorymap (category:base,tabindex:4)
2026-02-07 17:26:33,063 [INFO] PluginManage:310 - Check plugin pinoutandconfiguration
2026-02-07 17:26:33,089 [INFO] PluginManage:359 - Loaded plugin pinoutandconfiguration (category:base,tabindex:1)
2026-02-07 17:26:33,089 [INFO] PluginManage:310 - Check plugin pinoutconfig
2026-02-07 17:26:33,195 [WARN] SupportedApi:132 - Cannot load RTOS API schema: s4s-elt-must-match.1: The content of 'definitions' must match (annotation?, (simpleType | complexType)?, (unique | key | keyref)*)). A problem was found starting at: attribute.
2026-02-07 17:26:33,332 [INFO] PluginManage:359 - Loaded plugin pinoutconfig (category:base,tabindex:0)
2026-02-07 17:26:33,332 [INFO] PluginManage:310 - Check plugin power
2026-02-07 17:26:33,356 [INFO] PluginManage:359 - Loaded plugin power (category:power,tabindex:4)
2026-02-07 17:26:33,356 [INFO] PluginManage:310 - Check plugin projectmanager
2026-02-07 17:26:33,372 [INFO] PluginManage:359 - Loaded plugin projectmanager (category:projectmanager,tabindex:4)
2026-02-07 17:26:33,373 [INFO] PluginManage:310 - Check plugin rif
2026-02-07 17:26:33,397 [INFO] PluginManage:359 - Loaded plugin rif (category:base,tabindex:3)
2026-02-07 17:26:33,397 [INFO] PluginManage:310 - Check plugin thirdparty
2026-02-07 17:26:33,783 [INFO] PluginManage:359 - Loaded plugin thirdparty (category:base,tabindex:-1)
2026-02-07 17:26:33,783 [INFO] PluginManage:310 - Check plugin tools
2026-02-07 17:26:33,783 [WARN] IntegrityCheckThread:84 - waiting for thirdparty lock release [integrity check]
2026-02-07 17:26:33,783 [INFO] IntegrityCheckThread:86 - entering critical section [integrity check]
2026-02-07 17:26:33,784 [INFO] ThirdPartyUpdaterWithRetryManager:70 - Updater plugin not ready yet. [1/15]
2026-02-07 17:26:33,844 [INFO] PluginManage:359 - Loaded plugin tools (category:base,tabindex:7)
2026-02-07 17:26:33,844 [INFO] PluginManage:310 - Check plugin tutovideos
2026-02-07 17:26:34,162 [INFO] PluginManage:359 - Loaded plugin tutovideos (category:base,tabindex:-1)
2026-02-07 17:26:34,162 [INFO] PluginManage:310 - Check plugin updater
2026-02-07 17:26:34,189 [INFO] PluginManage:359 - Loaded plugin updater (category:base,tabindex:12)
2026-02-07 17:26:34,189 [INFO] PluginManage:310 - Check plugin userauth
2026-02-07 17:26:34,195 [INFO] UserAuth:118 - Init User Auth plugin
2026-02-07 17:26:34,198 [INFO] PluginManage:359 - Loaded plugin userauth (category:base,tabindex:14)
2026-02-07 17:26:34,199 [INFO] PluginManage:283 - PluginManage : Loaded plugins [18]
2026-02-07 17:26:34,573 [INFO] PinOutPanel:1589 - setPackage(No Configuration,No Configuration)
2026-02-07 17:26:34,674 [INFO] CADModel:165 - CPN selected for project level
2026-02-07 17:26:34,674 [INFO] CADModel:114 - Register for checkConnection events
2026-02-07 17:26:34,710 [INFO] IPUIPlugin:80 - create IPUIPlugin
2026-02-07 17:26:34,710 [INFO] PluginManager:220 - loadIPPluginJar : add adc
2026-02-07 17:26:34,767 [INFO] IPUIPlugin:80 - create IPUIPlugin
2026-02-07 17:26:34,767 [INFO] PluginManager:220 - loadIPPluginJar : add aes
2026-02-07 17:26:34,831 [INFO] IPUIPlugin:80 - create IPUIPlugin
2026-02-07 17:26:34,831 [INFO] PluginManager:220 - loadIPPluginJar : add can
2026-02-07 17:26:34,873 [INFO] IPUIPlugin:80 - create IPUIPlugin
2026-02-07 17:26:34,873 [INFO] PluginManager:220 - loadIPPluginJar : add comp
2026-02-07 17:26:34,927 [INFO] IPUIPlugin:80 - create IPUIPlugin
2026-02-07 17:26:34,927 [INFO] PluginManager:220 - loadIPPluginJar : add cryp
2026-02-07 17:26:34,953 [INFO] IPUIPlugin:80 - create IPUIPlugin
2026-02-07 17:26:34,953 [INFO] PluginManager:220 - loadIPPluginJar : add ddr_ctrl_phy
2026-02-07 17:26:35,045 [INFO] IPUIPlugin:80 - create IPUIPlugin
2026-02-07 17:26:35,046 [INFO] PluginManager:220 - loadIPPluginJar : add dfsdm
2026-02-07 17:26:35,073 [INFO] IPUIPlugin:80 - create IPUIPlugin
2026-02-07 17:26:35,074 [INFO] PluginManager:220 - loadIPPluginJar : add dma
2026-02-07 17:26:35,150 [INFO] IPUIPlugin:80 - create IPUIPlugin
2026-02-07 17:26:35,150 [INFO] PluginManager:220 - loadIPPluginJar : add dma3
2026-02-07 17:26:35,221 [INFO] IPUIPlugin:80 - create IPUIPlugin
2026-02-07 17:26:35,222 [INFO] PluginManager:220 - loadIPPluginJar : add extmemmanager
2026-02-07 17:26:35,256 [INFO] IPUIPlugin:80 - create IPUIPlugin
2026-02-07 17:26:35,256 [INFO] PluginManager:220 - loadIPPluginJar : add fatfs
2026-02-07 17:26:35,341 [INFO] IPUIPlugin:80 - create IPUIPlugin
2026-02-07 17:26:35,341 [INFO] PluginManager:220 - loadIPPluginJar : add fmc
2026-02-07 17:26:35,375 [INFO] IPUIPlugin:80 - create IPUIPlugin
2026-02-07 17:26:35,376 [INFO] PluginManager:220 - loadIPPluginJar : add freertos
2026-02-07 17:26:35,429 [INFO] IPUIPlugin:80 - create IPUIPlugin
2026-02-07 17:26:35,429 [INFO] PluginManager:220 - loadIPPluginJar : add genericplugin
2026-02-07 17:26:35,585 [INFO] IPUIPlugin:80 - create IPUIPlugin
2026-02-07 17:26:35,585 [INFO] PluginManager:220 - loadIPPluginJar : add gfxmmu
2026-02-07 17:26:35,814 [INFO] IPUIPlugin:80 - create IPUIPlugin
2026-02-07 17:26:35,815 [INFO] PluginManager:220 - loadIPPluginJar : add gic
2026-02-07 17:26:35,831 [INFO] IPUIPlugin:80 - create IPUIPlugin
2026-02-07 17:26:35,831 [INFO] PluginManager:220 - loadIPPluginJar : add gpio
2026-02-07 17:26:35,990 [INFO] IPUIPlugin:80 - create IPUIPlugin
2026-02-07 17:26:35,990 [INFO] PluginManager:220 - loadIPPluginJar : add gtzc
2026-02-07 17:26:36,048 [INFO] IPUIPlugin:80 - create IPUIPlugin
2026-02-07 17:26:36,048 [INFO] PluginManager:220 - loadIPPluginJar : add hash
2026-02-07 17:26:36,132 [INFO] IPUIPlugin:80 - create IPUIPlugin
2026-02-07 17:26:36,132 [INFO] PluginManager:220 - loadIPPluginJar : add i2c
2026-02-07 17:26:36,191 [INFO] IPUIPlugin:80 - create IPUIPlugin
2026-02-07 17:26:36,192 [INFO] PluginManager:220 - loadIPPluginJar : add i2s
2026-02-07 17:26:36,257 [INFO] IPUIPlugin:80 - create IPUIPlugin
2026-02-07 17:26:36,257 [INFO] PluginManager:220 - loadIPPluginJar : add i3c
2026-02-07 17:26:36,418 [INFO] IPUIPlugin:80 - create IPUIPlugin
2026-02-07 17:26:36,418 [INFO] PluginManager:220 - loadIPPluginJar : add ipddr
2026-02-07 17:26:36,588 [INFO] IPUIPlugin:80 - create IPUIPlugin
2026-02-07 17:26:36,589 [INFO] PluginManager:220 - loadIPPluginJar : add linkedlist
2026-02-07 17:26:36,665 [INFO] IPUIPlugin:80 - create IPUIPlugin
2026-02-07 17:26:36,666 [INFO] PluginManager:220 - loadIPPluginJar : add lorawan
2026-02-07 17:26:36,756 [INFO] IPUIPlugin:80 - create IPUIPlugin
2026-02-07 17:26:36,756 [INFO] PluginManager:220 - loadIPPluginJar : add ltdc
2026-02-07 17:26:36,783 [INFO] IPUIPlugin:80 - create IPUIPlugin
2026-02-07 17:26:36,783 [INFO] PluginManager:220 - loadIPPluginJar : add mdma
2026-02-07 17:26:36,785 [INFO] ThirdPartyUpdaterWithRetryManager:70 - Updater plugin not ready yet. [2/15]
2026-02-07 17:26:36,808 [INFO] IPUIPlugin:80 - create IPUIPlugin
2026-02-07 17:26:36,809 [INFO] PluginManager:220 - loadIPPluginJar : add nvic
2026-02-07 17:26:36,893 [INFO] IPUIPlugin:80 - create IPUIPlugin
2026-02-07 17:26:36,893 [INFO] PluginManager:220 - loadIPPluginJar : add opamp
2026-02-07 17:26:37,012 [INFO] IPUIPlugin:80 - create IPUIPlugin
2026-02-07 17:26:37,012 [INFO] PluginManager:220 - loadIPPluginJar : add openamp
2026-02-07 17:26:37,092 [INFO] IPUIPlugin:80 - create IPUIPlugin
2026-02-07 17:26:37,092 [INFO] PluginManager:220 - loadIPPluginJar : add pdm2pcm
2026-02-07 17:26:37,114 [INFO] IPUIPlugin:80 - create IPUIPlugin
2026-02-07 17:26:37,118 [INFO] PluginManager:220 - loadIPPluginJar : add plateformsettings
2026-02-07 17:26:37,158 [INFO] IPUIPlugin:80 - create IPUIPlugin
2026-02-07 17:26:37,158 [INFO] PluginManager:220 - loadIPPluginJar : add quadspi
2026-02-07 17:26:37,201 [INFO] IPUIPlugin:80 - create IPUIPlugin
2026-02-07 17:26:37,202 [INFO] PluginManager:220 - loadIPPluginJar : add radio
2026-02-07 17:26:37,222 [INFO] IPUIPlugin:80 - create IPUIPlugin
2026-02-07 17:26:37,222 [INFO] PluginManager:220 - loadIPPluginJar : add resmgrutility
2026-02-07 17:26:37,291 [INFO] IPUIPlugin:80 - create IPUIPlugin
2026-02-07 17:26:37,291 [INFO] PluginManager:220 - loadIPPluginJar : add sai
2026-02-07 17:26:37,351 [INFO] IPUIPlugin:80 - create IPUIPlugin
2026-02-07 17:26:37,352 [INFO] PluginManager:220 - loadIPPluginJar : add spi
2026-02-07 17:26:37,483 [INFO] IPUIPlugin:80 - create IPUIPlugin
2026-02-07 17:26:37,483 [INFO] PluginManager:220 - loadIPPluginJar : add stm32_wpan
2026-02-07 17:26:37,525 [INFO] IPUIPlugin:80 - create IPUIPlugin
2026-02-07 17:26:37,525 [INFO] PluginManager:220 - loadIPPluginJar : add tim
2026-02-07 17:26:37,618 [INFO] IPUIPlugin:80 - create IPUIPlugin
2026-02-07 17:26:37,618 [INFO] PluginManager:220 - loadIPPluginJar : add touchsensing
2026-02-07 17:26:37,655 [INFO] IPUIPlugin:80 - create IPUIPlugin
2026-02-07 17:26:37,655 [INFO] PluginManager:220 - loadIPPluginJar : add tracer_emb
2026-02-07 17:26:37,697 [INFO] IPUIPlugin:80 - create IPUIPlugin
2026-02-07 17:26:37,697 [INFO] PluginManager:220 - loadIPPluginJar : add ts
2026-02-07 17:26:37,736 [INFO] IPUIPlugin:80 - create IPUIPlugin
2026-02-07 17:26:37,736 [INFO] PluginManager:220 - loadIPPluginJar : add tsc
2026-02-07 17:26:37,774 [INFO] IPUIPlugin:80 - create IPUIPlugin
2026-02-07 17:26:37,774 [INFO] PluginManager:220 - loadIPPluginJar : add ucpd
2026-02-07 17:26:37,841 [INFO] IPUIPlugin:80 - create IPUIPlugin
2026-02-07 17:26:37,841 [INFO] PluginManager:220 - loadIPPluginJar : add usart
2026-02-07 17:26:37,910 [INFO] IPUIPlugin:80 - create IPUIPlugin
2026-02-07 17:26:37,910 [INFO] PluginManager:220 - loadIPPluginJar : add usbx
2026-02-07 17:26:38,042 [FATAL] Updater:351 - Updater called before beeing initialized
2026-02-07 17:26:38,072 [INFO] RulesReader:64 - Compatibility file has been processed (302 Rules)
2026-02-07 17:26:38,085 [INFO] RulesReader:64 - Compatibility file has been processed (302 Rules)
2026-02-07 17:26:38,097 [INFO] CADModel:165 - CPN selected for project level
2026-02-07 17:26:38,097 [INFO] CADModel:114 - Register for checkConnection events
2026-02-07 17:26:38,097 [FATAL] Updater:351 - Updater called before beeing initialized
2026-02-07 17:26:38,097 [ERROR] CADModel:125 - Updater not yet initialized, retry later 
2026-02-07 17:26:38,280 [FATAL] Updater:351 - Updater called before beeing initialized
2026-02-07 17:26:38,283 [INFO] CADModel:165 - CPN selected for project level
2026-02-07 17:26:38,284 [INFO] CADModel:114 - Register for checkConnection events
2026-02-07 17:26:38,284 [FATAL] Updater:351 - Updater called before beeing initialized
2026-02-07 17:26:38,284 [ERROR] CADModel:125 - Updater not yet initialized, retry later 
2026-02-07 17:26:38,290 [FATAL] Updater:351 - Updater called before beeing initialized
2026-02-07 17:26:38,466 [FATAL] Updater:351 - Updater called before beeing initialized
2026-02-07 17:26:38,486 [INFO] DbMcusAds:53 - JSON generation date=Thu Jan 08 22:57:51 ICT 2026 (1767887871456)
2026-02-07 17:26:38,486 [FATAL] Updater:351 - Updater called before beeing initialized
2026-02-07 17:26:38,530 [WARN] DetailPanel:346 - Failed to get advertising image, set to default
2026-02-07 17:26:38,772 [FATAL] Updater:351 - Updater called before beeing initialized
2026-02-07 17:26:38,774 [FATAL] Updater:351 - Updater called before beeing initialized
2026-02-07 17:26:38,775 [FATAL] Updater:351 - Updater called before beeing initialized
2026-02-07 17:26:38,775 [WARN] DetailPanel:346 - Failed to get advertising image, set to default
2026-02-07 17:26:38,775 [FATAL] Updater:351 - Updater called before beeing initialized
2026-02-07 17:26:38,840 [ERROR] Updater:1198 - MainUpdater not yet initialized. External WinMGr cannot be set.
2026-02-07 17:26:38,856 [INFO] Updater:1134 - Updater Version found : 6.14.1
2026-02-07 17:26:38,883 [INFO] ApplicationProperties:184 - Using Application install path: C:\ST\STM32CubeIDE_1.18.1\STM32CubeIDE\plugins\com.st.stm32cube.common.mx_6.14.1.202504091515
2026-02-07 17:26:39,786 [INFO] ThirdPartyUpdaterWithRetryManager:70 - Updater plugin not ready yet. [3/15]
2026-02-07 17:26:40,475 [ERROR] LogOutputStream:75 - [STDERR_REDIRECT] Feb 07, 2026 5:26:40 PM java.util.prefs.WindowsPreferences <init>
2026-02-07 17:26:40,476 [ERROR] LogOutputStream:75 - [STDERR_REDIRECT] WARNING: Could not open/create prefs root node Software\JavaSoft\Prefs at root 0xffffffff80000002. Windows RegCreateKeyEx(...) returned error code 5.
2026-02-07 17:26:40,476 [ERROR] LogOutputStream:75 - [STDERR_REDIRECT] 
2026-02-07 17:26:40,934 [INFO] MainUpdater:2872 - connection check result : 10
2026-02-07 17:26:40,934 [INFO] MainUpdater:289 - Updater Check For Update Now.
2026-02-07 17:26:40,935 [INFO] MicroXplorer:498 - Change Database Version : DB.6.0.141
2026-02-07 17:26:40,960 [INFO] McuFinderGlobals:63 - Set McuFinder mode to 2 (CubeIDE integrated)
2026-02-07 17:26:40,961 [INFO] UserAuth:171 - activating auth plugin
2026-02-07 17:26:40,965 [INFO] UserAuth:484 - Internet connection configuration mode: 1
2026-02-07 17:26:41,037 [INFO] JxBrowserEngine:152 - Initiate JxBrowser Engine with user profile folder
2026-02-07 17:26:41,190 [INFO] CheckServerUpdateThread:120 - End of CheckServer Thread
2026-02-07 17:26:41,958 [INFO] WebApp:169 - Instantiating new browser for Auth
2026-02-07 17:26:42,752 [INFO] WebApp:463 - Apply proxy settings
2026-02-07 17:26:42,752 [INFO] WebApp:548 - Chromium requires no authentication
2026-02-07 17:26:42,760 [INFO] WebApp:491 - Direct internet connection detected
2026-02-07 17:26:42,785 [INFO] WebApp:894 - Register for checkConnection events
2026-02-07 17:26:42,785 [INFO] WebApp:463 - Apply proxy settings
2026-02-07 17:26:42,786 [INFO] WebApp:548 - Chromium requires no authentication
2026-02-07 17:26:42,786 [INFO] WebApp:491 - Direct internet connection detected
2026-02-07 17:26:42,992 [INFO] WebApp:191 - Connection restablished
2026-02-07 17:26:43,041 [WARN] PackLoader:240 - Cannot read IP mode file for STMicroelectronics.FP-SNS-MOTENVWB1.1.4.0
2026-02-07 17:26:43,070 [WARN] PackLoader:240 - Cannot read IP mode file for STMicroelectronics.X-CUBE-SMBUS.2.1.0
2026-02-07 17:26:43,075 [INFO] WebApp:225 - Starting web application
2026-02-07 17:26:43,075 [INFO] WebApp:593 - Web application path used C:\ST\STM32CubeIDE_1.18.1\STM32CubeIDE\plugins\com.st.stm32cube.common.mx_6.14.1.202504091515\db\plugins\mcufinder\reactClient1\index.html
2026-02-07 17:26:43,135 [WARN] PackLoader:240 - Cannot read IP mode file for STMicroelectronics.X-CUBE-AZRTOS-F7.1.1.0
2026-02-07 17:26:43,200 [WARN] PackLoader:240 - Cannot read IP mode file for Cesanta.I-CUBE-Mongoose.7.19.0
2026-02-07 17:26:43,235 [ERROR] Engine:466 - C:\Users\Lenovo\.stm32cubemx\thirdparties\pdsc\STMicroelectronics.FP-SNS-MOTENV1.5.1.0.pdsc: PDSC version is not supported
2026-02-07 17:26:43,272 [ERROR] Engine:466 - C:\Users\Lenovo\.stm32cubemx\thirdparties\pdsc\WES.I-CUBE-Cesium.1.4.0.pdsc: PDSC version is not supported
2026-02-07 17:26:43,337 [WARN] PackLoader:240 - Cannot read IP mode file for Infineon.AIROC-Wi-Fi-Bluetooth-STM32.1.7.1
2026-02-07 17:26:43,465 [WARN] PackLoader:240 - Cannot read IP mode file for STMicroelectronics.X-CUBE-AZRTOS-H7.3.4.0
2026-02-07 17:26:43,558 [WARN] PackLoader:240 - Cannot read IP mode file for STMicroelectronics.X-CUBE-DISPLAY.3.0.0
2026-02-07 17:26:43,606 [WARN] PackLoader:240 - Cannot read IP mode file for STMicroelectronics.X-CUBE-NFC10.1.0.0
2026-02-07 17:26:43,646 [WARN] PackLoader:240 - Cannot read IP mode file for STMicroelectronics.X-CUBE-ST60.1.1.0
2026-02-07 17:26:43,689 [WARN] PackLoader:240 - Cannot read IP mode file for emotas.I-CUBE-CANOPEN.1.3.0
2026-02-07 17:26:43,722 [WARN] PackLoader:240 - Cannot read IP mode file for STMicroelectronics.X-CUBE-GNSS1.7.1.0
2026-02-07 17:26:43,758 [WARN] PackLoader:240 - Cannot read IP mode file for STMicroelectronics.FP-SNS-SMARTAG2.1.2.0
2026-02-07 17:26:43,802 [INFO] LogOutputStream:77 - [STDOUT_REDIRECT] 1 : Invalid condition id : UX_CORESTACK_Condition cause : null
2026-02-07 17:26:43,805 [INFO] LogOutputStream:77 - [STDOUT_REDIRECT] 1 : Invalid condition id : UX_CORESTACK_Condition cause : null
2026-02-07 17:26:43,806 [INFO] LogOutputStream:77 - [STDOUT_REDIRECT] 1 : Invalid condition id : UX_CORESTACK_Condition cause : null
2026-02-07 17:26:43,807 [INFO] LogOutputStream:77 - [STDOUT_REDIRECT] 1 : Invalid condition id : UX_CORESTACK_Condition cause : null
2026-02-07 17:26:43,808 [INFO] LogOutputStream:77 - [STDOUT_REDIRECT] 1 : Invalid condition id : UX_CORESTACK_Condition cause : null
2026-02-07 17:26:43,811 [WARN] PackLoader:240 - Cannot read IP mode file for STMicroelectronics.X-CUBE-AZRTOS-WL.2.0.0
2026-02-07 17:26:43,866 [WARN] PackLoader:240 - Cannot read IP mode file for STMicroelectronics.X-CUBE-AZRTOS-H7RS.1.2.0
2026-02-07 17:26:43,904 [WARN] PackLoader:240 - Cannot read IP mode file for STMicroelectronics.X-CUBE-BLE2.3.3.0
2026-02-07 17:26:44,010 [WARN] PackLoader:240 - Cannot read IP mode file for STMicroelectronics.X-CUBE-NFC9.1.0.0
2026-02-07 17:26:44,035 [WARN] PackLoader:240 - Cannot read IP mode file for wolfSSL.I-CUBE-wolfSSL.5.8.2
2026-02-07 17:26:44,060 [WARN] PackLoader:240 - Cannot read IP mode file for STMicroelectronics.X-CUBE-BLE1.7.1.0
2026-02-07 17:26:44,083 [WARN] PackLoader:240 - Cannot read IP mode file for wolfSSL.I-CUBE-wolfMQTT.1.19.2
2026-02-07 17:26:44,101 [ERROR] Engine:466 - C:\Users\Lenovo\.stm32cubemx\thirdparties\pdsc\STMicroelectronics.X-CUBE-FREERTOS.1.4.0.pdsc: PDSC version is not supported
2026-02-07 17:26:44,126 [WARN] PackLoader:240 - Cannot read IP mode file for STMicroelectronics.X-CUBE-EEPRMA1.5.2.0
2026-02-07 17:26:44,154 [ERROR] Engine:466 - C:\Users\Lenovo\.stm32cubemx\thirdparties\pdsc\STMicroelectronics.X-CUBE-ST67W61.1.1.0.pdsc: PDSC version is not supported
2026-02-07 17:26:44,225 [WARN] PackLoader:240 - Cannot read IP mode file for STMicroelectronics.X-CUBE-MEMS1.12.0.0
2026-02-07 17:26:44,342 [WARN] PackLoader:240 - Cannot read IP mode file for STMicroelectronics.X-CUBE-AZRTOS-G0.1.1.0
2026-02-07 17:26:44,382 [WARN] PackLoader:240 - Cannot read IP mode file for STMicroelectronics.X-CUBE-SAFEA1.1.2.2
2026-02-07 17:26:44,439 [WARN] PackLoader:240 - Cannot read IP mode file for STMicroelectronics.X-CUBE-NFC4.3.0.0
2026-02-07 17:26:44,594 [WARN] PackLoader:240 - Cannot read IP mode file for EmbeddedOffice.I-CUBE-FS-RTOS.1.0.1
2026-02-07 17:26:44,634 [WARN] PackLoader:240 - Cannot read IP mode file for STMicroelectronics.X-CUBE-WB05N.2.0.0
2026-02-07 17:26:44,666 [WARN] PackLoader:240 - Cannot read IP mode file for wolfSSL.I-CUBE-wolfTPM.3.8.0
2026-02-07 17:26:44,704 [WARN] PackLoader:240 - Cannot read IP mode file for STMicroelectronics.X-CUBE-TCPP.4.2.0
2026-02-07 17:26:44,740 [WARN] PackLoader:240 - Cannot read IP mode file for RealThread.X-CUBE-RT-Thread_Nano.4.1.1
2026-02-07 17:26:44,772 [WARN] PackLoader:240 - Cannot read IP mode file for STMicroelectronics.FP-ATR-SIGFOX1.3.2.0
2026-02-07 17:26:44,808 [WARN] PackLoader:240 - Cannot read IP mode file for ITTIA_DB.I-CUBE-ITTIADB.8.9.0
2026-02-07 17:26:44,843 [WARN] PackLoader:240 - Cannot read IP mode file for STMicroelectronics.X-CUBE-NFC6.3.2.0
2026-02-07 17:26:44,878 [WARN] PackLoader:240 - Cannot read IP mode file for STMicroelectronics.X-CUBE-AI.10.2.0
2026-02-07 17:26:44,938 [WARN] PackLoader:240 - Cannot read IP mode file for SEGGER.I-CUBE-embOS.1.3.1
2026-02-07 17:26:44,989 [WARN] PackLoader:240 - Cannot read IP mode file for STMicroelectronics.X-CUBE-ALGOBUILD.1.4.0
2026-02-07 17:26:45,079 [WARN] PackLoader:240 - Cannot read IP mode file for STMicroelectronics.X-CUBE-MEMS1.11.3.0
2026-02-07 17:26:45,208 [WARN] PackLoader:240 - Cannot read IP mode file for STMicroelectronics.X-CUBE-PM33A1.1.0.0
2026-02-07 17:26:45,251 [WARN] PackLoader:240 - Cannot read IP mode file for STMicroelectronics.X-CUBE-AZRTOS-F4.1.1.0
2026-02-07 17:26:45,284 [WARN] PackLoader:240 - Cannot read IP mode file for STMicroelectronics.X-CUBE-ISPU.2.1.0
2026-02-07 17:26:45,326 [ERROR] Engine:466 - C:\Users\Lenovo\.stm32cubemx\thirdparties\pdsc\STMicroelectronics.X-CUBE-IPS.3.2.0.pdsc: PDSC version is not supported
2026-02-07 17:26:45,357 [WARN] PackLoader:240 - Cannot read IP mode file for STMicroelectronics.X-CUBE-NFC12.1.0.0
2026-02-07 17:26:45,418 [WARN] PackLoader:240 - Cannot read IP mode file for STMicroelectronics.X-CUBE-AZRTOS-L5.2.0.0
2026-02-07 17:26:45,463 [WARN] PackLoader:240 - Cannot read IP mode file for STMicroelectronics.X-CUBE-NFC6.3.1.0
2026-02-07 17:26:45,509 [WARN] PackLoader:240 - Cannot read IP mode file for STMicroelectronics.X-CUBE-FREERTOS.1.3.1
2026-02-07 17:26:45,550 [WARN] PackLoader:240 - Cannot read IP mode file for STMicroelectronics.X-CUBE-TOUCHGFX.4.26.0
2026-02-07 17:26:45,583 [WARN] PackLoader:240 - Cannot read IP mode file for STMicroelectronics.FP-SNS-STAIOTCFT.1.0.0
2026-02-07 17:26:45,609 [WARN] PackLoader:240 - Cannot read IP mode file for STMicroelectronics.X-CUBE-DPower.1.3.0
2026-02-07 17:26:45,645 [WARN] ConditionMgr:438 - getConditionDescription Invalid condition id : LAN8742 Phy interface Condition cause : null
2026-02-07 17:26:45,646 [WARN] PackLoader:240 - Cannot read IP mode file for STMicroelectronics.X-CUBE-AZRTOS-L4.2.0.0
2026-02-07 17:26:45,647 [WARN] ConditionMgr:1044 - genDependencies : Invalid condition id : LAN8742 Phy interface Condition cause : null
2026-02-07 17:26:45,648 [WARN] ConditionMgr:1044 - genDependencies : Invalid condition id : LAN8742 Phy interface Condition cause : null
2026-02-07 17:26:45,648 [WARN] ConditionMgr:1044 - genDependencies : Invalid condition id : LAN8742 Phy interface Condition cause : null
2026-02-07 17:26:45,670 [WARN] PackLoader:240 - Cannot read IP mode file for STMicroelectronics.X-CUBE-SFXS2LP1.4.0.0
2026-02-07 17:26:45,691 [ERROR] Engine:466 - C:\Users\Lenovo\.stm32cubemx\thirdparties\pdsc\STMicroelectronics.X-CUBE-ST67W61.1.2.0.pdsc: PDSC version is not supported
2026-02-07 17:26:45,715 [WARN] PackLoader:240 - Cannot read IP mode file for STMicroelectronics.X-CUBE-BLEMGR.4.1.0
2026-02-07 17:26:45,747 [WARN] ConditionMgr:438 - getConditionDescription Invalid condition id : UX DEVICE CLASS RTOS Condition cause : null
2026-02-07 17:26:45,747 [WARN] ConditionMgr:438 - getConditionDescription Invalid condition id : UX DEVICE CLASS RTOS Condition cause : null
2026-02-07 17:26:45,748 [WARN] PackLoader:240 - Cannot read IP mode file for STMicroelectronics.X-CUBE-AZRTOS-WB.2.0.0
2026-02-07 17:26:45,749 [WARN] ConditionMgr:1044 - genDependencies : Invalid condition id : UX DEVICE CLASS RTOS Condition cause : null
2026-02-07 17:26:45,749 [WARN] ConditionMgr:1044 - genDependencies : Invalid condition id : UX DEVICE CLASS RTOS Condition cause : null
2026-02-07 17:26:45,749 [WARN] ConditionMgr:1044 - genDependencies : Invalid condition id : UX DEVICE CLASS RTOS Condition cause : null
2026-02-07 17:26:45,749 [WARN] ConditionMgr:1044 - genDependencies : Invalid condition id : UX DEVICE CLASS RTOS Condition cause : null
2026-02-07 17:26:45,749 [WARN] ConditionMgr:1044 - genDependencies : Invalid condition id : UX DEVICE CLASS RTOS Condition cause : null
2026-02-07 17:26:45,765 [WARN] PackLoader:240 - Cannot read IP mode file for STMicroelectronics.X-CUBE-GNSS1.7.0.1
2026-02-07 17:26:45,783 [WARN] ConditionMgr:438 - getConditionDescription Invalid condition id : Cortex-A Device cause : null
2026-02-07 17:26:45,811 [WARN] ConditionMgr:1044 - genDependencies : Invalid condition id : Cortex-A Device cause : null
2026-02-07 17:26:45,812 [WARN] ConditionMgr:1044 - genDependencies : Invalid condition id : Cortex-A Device cause : null
2026-02-07 17:26:45,812 [WARN] ConditionMgr:1044 - genDependencies : Invalid condition id : Cortex-A Device cause : null
2026-02-07 17:26:45,834 [WARN] PackLoader:240 - Cannot read IP mode file for STMicroelectronics.X-CUBE-STSE01.2.0.0
2026-02-07 17:26:45,858 [WARN] PackLoader:240 - Cannot read IP mode file for STMicroelectronics.X-CUBE-SUBG2.5.0.0
2026-02-07 17:26:45,897 [WARN] PackLoader:240 - Cannot read IP mode file for STMicroelectronics.X-CUBE-AZRTOS-H7RS.1.1.0
2026-02-07 17:26:45,932 [WARN] PackLoader:240 - Cannot read IP mode file for STMicroelectronics.X-CUBE-AZRTOS-G4.2.0.0
2026-02-07 17:26:45,954 [WARN] PackLoader:240 - Cannot read IP mode file for wolfSSL.I-CUBE-wolfSSH.1.4.20
2026-02-07 17:26:45,973 [WARN] PackLoader:240 - Cannot read IP mode file for STMicroelectronics.X-CUBE-NFC7.2.0.0
2026-02-07 17:26:45,992 [WARN] PackLoader:240 - Cannot read IP mode file for STMicroelectronics.X-CUBE-ALS.1.0.2
2026-02-07 17:26:46,010 [WARN] PackLoader:240 - Cannot read IP mode file for STMicroelectronics.X-CUBE-STSE01.1.0.0
2026-02-07 17:26:46,036 [WARN] PackLoader:240 - Cannot read IP mode file for STMicroelectronics.X-CUBE-TOF1.3.4.3
2026-02-07 17:26:46,044 [INFO] ThirdParty:978 - Integrity check success = true
2026-02-07 17:26:46,044 [INFO] IntegrityCheckThread:100 - exiting critical section [integrity check]
2026-02-07 17:26:46,044 [INFO] IntegrityCheckThread:103 - End integrity checks thread
2026-02-07 17:29:41,841 [ERROR] AdobePublisher:162 - Exception while opening the connection: java.net.UnknownHostException: stmicroelectronics.d3.sc.omtrdc.net
2026-02-07 17:29:41,842 [ERROR] AdobePublisher:162 - Exception while opening the connection: java.net.UnknownHostException: stmicroelectronics.d3.sc.omtrdc.net
2026-02-07 17:29:41,842 [ERROR] AdobePublisher:162 - Exception while opening the connection: java.net.UnknownHostException: stmicroelectronics.d3.sc.omtrdc.net
2026-02-07 17:29:41,842 [ERROR] AdobePublisher:162 - Exception while opening the connection: java.net.UnknownHostException: stmicroelectronics.d3.sc.omtrdc.net
2026-02-07 17:29:41,842 [ERROR] AdobePublisher:162 - Exception while opening the connection: java.net.UnknownHostException: stmicroelectronics.d3.sc.omtrdc.net
2026-02-07 17:29:41,862 [ERROR] AdobePublisher:162 - Exception while opening the connection: java.net.UnknownHostException: stmicroelectronics.d3.sc.omtrdc.net
2026-02-07 17:29:41,862 [ERROR] AdobePublisher:162 - Exception while opening the connection: java.net.UnknownHostException: stmicroelectronics.d3.sc.omtrdc.net
2026-02-07 17:29:41,862 [ERROR] AdobePublisher:162 - Exception while opening the connection: java.net.UnknownHostException: stmicroelectronics.d3.sc.omtrdc.net
2026-02-07 17:29:41,862 [ERROR] AdobePublisher:162 - Exception while opening the connection: java.net.UnknownHostException: stmicroelectronics.d3.sc.omtrdc.net
2026-02-07 17:29:41,863 [ERROR] AdobePublisher:162 - Exception while opening the connection: java.net.UnknownHostException: stmicroelectronics.d3.sc.omtrdc.net
2026-02-07 17:29:42,645 [ERROR] LogOutputStream:75 - [STDERR_REDIRECT] 
2026-02-07 17:29:42,646 [ERROR] LogOutputStream:75 - [STDERR_REDIRECT] 
2026-02-07 18:28:38,328 [INFO] Activator:176 - 


2026-02-07 18:28:38,331 [INFO] Activator:177 - !SESSION log4j initialized
2026-02-07 18:28:44,727 [INFO] LogOutputStream:77 - [STDOUT_REDIRECT] 
2026-02-07 18:28:46,183 [INFO] ApplicationProperties:184 - Using Application install path: C:\ST\STM32CubeIDE_1.18.1\STM32CubeIDE\plugins\com.st.stm32cube.common.mx_6.14.1.202504091515
2026-02-07 18:28:46,202 [INFO] DbMcusXml:78 - Set database path to: C:\ST\STM32CubeIDE_1.18.1\STM32CubeIDE\plugins\com.st.stm32cube.common.mx_6.14.1.202504091515\\db\/mcu/
2026-02-07 18:28:46,202 [INFO] ApiDb:274 - Set plugin database path to: C:\ST\STM32CubeIDE_1.18.1\STM32CubeIDE\plugins\com.st.stm32cube.common.mx_6.14.1.202504091515\\db\/plugins/boardmanager/
2026-02-07 18:28:46,203 [WARN] ApiDb:259 - Overriding images path with different value:  => C:\ST\STM32CubeIDE_1.18.1\STM32CubeIDE\plugins\com.st.stm32cube.common.mx_6.14.1.202504091515\\db\/plugins/mcufinder/images/
2026-02-07 18:28:46,214 [INFO] ApiDb:250 - Set database path to: C:\Users\Lenovo\.stmcufinder\plugins\mcufinder//mcu/
2026-02-07 18:28:46,215 [INFO] DbMcusAds:125 - Set database path to: C:\Users\Lenovo\.stmcufinder\plugins\mcufinder//mcu/
2026-02-07 18:28:46,218 [INFO] CrossReferenceDbSqlite:203 - Set database path to: C:\Users\Lenovo\.stmcufinder\plugins\mcufinder//mcu/cs/
2026-02-07 18:28:46,330 [INFO] RulesReader:64 - Compatibility file has been processed (302 Rules)
2026-02-07 18:28:46,433 [INFO] DbMcusXml:78 - Set database path to: C:\ST\STM32CubeIDE_1.18.1\STM32CubeIDE\plugins\com.st.stm32cube.common.mx_6.14.1.202504091515\\db\/mcu/
2026-02-07 18:28:46,433 [INFO] ApiDb:274 - Set plugin database path to: C:\ST\STM32CubeIDE_1.18.1\STM32CubeIDE\plugins\com.st.stm32cube.common.mx_6.14.1.202504091515\\db\/plugins/boardmanager/
2026-02-07 18:28:46,434 [INFO] ApiDb:261 - Set plugin images path to: C:\ST\STM32CubeIDE_1.18.1\STM32CubeIDE\plugins\com.st.stm32cube.common.mx_6.14.1.202504091515\\db\/plugins/mcufinder/images/
2026-02-07 18:28:46,434 [WARN] DbFile:41 - Overriding database path with different value: C:\Users\Lenovo\.stmcufinder\plugins\mcufinder/ => C:\Users\Lenovo\.stmcufinder\plugins\mcufinder
2026-02-07 18:28:46,434 [INFO] ApiDb:250 - Set database path to: C:\Users\Lenovo\.stmcufinder\plugins\mcufinder//mcu/
2026-02-07 18:28:46,434 [WARN] DbFile:41 - Overriding database path with different value: C:\Users\Lenovo\.stmcufinder\plugins\mcufinder/ => C:\Users\Lenovo\.stmcufinder\plugins\mcufinder
2026-02-07 18:28:46,434 [INFO] DbMcusAds:125 - Set database path to: C:\Users\Lenovo\.stmcufinder\plugins\mcufinder//mcu/
2026-02-07 18:28:46,434 [WARN] DbFile:41 - Overriding database path with different value: C:\Users\Lenovo\.stmcufinder\plugins\mcufinder/ => C:\Users\Lenovo\.stmcufinder\plugins\mcufinder
2026-02-07 18:28:46,435 [WARN] DbFile:41 - Overriding database path with different value: C:\Users\Lenovo\.stmcufinder\plugins\mcufinder/ => C:\Users\Lenovo\.stmcufinder\plugins\mcufinder
2026-02-07 18:28:46,435 [INFO] CrossReferenceDbSqlite:203 - Set database path to: C:\Users\Lenovo\.stmcufinder\plugins\mcufinder//mcu/cs/
2026-02-07 18:28:46,528 [INFO] MainPanel:272 - HeapMemory: 268435456
2026-02-07 18:28:46,661 [INFO] DbMcusXml:78 - Set database path to: C:\ST\STM32CubeIDE_1.18.1\STM32CubeIDE\plugins\com.st.stm32cube.common.mx_6.14.1.202504091515\\db\/mcu/
2026-02-07 18:28:46,661 [INFO] ApiDb:274 - Set plugin database path to: C:\ST\STM32CubeIDE_1.18.1\STM32CubeIDE\plugins\com.st.stm32cube.common.mx_6.14.1.202504091515\\db\/plugins/boardmanager/
2026-02-07 18:28:46,661 [INFO] ApiDb:261 - Set plugin images path to: C:\ST\STM32CubeIDE_1.18.1\STM32CubeIDE\plugins\com.st.stm32cube.common.mx_6.14.1.202504091515\\db\/plugins/mcufinder/images/
2026-02-07 18:28:46,662 [WARN] DbFile:41 - Overriding database path with different value: C:\Users\Lenovo\.stmcufinder\plugins\mcufinder/ => C:\Users\Lenovo\.stmcufinder\plugins\mcufinder
2026-02-07 18:28:46,662 [INFO] ApiDb:250 - Set database path to: C:\Users\Lenovo\.stmcufinder\plugins\mcufinder//mcu/
2026-02-07 18:28:46,662 [WARN] DbFile:41 - Overriding database path with different value: C:\Users\Lenovo\.stmcufinder\plugins\mcufinder/ => C:\Users\Lenovo\.stmcufinder\plugins\mcufinder
2026-02-07 18:28:46,662 [INFO] DbMcusAds:125 - Set database path to: C:\Users\Lenovo\.stmcufinder\plugins\mcufinder//mcu/
2026-02-07 18:28:46,662 [WARN] DbFile:41 - Overriding database path with different value: C:\Users\Lenovo\.stmcufinder\plugins\mcufinder/ => C:\Users\Lenovo\.stmcufinder\plugins\mcufinder
2026-02-07 18:28:46,662 [WARN] DbFile:41 - Overriding database path with different value: C:\Users\Lenovo\.stmcufinder\plugins\mcufinder/ => C:\Users\Lenovo\.stmcufinder\plugins\mcufinder
2026-02-07 18:28:46,662 [INFO] CrossReferenceDbSqlite:203 - Set database path to: C:\Users\Lenovo\.stmcufinder\plugins\mcufinder//mcu/cs/
2026-02-07 18:28:46,683 [INFO] ApplicationProperties:184 - Using Application install path: C:\ST\STM32CubeIDE_1.18.1\STM32CubeIDE\plugins\com.st.stm32cube.common.mx_6.14.1.202504091515
2026-02-07 18:28:46,685 [INFO] PluginManage:196 - Search for loadable plugins [exclusion list=, ]
2026-02-07 18:28:46,687 [INFO] PluginManage:310 - Check plugin analytics
2026-02-07 18:28:46,857 [INFO] AnalyticsPlugin:253 - Accepted Software Licenses: 
2026-02-07 18:28:46,857 [INFO] AnalyticsPlugin:255 - Accepted CMSIS Pack Licenses: 
2026-02-07 18:28:46,857 [INFO] AnalyticsPlugin:257 - Accepted Firmware Licenses: 
2026-02-07 18:28:46,859 [INFO] PluginManage:359 - Loaded plugin analytics (category:tool,tabindex:-1)
2026-02-07 18:28:46,860 [INFO] PluginManage:310 - Check plugin cadmodel
2026-02-07 18:28:46,867 [INFO] CADModel:105 - Init CAD model plugin
2026-02-07 18:28:46,867 [INFO] PluginManage:359 - Loaded plugin cadmodel (category:power,tabindex:5)
2026-02-07 18:28:46,867 [INFO] PluginManage:310 - Check plugin clock
2026-02-07 18:28:46,878 [INFO] PluginManage:359 - Loaded plugin clock (category:base,tabindex:2)
2026-02-07 18:28:46,878 [INFO] PluginManage:310 - Check plugin ddr
2026-02-07 18:28:46,881 [INFO] PluginManage:359 - Loaded plugin ddr (category:tool,tabindex:6)
2026-02-07 18:28:46,881 [INFO] PluginManage:310 - Check plugin filemanager
2026-02-07 18:28:47,038 [INFO] PluginManage:359 - Loaded plugin filemanager (category:base,tabindex:10)
2026-02-07 18:28:47,039 [INFO] PluginManage:310 - Check plugin ipmanager
2026-02-07 18:28:47,047 [INFO] PluginManage:359 - Loaded plugin ipmanager (category:base,tabindex:5)
2026-02-07 18:28:47,048 [INFO] PluginManage:310 - Check plugin lpbam
2026-02-07 18:28:47,056 [INFO] PluginManage:359 - Loaded plugin lpbam (category:base,tabindex:0)
2026-02-07 18:28:47,056 [INFO] PluginManage:310 - Check plugin memorymap
2026-02-07 18:28:47,072 [INFO] PluginManage:359 - Loaded plugin memorymap (category:base,tabindex:4)
2026-02-07 18:28:47,072 [INFO] PluginManage:310 - Check plugin pinoutandconfiguration
2026-02-07 18:28:47,082 [INFO] PluginManage:359 - Loaded plugin pinoutandconfiguration (category:base,tabindex:1)
2026-02-07 18:28:47,082 [INFO] PluginManage:310 - Check plugin pinoutconfig
2026-02-07 18:28:47,171 [WARN] SupportedApi:132 - Cannot load RTOS API schema: s4s-elt-must-match.1: The content of 'definitions' must match (annotation?, (simpleType | complexType)?, (unique | key | keyref)*)). A problem was found starting at: attribute.
2026-02-07 18:28:47,360 [INFO] PluginManage:359 - Loaded plugin pinoutconfig (category:base,tabindex:0)
2026-02-07 18:28:47,360 [INFO] PluginManage:310 - Check plugin power
2026-02-07 18:28:47,372 [INFO] PluginManage:359 - Loaded plugin power (category:power,tabindex:4)
2026-02-07 18:28:47,372 [INFO] PluginManage:310 - Check plugin projectmanager
2026-02-07 18:28:47,390 [INFO] PluginManage:359 - Loaded plugin projectmanager (category:projectmanager,tabindex:4)
2026-02-07 18:28:47,390 [INFO] PluginManage:310 - Check plugin rif
2026-02-07 18:28:47,398 [INFO] PluginManage:359 - Loaded plugin rif (category:base,tabindex:3)
2026-02-07 18:28:47,398 [INFO] PluginManage:310 - Check plugin thirdparty
2026-02-07 18:28:47,565 [INFO] PluginManage:359 - Loaded plugin thirdparty (category:base,tabindex:-1)
2026-02-07 18:28:47,565 [WARN] IntegrityCheckThread:84 - waiting for thirdparty lock release [integrity check]
2026-02-07 18:28:47,565 [INFO] PluginManage:310 - Check plugin tools
2026-02-07 18:28:47,565 [INFO] IntegrityCheckThread:86 - entering critical section [integrity check]
2026-02-07 18:28:47,566 [INFO] ThirdPartyUpdaterWithRetryManager:70 - Updater plugin not ready yet. [1/15]
2026-02-07 18:28:47,568 [INFO] PluginManage:359 - Loaded plugin tools (category:base,tabindex:7)
2026-02-07 18:28:47,568 [INFO] PluginManage:310 - Check plugin tutovideos
2026-02-07 18:28:47,766 [INFO] PluginManage:359 - Loaded plugin tutovideos (category:base,tabindex:-1)
2026-02-07 18:28:47,766 [INFO] PluginManage:310 - Check plugin updater
2026-02-07 18:28:47,791 [INFO] PluginManage:359 - Loaded plugin updater (category:base,tabindex:12)
2026-02-07 18:28:47,791 [INFO] PluginManage:310 - Check plugin userauth
2026-02-07 18:28:47,797 [INFO] UserAuth:118 - Init User Auth plugin
2026-02-07 18:28:47,798 [INFO] PluginManage:359 - Loaded plugin userauth (category:base,tabindex:14)
2026-02-07 18:28:47,798 [INFO] PluginManage:283 - PluginManage : Loaded plugins [18]
2026-02-07 18:28:48,081 [INFO] PinOutPanel:1589 - setPackage(No Configuration,No Configuration)
2026-02-07 18:28:48,177 [INFO] CADModel:165 - CPN selected for project level
2026-02-07 18:28:48,177 [INFO] CADModel:114 - Register for checkConnection events
2026-02-07 18:28:48,203 [INFO] IPUIPlugin:80 - create IPUIPlugin
2026-02-07 18:28:48,203 [INFO] PluginManager:220 - loadIPPluginJar : add adc
2026-02-07 18:28:48,207 [INFO] IPUIPlugin:80 - create IPUIPlugin
2026-02-07 18:28:48,207 [INFO] PluginManager:220 - loadIPPluginJar : add aes
2026-02-07 18:28:48,212 [INFO] IPUIPlugin:80 - create IPUIPlugin
2026-02-07 18:28:48,212 [INFO] PluginManager:220 - loadIPPluginJar : add can
2026-02-07 18:28:48,215 [INFO] IPUIPlugin:80 - create IPUIPlugin
2026-02-07 18:28:48,215 [INFO] PluginManager:220 - loadIPPluginJar : add comp
2026-02-07 18:28:48,219 [INFO] IPUIPlugin:80 - create IPUIPlugin
2026-02-07 18:28:48,220 [INFO] PluginManager:220 - loadIPPluginJar : add cryp
2026-02-07 18:28:48,225 [INFO] IPUIPlugin:80 - create IPUIPlugin
2026-02-07 18:28:48,225 [INFO] PluginManager:220 - loadIPPluginJar : add ddr_ctrl_phy
2026-02-07 18:28:48,229 [INFO] IPUIPlugin:80 - create IPUIPlugin
2026-02-07 18:28:48,229 [INFO] PluginManager:220 - loadIPPluginJar : add dfsdm
2026-02-07 18:28:48,236 [INFO] IPUIPlugin:80 - create IPUIPlugin
2026-02-07 18:28:48,237 [INFO] PluginManager:220 - loadIPPluginJar : add dma
2026-02-07 18:28:48,242 [INFO] IPUIPlugin:80 - create IPUIPlugin
2026-02-07 18:28:48,242 [INFO] PluginManager:220 - loadIPPluginJar : add dma3
2026-02-07 18:28:48,247 [INFO] IPUIPlugin:80 - create IPUIPlugin
2026-02-07 18:28:48,248 [INFO] PluginManager:220 - loadIPPluginJar : add extmemmanager
2026-02-07 18:28:48,251 [INFO] IPUIPlugin:80 - create IPUIPlugin
2026-02-07 18:28:48,251 [INFO] PluginManager:220 - loadIPPluginJar : add fatfs
2026-02-07 18:28:48,258 [INFO] IPUIPlugin:80 - create IPUIPlugin
2026-02-07 18:28:48,259 [INFO] PluginManager:220 - loadIPPluginJar : add fmc
2026-02-07 18:28:48,266 [INFO] IPUIPlugin:80 - create IPUIPlugin
2026-02-07 18:28:48,266 [INFO] PluginManager:220 - loadIPPluginJar : add freertos
2026-02-07 18:28:48,268 [INFO] IPUIPlugin:80 - create IPUIPlugin
2026-02-07 18:28:48,269 [INFO] PluginManager:220 - loadIPPluginJar : add genericplugin
2026-02-07 18:28:48,272 [INFO] IPUIPlugin:80 - create IPUIPlugin
2026-02-07 18:28:48,272 [INFO] PluginManager:220 - loadIPPluginJar : add gfxmmu
2026-02-07 18:28:48,278 [INFO] IPUIPlugin:80 - create IPUIPlugin
2026-02-07 18:28:48,278 [INFO] PluginManager:220 - loadIPPluginJar : add gic
2026-02-07 18:28:48,283 [INFO] IPUIPlugin:80 - create IPUIPlugin
2026-02-07 18:28:48,283 [INFO] PluginManager:220 - loadIPPluginJar : add gpio
2026-02-07 18:28:48,287 [INFO] IPUIPlugin:80 - create IPUIPlugin
2026-02-07 18:28:48,287 [INFO] PluginManager:220 - loadIPPluginJar : add gtzc
2026-02-07 18:28:48,291 [INFO] IPUIPlugin:80 - create IPUIPlugin
2026-02-07 18:28:48,291 [INFO] PluginManager:220 - loadIPPluginJar : add hash
2026-02-07 18:28:48,295 [INFO] IPUIPlugin:80 - create IPUIPlugin
2026-02-07 18:28:48,295 [INFO] PluginManager:220 - loadIPPluginJar : add i2c
2026-02-07 18:28:48,298 [INFO] IPUIPlugin:80 - create IPUIPlugin
2026-02-07 18:28:48,298 [INFO] PluginManager:220 - loadIPPluginJar : add i2s
2026-02-07 18:28:48,303 [INFO] IPUIPlugin:80 - create IPUIPlugin
2026-02-07 18:28:48,304 [INFO] PluginManager:220 - loadIPPluginJar : add i3c
2026-02-07 18:28:48,308 [INFO] IPUIPlugin:80 - create IPUIPlugin
2026-02-07 18:28:48,309 [INFO] PluginManager:220 - loadIPPluginJar : add ipddr
2026-02-07 18:28:48,315 [INFO] IPUIPlugin:80 - create IPUIPlugin
2026-02-07 18:28:48,317 [INFO] PluginManager:220 - loadIPPluginJar : add linkedlist
2026-02-07 18:28:48,321 [INFO] IPUIPlugin:80 - create IPUIPlugin
2026-02-07 18:28:48,322 [INFO] PluginManager:220 - loadIPPluginJar : add lorawan
2026-02-07 18:28:48,324 [INFO] IPUIPlugin:80 - create IPUIPlugin
2026-02-07 18:28:48,324 [INFO] PluginManager:220 - loadIPPluginJar : add ltdc
2026-02-07 18:28:48,331 [INFO] IPUIPlugin:80 - create IPUIPlugin
2026-02-07 18:28:48,331 [INFO] PluginManager:220 - loadIPPluginJar : add mdma
2026-02-07 18:28:48,336 [INFO] IPUIPlugin:80 - create IPUIPlugin
2026-02-07 18:28:48,337 [INFO] PluginManager:220 - loadIPPluginJar : add nvic
2026-02-07 18:28:48,341 [INFO] IPUIPlugin:80 - create IPUIPlugin
2026-02-07 18:28:48,341 [INFO] PluginManager:220 - loadIPPluginJar : add opamp
2026-02-07 18:28:48,345 [INFO] IPUIPlugin:80 - create IPUIPlugin
2026-02-07 18:28:48,345 [INFO] PluginManager:220 - loadIPPluginJar : add openamp
2026-02-07 18:28:48,350 [INFO] IPUIPlugin:80 - create IPUIPlugin
2026-02-07 18:28:48,350 [INFO] PluginManager:220 - loadIPPluginJar : add pdm2pcm
2026-02-07 18:28:48,357 [INFO] IPUIPlugin:80 - create IPUIPlugin
2026-02-07 18:28:48,361 [INFO] PluginManager:220 - loadIPPluginJar : add plateformsettings
2026-02-07 18:28:48,364 [INFO] IPUIPlugin:80 - create IPUIPlugin
2026-02-07 18:28:48,364 [INFO] PluginManager:220 - loadIPPluginJar : add quadspi
2026-02-07 18:28:48,367 [INFO] IPUIPlugin:80 - create IPUIPlugin
2026-02-07 18:28:48,368 [INFO] PluginManager:220 - loadIPPluginJar : add radio
2026-02-07 18:28:48,373 [INFO] IPUIPlugin:80 - create IPUIPlugin
2026-02-07 18:28:48,373 [INFO] PluginManager:220 - loadIPPluginJar : add resmgrutility
2026-02-07 18:28:48,378 [INFO] IPUIPlugin:80 - create IPUIPlugin
2026-02-07 18:28:48,379 [INFO] PluginManager:220 - loadIPPluginJar : add sai
2026-02-07 18:28:48,382 [INFO] IPUIPlugin:80 - create IPUIPlugin
2026-02-07 18:28:48,382 [INFO] PluginManager:220 - loadIPPluginJar : add spi
2026-02-07 18:28:48,390 [INFO] IPUIPlugin:80 - create IPUIPlugin
2026-02-07 18:28:48,390 [INFO] PluginManager:220 - loadIPPluginJar : add stm32_wpan
2026-02-07 18:28:48,393 [INFO] IPUIPlugin:80 - create IPUIPlugin
2026-02-07 18:28:48,393 [INFO] PluginManager:220 - loadIPPluginJar : add tim
2026-02-07 18:28:48,398 [INFO] IPUIPlugin:80 - create IPUIPlugin
2026-02-07 18:28:48,398 [INFO] PluginManager:220 - loadIPPluginJar : add touchsensing
2026-02-07 18:28:48,402 [INFO] IPUIPlugin:80 - create IPUIPlugin
2026-02-07 18:28:48,402 [INFO] PluginManager:220 - loadIPPluginJar : add tracer_emb
2026-02-07 18:28:48,405 [INFO] IPUIPlugin:80 - create IPUIPlugin
2026-02-07 18:28:48,405 [INFO] PluginManager:220 - loadIPPluginJar : add ts
2026-02-07 18:28:48,408 [INFO] IPUIPlugin:80 - create IPUIPlugin
2026-02-07 18:28:48,408 [INFO] PluginManager:220 - loadIPPluginJar : add tsc
2026-02-07 18:28:48,411 [INFO] IPUIPlugin:80 - create IPUIPlugin
2026-02-07 18:28:48,411 [INFO] PluginManager:220 - loadIPPluginJar : add ucpd
2026-02-07 18:28:48,415 [INFO] IPUIPlugin:80 - create IPUIPlugin
2026-02-07 18:28:48,416 [INFO] PluginManager:220 - loadIPPluginJar : add usart
2026-02-07 18:28:48,420 [INFO] IPUIPlugin:80 - create IPUIPlugin
2026-02-07 18:28:48,420 [INFO] PluginManager:220 - loadIPPluginJar : add usbx
2026-02-07 18:28:48,564 [FATAL] Updater:351 - Updater called before beeing initialized
2026-02-07 18:28:48,596 [INFO] RulesReader:64 - Compatibility file has been processed (302 Rules)
2026-02-07 18:28:48,607 [INFO] RulesReader:64 - Compatibility file has been processed (302 Rules)
2026-02-07 18:28:48,618 [INFO] CADModel:165 - CPN selected for project level
2026-02-07 18:28:48,618 [INFO] CADModel:114 - Register for checkConnection events
2026-02-07 18:28:48,618 [FATAL] Updater:351 - Updater called before beeing initialized
2026-02-07 18:28:48,618 [ERROR] CADModel:125 - Updater not yet initialized, retry later 
2026-02-07 18:28:48,782 [FATAL] Updater:351 - Updater called before beeing initialized
2026-02-07 18:28:48,783 [INFO] CADModel:165 - CPN selected for project level
2026-02-07 18:28:48,784 [INFO] CADModel:114 - Register for checkConnection events
2026-02-07 18:28:48,784 [FATAL] Updater:351 - Updater called before beeing initialized
2026-02-07 18:28:48,784 [ERROR] CADModel:125 - Updater not yet initialized, retry later 
2026-02-07 18:28:48,788 [FATAL] Updater:351 - Updater called before beeing initialized
2026-02-07 18:28:48,926 [FATAL] Updater:351 - Updater called before beeing initialized
2026-02-07 18:28:48,931 [INFO] DbMcusAds:53 - JSON generation date=Thu Jan 08 22:57:51 ICT 2026 (1767887871456)
2026-02-07 18:28:48,931 [FATAL] Updater:351 - Updater called before beeing initialized
2026-02-07 18:28:48,967 [WARN] DetailPanel:346 - Failed to get advertising image, set to default
2026-02-07 18:28:49,185 [FATAL] Updater:351 - Updater called before beeing initialized
2026-02-07 18:28:49,187 [FATAL] Updater:351 - Updater called before beeing initialized
2026-02-07 18:28:49,187 [FATAL] Updater:351 - Updater called before beeing initialized
2026-02-07 18:28:49,187 [WARN] DetailPanel:346 - Failed to get advertising image, set to default
2026-02-07 18:28:49,188 [FATAL] Updater:351 - Updater called before beeing initialized
2026-02-07 18:28:49,240 [ERROR] Updater:1198 - MainUpdater not yet initialized. External WinMGr cannot be set.
2026-02-07 18:28:49,242 [INFO] Updater:1134 - Updater Version found : 6.14.1
2026-02-07 18:28:49,263 [INFO] ApplicationProperties:184 - Using Application install path: C:\ST\STM32CubeIDE_1.18.1\STM32CubeIDE\plugins\com.st.stm32cube.common.mx_6.14.1.202504091515
2026-02-07 18:28:50,567 [INFO] ThirdPartyUpdaterWithRetryManager:70 - Updater plugin not ready yet. [2/15]
2026-02-07 18:28:50,836 [ERROR] LogOutputStream:75 - [STDERR_REDIRECT] Feb 07, 2026 6:28:50 PM java.util.prefs.WindowsPreferences <init>
2026-02-07 18:28:50,837 [ERROR] LogOutputStream:75 - [STDERR_REDIRECT] WARNING: Could not open/create prefs root node Software\JavaSoft\Prefs at root 0xffffffff80000002. Windows RegCreateKeyEx(...) returned error code 5.
2026-02-07 18:28:50,837 [ERROR] LogOutputStream:75 - [STDERR_REDIRECT] 
2026-02-07 18:28:51,216 [INFO] MainUpdater:2872 - connection check result : 10
2026-02-07 18:28:51,218 [INFO] MainUpdater:289 - Updater Check For Update Now.
2026-02-07 18:28:51,218 [INFO] MicroXplorer:498 - Change Database Version : DB.6.0.141
2026-02-07 18:28:51,233 [INFO] McuFinderGlobals:63 - Set McuFinder mode to 2 (CubeIDE integrated)
2026-02-07 18:28:51,233 [INFO] UserAuth:171 - activating auth plugin
2026-02-07 18:28:51,252 [INFO] UserAuth:484 - Internet connection configuration mode: 1
2026-02-07 18:28:51,289 [INFO] JxBrowserEngine:152 - Initiate JxBrowser Engine with user profile folder
2026-02-07 18:28:51,426 [INFO] CheckServerUpdateThread:120 - End of CheckServer Thread
2026-02-07 18:28:52,372 [INFO] WebApp:169 - Instantiating new browser for Auth
2026-02-07 18:28:53,203 [INFO] WebApp:463 - Apply proxy settings
2026-02-07 18:28:53,203 [INFO] WebApp:548 - Chromium requires no authentication
2026-02-07 18:28:53,212 [INFO] WebApp:491 - Direct internet connection detected
2026-02-07 18:28:53,242 [INFO] WebApp:894 - Register for checkConnection events
2026-02-07 18:28:53,242 [INFO] WebApp:463 - Apply proxy settings
2026-02-07 18:28:53,242 [INFO] WebApp:548 - Chromium requires no authentication
2026-02-07 18:28:53,243 [INFO] WebApp:491 - Direct internet connection detected
2026-02-07 18:28:53,444 [INFO] WebApp:191 - Connection restablished
2026-02-07 18:28:53,453 [INFO] WebApp:225 - Starting web application
2026-02-07 18:28:53,453 [INFO] WebApp:593 - Web application path used C:\ST\STM32CubeIDE_1.18.1\STM32CubeIDE\plugins\com.st.stm32cube.common.mx_6.14.1.202504091515\db\plugins\mcufinder\reactClient1\index.html
2026-02-07 18:28:54,001 [WARN] PackLoader:240 - Cannot read IP mode file for STMicroelectronics.FP-SNS-MOTENVWB1.1.4.0
2026-02-07 18:28:54,020 [WARN] PackLoader:240 - Cannot read IP mode file for STMicroelectronics.X-CUBE-SMBUS.2.1.0
2026-02-07 18:28:54,074 [WARN] PackLoader:240 - Cannot read IP mode file for STMicroelectronics.X-CUBE-AZRTOS-F7.1.1.0
2026-02-07 18:28:54,088 [WARN] PackLoader:240 - Cannot read IP mode file for Cesanta.I-CUBE-Mongoose.7.19.0
2026-02-07 18:28:54,095 [ERROR] Engine:466 - C:\Users\Lenovo\.stm32cubemx\thirdparties\pdsc\STMicroelectronics.FP-SNS-MOTENV1.5.1.0.pdsc: PDSC version is not supported
2026-02-07 18:28:54,104 [ERROR] Engine:466 - C:\Users\Lenovo\.stm32cubemx\thirdparties\pdsc\WES.I-CUBE-Cesium.1.4.0.pdsc: PDSC version is not supported
2026-02-07 18:28:54,172 [WARN] PackLoader:240 - Cannot read IP mode file for Infineon.AIROC-Wi-Fi-Bluetooth-STM32.1.7.1
2026-02-07 18:28:54,258 [WARN] PackLoader:240 - Cannot read IP mode file for STMicroelectronics.X-CUBE-AZRTOS-H7.3.4.0
2026-02-07 18:28:54,282 [WARN] PackLoader:240 - Cannot read IP mode file for STMicroelectronics.X-CUBE-DISPLAY.3.0.0
2026-02-07 18:28:54,300 [WARN] PackLoader:240 - Cannot read IP mode file for STMicroelectronics.X-CUBE-NFC10.1.0.0
2026-02-07 18:28:54,311 [WARN] PackLoader:240 - Cannot read IP mode file for STMicroelectronics.X-CUBE-ST60.1.1.0
2026-02-07 18:28:54,321 [WARN] PackLoader:240 - Cannot read IP mode file for emotas.I-CUBE-CANOPEN.1.3.0
2026-02-07 18:28:54,331 [WARN] PackLoader:240 - Cannot read IP mode file for STMicroelectronics.X-CUBE-GNSS1.7.1.0
2026-02-07 18:28:54,339 [WARN] PackLoader:240 - Cannot read IP mode file for STMicroelectronics.FP-SNS-SMARTAG2.1.2.0
2026-02-07 18:28:54,352 [INFO] LogOutputStream:77 - [STDOUT_REDIRECT] 1 : Invalid condition id : UX_CORESTACK_Condition cause : null
2026-02-07 18:28:54,353 [INFO] LogOutputStream:77 - [STDOUT_REDIRECT] 1 : Invalid condition id : UX_CORESTACK_Condition cause : null
2026-02-07 18:28:54,354 [INFO] LogOutputStream:77 - [STDOUT_REDIRECT] 1 : Invalid condition id : UX_CORESTACK_Condition cause : null
2026-02-07 18:28:54,355 [INFO] LogOutputStream:77 - [STDOUT_REDIRECT] 1 : Invalid condition id : UX_CORESTACK_Condition cause : null
2026-02-07 18:28:54,356 [INFO] LogOutputStream:77 - [STDOUT_REDIRECT] 1 : Invalid condition id : UX_CORESTACK_Condition cause : null
2026-02-07 18:28:54,359 [WARN] PackLoader:240 - Cannot read IP mode file for STMicroelectronics.X-CUBE-AZRTOS-WL.2.0.0
2026-02-07 18:28:54,379 [WARN] PackLoader:240 - Cannot read IP mode file for STMicroelectronics.X-CUBE-AZRTOS-H7RS.1.2.0
2026-02-07 18:28:54,389 [WARN] PackLoader:240 - Cannot read IP mode file for STMicroelectronics.X-CUBE-BLE2.3.3.0
2026-02-07 18:28:54,421 [WARN] PackLoader:240 - Cannot read IP mode file for STMicroelectronics.X-CUBE-NFC9.1.0.0
2026-02-07 18:28:54,431 [WARN] PackLoader:240 - Cannot read IP mode file for wolfSSL.I-CUBE-wolfSSL.5.8.2
2026-02-07 18:28:54,438 [WARN] PackLoader:240 - Cannot read IP mode file for STMicroelectronics.X-CUBE-BLE1.7.1.0
2026-02-07 18:28:54,443 [WARN] PackLoader:240 - Cannot read IP mode file for wolfSSL.I-CUBE-wolfMQTT.1.19.2
2026-02-07 18:28:54,448 [ERROR] Engine:466 - C:\Users\Lenovo\.stm32cubemx\thirdparties\pdsc\STMicroelectronics.X-CUBE-FREERTOS.1.4.0.pdsc: PDSC version is not supported
2026-02-07 18:28:54,454 [WARN] PackLoader:240 - Cannot read IP mode file for STMicroelectronics.X-CUBE-EEPRMA1.5.2.0
2026-02-07 18:28:54,459 [ERROR] Engine:466 - C:\Users\Lenovo\.stm32cubemx\thirdparties\pdsc\STMicroelectronics.X-CUBE-ST67W61.1.1.0.pdsc: PDSC version is not supported
2026-02-07 18:28:54,502 [WARN] PackLoader:240 - Cannot read IP mode file for STMicroelectronics.X-CUBE-MEMS1.12.0.0
2026-02-07 18:28:54,600 [WARN] PackLoader:240 - Cannot read IP mode file for STMicroelectronics.X-CUBE-AZRTOS-G0.1.1.0
2026-02-07 18:28:54,609 [WARN] PackLoader:240 - Cannot read IP mode file for STMicroelectronics.X-CUBE-SAFEA1.1.2.2
2026-02-07 18:28:54,616 [WARN] PackLoader:240 - Cannot read IP mode file for STMicroelectronics.X-CUBE-NFC4.3.0.0
2026-02-07 18:28:54,626 [WARN] PackLoader:240 - Cannot read IP mode file for EmbeddedOffice.I-CUBE-FS-RTOS.1.0.1
2026-02-07 18:28:54,633 [WARN] PackLoader:240 - Cannot read IP mode file for STMicroelectronics.X-CUBE-WB05N.2.0.0
2026-02-07 18:28:54,638 [WARN] PackLoader:240 - Cannot read IP mode file for wolfSSL.I-CUBE-wolfTPM.3.8.0
2026-02-07 18:28:54,645 [WARN] PackLoader:240 - Cannot read IP mode file for STMicroelectronics.X-CUBE-TCPP.4.2.0
2026-02-07 18:28:54,652 [WARN] PackLoader:240 - Cannot read IP mode file for RealThread.X-CUBE-RT-Thread_Nano.4.1.1
2026-02-07 18:28:54,659 [WARN] PackLoader:240 - Cannot read IP mode file for STMicroelectronics.FP-ATR-SIGFOX1.3.2.0
2026-02-07 18:28:54,667 [WARN] PackLoader:240 - Cannot read IP mode file for ITTIA_DB.I-CUBE-ITTIADB.8.9.0
2026-02-07 18:28:54,675 [WARN] PackLoader:240 - Cannot read IP mode file for STMicroelectronics.X-CUBE-NFC6.3.2.0
2026-02-07 18:28:54,684 [WARN] PackLoader:240 - Cannot read IP mode file for STMicroelectronics.X-CUBE-AI.10.2.0
2026-02-07 18:28:54,713 [WARN] PackLoader:240 - Cannot read IP mode file for SEGGER.I-CUBE-embOS.1.3.1
2026-02-07 18:28:54,750 [WARN] PackLoader:240 - Cannot read IP mode file for STMicroelectronics.X-CUBE-ALGOBUILD.1.4.0
2026-02-07 18:28:54,785 [WARN] PackLoader:240 - Cannot read IP mode file for STMicroelectronics.X-CUBE-MEMS1.11.3.0
2026-02-07 18:28:54,915 [WARN] PackLoader:240 - Cannot read IP mode file for STMicroelectronics.X-CUBE-PM33A1.1.0.0
2026-02-07 18:28:54,934 [WARN] PackLoader:240 - Cannot read IP mode file for STMicroelectronics.X-CUBE-AZRTOS-F4.1.1.0
2026-02-07 18:28:54,943 [WARN] PackLoader:240 - Cannot read IP mode file for STMicroelectronics.X-CUBE-ISPU.2.1.0
2026-02-07 18:28:54,951 [ERROR] Engine:466 - C:\Users\Lenovo\.stm32cubemx\thirdparties\pdsc\STMicroelectronics.X-CUBE-IPS.3.2.0.pdsc: PDSC version is not supported
2026-02-07 18:28:54,981 [WARN] PackLoader:240 - Cannot read IP mode file for STMicroelectronics.X-CUBE-NFC12.1.0.0
2026-02-07 18:28:55,006 [WARN] PackLoader:240 - Cannot read IP mode file for STMicroelectronics.X-CUBE-AZRTOS-L5.2.0.0
2026-02-07 18:28:55,021 [WARN] PackLoader:240 - Cannot read IP mode file for STMicroelectronics.X-CUBE-NFC6.3.1.0
2026-02-07 18:28:55,028 [WARN] PackLoader:240 - Cannot read IP mode file for STMicroelectronics.X-CUBE-FREERTOS.1.3.1
2026-02-07 18:28:55,035 [WARN] PackLoader:240 - Cannot read IP mode file for STMicroelectronics.X-CUBE-TOUCHGFX.4.26.0
2026-02-07 18:28:55,041 [WARN] PackLoader:240 - Cannot read IP mode file for STMicroelectronics.FP-SNS-STAIOTCFT.1.0.0
2026-02-07 18:28:55,048 [WARN] PackLoader:240 - Cannot read IP mode file for STMicroelectronics.X-CUBE-DPower.1.3.0
2026-02-07 18:28:55,063 [WARN] ConditionMgr:438 - getConditionDescription Invalid condition id : LAN8742 Phy interface Condition cause : null
2026-02-07 18:28:55,064 [WARN] PackLoader:240 - Cannot read IP mode file for STMicroelectronics.X-CUBE-AZRTOS-L4.2.0.0
2026-02-07 18:28:55,065 [WARN] ConditionMgr:1044 - genDependencies : Invalid condition id : LAN8742 Phy interface Condition cause : null
2026-02-07 18:28:55,065 [WARN] ConditionMgr:1044 - genDependencies : Invalid condition id : LAN8742 Phy interface Condition cause : null
2026-02-07 18:28:55,066 [WARN] ConditionMgr:1044 - genDependencies : Invalid condition id : LAN8742 Phy interface Condition cause : null
2026-02-07 18:28:55,073 [WARN] PackLoader:240 - Cannot read IP mode file for STMicroelectronics.X-CUBE-SFXS2LP1.4.0.0
2026-02-07 18:28:55,077 [ERROR] Engine:466 - C:\Users\Lenovo\.stm32cubemx\thirdparties\pdsc\STMicroelectronics.X-CUBE-ST67W61.1.2.0.pdsc: PDSC version is not supported
2026-02-07 18:28:55,086 [WARN] PackLoader:240 - Cannot read IP mode file for STMicroelectronics.X-CUBE-BLEMGR.4.1.0
2026-02-07 18:28:55,098 [WARN] ConditionMgr:438 - getConditionDescription Invalid condition id : UX DEVICE CLASS RTOS Condition cause : null
2026-02-07 18:28:55,098 [WARN] ConditionMgr:438 - getConditionDescription Invalid condition id : UX DEVICE CLASS RTOS Condition cause : null
2026-02-07 18:28:55,100 [WARN] PackLoader:240 - Cannot read IP mode file for STMicroelectronics.X-CUBE-AZRTOS-WB.2.0.0
2026-02-07 18:28:55,101 [WARN] ConditionMgr:1044 - genDependencies : Invalid condition id : UX DEVICE CLASS RTOS Condition cause : null
2026-02-07 18:28:55,101 [WARN] ConditionMgr:1044 - genDependencies : Invalid condition id : UX DEVICE CLASS RTOS Condition cause : null
2026-02-07 18:28:55,101 [WARN] ConditionMgr:1044 - genDependencies : Invalid condition id : UX DEVICE CLASS RTOS Condition cause : null
2026-02-07 18:28:55,101 [WARN] ConditionMgr:1044 - genDependencies : Invalid condition id : UX DEVICE CLASS RTOS Condition cause : null
2026-02-07 18:28:55,102 [WARN] ConditionMgr:1044 - genDependencies : Invalid condition id : UX DEVICE CLASS RTOS Condition cause : null
2026-02-07 18:28:55,107 [WARN] PackLoader:240 - Cannot read IP mode file for STMicroelectronics.X-CUBE-GNSS1.7.0.1
2026-02-07 18:28:55,116 [WARN] ConditionMgr:438 - getConditionDescription Invalid condition id : Cortex-A Device cause : null
2026-02-07 18:28:55,135 [WARN] ConditionMgr:1044 - genDependencies : Invalid condition id : Cortex-A Device cause : null
2026-02-07 18:28:55,135 [WARN] ConditionMgr:1044 - genDependencies : Invalid condition id : Cortex-A Device cause : null
2026-02-07 18:28:55,135 [WARN] ConditionMgr:1044 - genDependencies : Invalid condition id : Cortex-A Device cause : null
2026-02-07 18:28:55,144 [WARN] PackLoader:240 - Cannot read IP mode file for STMicroelectronics.X-CUBE-STSE01.2.0.0
2026-02-07 18:28:55,156 [WARN] PackLoader:240 - Cannot read IP mode file for STMicroelectronics.X-CUBE-SUBG2.5.0.0
2026-02-07 18:28:55,179 [WARN] PackLoader:240 - Cannot read IP mode file for STMicroelectronics.X-CUBE-AZRTOS-H7RS.1.1.0
2026-02-07 18:28:55,198 [WARN] PackLoader:240 - Cannot read IP mode file for STMicroelectronics.X-CUBE-AZRTOS-G4.2.0.0
2026-02-07 18:28:55,207 [WARN] PackLoader:240 - Cannot read IP mode file for wolfSSL.I-CUBE-wolfSSH.1.4.20
2026-02-07 18:28:55,217 [WARN] PackLoader:240 - Cannot read IP mode file for STMicroelectronics.X-CUBE-NFC7.2.0.0
2026-02-07 18:28:55,224 [WARN] PackLoader:240 - Cannot read IP mode file for STMicroelectronics.X-CUBE-ALS.1.0.2
2026-02-07 18:28:55,231 [WARN] PackLoader:240 - Cannot read IP mode file for STMicroelectronics.X-CUBE-STSE01.1.0.0
2026-02-07 18:28:55,242 [WARN] PackLoader:240 - Cannot read IP mode file for STMicroelectronics.X-CUBE-TOF1.3.4.3
2026-02-07 18:28:55,253 [INFO] ThirdParty:978 - Integrity check success = true
2026-02-07 18:28:55,253 [INFO] IntegrityCheckThread:100 - exiting critical section [integrity check]
2026-02-07 18:28:55,253 [INFO] IntegrityCheckThread:103 - End integrity checks thread
2026-02-07 18:30:04,700 [ERROR] LogOutputStream:75 - [STDERR_REDIRECT] org.eclipse.cdt.managedbuilder.core.BuildException: No toolchain option in toolchain configuration org.eclipse.cdt.build.core.prefbase.toolchain.1975800988: 
2026-02-07 18:30:04,701 [ERROR] LogOutputStream:75 - [STDERR_REDIRECT] 	at com.st.stm32cube.ide.mcu.toolchain.ToolChainHelper.getToolChainId(ToolChainHelper.java:166)
2026-02-07 18:30:04,702 [ERROR] LogOutputStream:75 - [STDERR_REDIRECT] 	at com.st.stm32cube.ide.mcu.toolchain.ToolChainHelper.getToolChainInfo(ToolChainHelper.java:109)
2026-02-07 18:30:04,704 [ERROR] LogOutputStream:75 - [STDERR_REDIRECT] 	at com.st.stm32cube.ide.mcu.toolchain.ui.unmanaged.ToolSettingsTab.createControls(ToolSettingsTab.java:149)
2026-02-07 18:30:04,706 [ERROR] LogOutputStream:75 - [STDERR_REDIRECT] 	at org.eclipse.cdt.ui.newui.AbstractCPropertyTab.createControls(AbstractCPropertyTab.java:139)
2026-02-07 18:30:04,707 [ERROR] LogOutputStream:75 - [STDERR_REDIRECT] 	at org.eclipse.cdt.ui.newui.AbstractPage.loadTab(AbstractPage.java:1199)
2026-02-07 18:30:04,708 [ERROR] LogOutputStream:75 - [STDERR_REDIRECT] 	at org.eclipse.cdt.ui.newui.AbstractPage.loadExtensionsSynchronized(AbstractPage.java:1143)
2026-02-07 18:30:04,709 [ERROR] LogOutputStream:75 - [STDERR_REDIRECT] 	at org.eclipse.cdt.ui.newui.AbstractPage.createWidgets(AbstractPage.java:373)
2026-02-07 18:30:04,710 [ERROR] LogOutputStream:75 - [STDERR_REDIRECT] 	at org.eclipse.cdt.ui.newui.AbstractPage.contentForCDT(AbstractPage.java:359)
2026-02-07 18:30:04,712 [ERROR] LogOutputStream:75 - [STDERR_REDIRECT] 	at org.eclipse.cdt.ui.newui.AbstractPage.createContents(AbstractPage.java:256)
2026-02-07 18:30:04,713 [ERROR] LogOutputStream:75 - [STDERR_REDIRECT] 	at org.eclipse.jface.preference.PreferencePage.createControl(PreferencePage.java:244)
2026-02-07 18:30:04,714 [ERROR] LogOutputStream:75 - [STDERR_REDIRECT] 	at org.eclipse.jface.preference.PreferenceDialog.createPageControl(PreferenceDialog.java:1433)
2026-02-07 18:30:04,715 [ERROR] LogOutputStream:75 - [STDERR_REDIRECT] 	at org.eclipse.jface.preference.PreferenceDialog$8.run(PreferenceDialog.java:1196)
2026-02-07 18:30:04,716 [ERROR] LogOutputStream:75 - [STDERR_REDIRECT] 	at org.eclipse.core.runtime.SafeRunner.run(SafeRunner.java:47)
2026-02-07 18:30:04,718 [ERROR] LogOutputStream:75 - [STDERR_REDIRECT] 	at org.eclipse.jface.util.SafeRunnable.run(SafeRunnable.java:174)
2026-02-07 18:30:04,719 [ERROR] LogOutputStream:75 - [STDERR_REDIRECT] 	at org.eclipse.jface.preference.PreferenceDialog.showPage(PreferenceDialog.java:1188)
2026-02-07 18:30:04,721 [ERROR] LogOutputStream:75 - [STDERR_REDIRECT] 	at org.eclipse.ui.internal.dialogs.FilteredPreferenceDialog.showPage(FilteredPreferenceDialog.java:618)
2026-02-07 18:30:04,722 [ERROR] LogOutputStream:75 - [STDERR_REDIRECT] 	at org.eclipse.jface.preference.PreferenceDialog$5.lambda$0(PreferenceDialog.java:660)
2026-02-07 18:30:04,723 [ERROR] LogOutputStream:75 - [STDERR_REDIRECT] 	at org.eclipse.swt.custom.BusyIndicator.showWhile(BusyIndicator.java:67)
2026-02-07 18:30:04,724 [ERROR] LogOutputStream:75 - [STDERR_REDIRECT] 	at org.eclipse.jface.preference.PreferenceDialog$5.selectionChanged(PreferenceDialog.java:657)
2026-02-07 18:30:04,726 [ERROR] LogOutputStream:75 - [STDERR_REDIRECT] 	at org.eclipse.jface.viewers.StructuredViewer$3.run(StructuredViewer.java:820)
2026-02-07 18:30:04,727 [ERROR] LogOutputStream:75 - [STDERR_REDIRECT] 	at org.eclipse.core.runtime.SafeRunner.run(SafeRunner.java:47)
2026-02-07 18:30:04,728 [ERROR] LogOutputStream:75 - [STDERR_REDIRECT] 	at org.eclipse.jface.util.SafeRunnable.run(SafeRunnable.java:174)
2026-02-07 18:30:04,730 [ERROR] LogOutputStream:75 - [STDERR_REDIRECT] 	at org.eclipse.jface.viewers.StructuredViewer.firePostSelectionChanged(StructuredViewer.java:817)
2026-02-07 18:30:04,733 [ERROR] LogOutputStream:75 - [STDERR_REDIRECT] 	at org.eclipse.jface.viewers.ColumnViewer.firePostSelectionChanged(ColumnViewer.java:1065)
2026-02-07 18:30:04,734 [ERROR] LogOutputStream:75 - [STDERR_REDIRECT] 	at org.eclipse.jface.viewers.StructuredViewer.handlePostSelect(StructuredViewer.java:1185)
2026-02-07 18:30:04,736 [ERROR] LogOutputStream:75 - [STDERR_REDIRECT] 	at org.eclipse.swt.events.SelectionListener$1.widgetSelected(SelectionListener.java:84)
2026-02-07 18:30:04,737 [ERROR] LogOutputStream:75 - [STDERR_REDIRECT] 	at org.eclipse.jface.util.OpenStrategy.firePostSelectionEvent(OpenStrategy.java:283)
2026-02-07 18:30:04,739 [ERROR] LogOutputStream:75 - [STDERR_REDIRECT] 	at org.eclipse.jface.util.OpenStrategy$1.lambda$1(OpenStrategy.java:437)
2026-02-07 18:30:04,740 [ERROR] LogOutputStream:75 - [STDERR_REDIRECT] 	at org.eclipse.swt.widgets.RunnableLock.run(RunnableLock.java:40)
2026-02-07 18:30:04,741 [ERROR] LogOutputStream:75 - [STDERR_REDIRECT] 	at org.eclipse.swt.widgets.Synchronizer.runAsyncMessages(Synchronizer.java:132)
2026-02-07 18:30:04,742 [ERROR] LogOutputStream:75 - [STDERR_REDIRECT] 	at org.eclipse.swt.widgets.Display.runAsyncMessages(Display.java:4099)
2026-02-07 18:30:04,744 [ERROR] LogOutputStream:75 - [STDERR_REDIRECT] 	at org.eclipse.swt.widgets.Display.readAndDispatch(Display.java:3715)
2026-02-07 18:30:04,745 [ERROR] LogOutputStream:75 - [STDERR_REDIRECT] 	at org.eclipse.jface.window.Window.runEventLoop(Window.java:823)
2026-02-07 18:30:04,746 [ERROR] LogOutputStream:75 - [STDERR_REDIRECT] 	at org.eclipse.jface.window.Window.open(Window.java:799)
2026-02-07 18:30:04,747 [ERROR] LogOutputStream:75 - [STDERR_REDIRECT] 	at org.eclipse.ui.dialogs.PropertyDialogAction.run(PropertyDialogAction.java:154)
2026-02-07 18:30:04,748 [ERROR] LogOutputStream:75 - [STDERR_REDIRECT] 	at org.eclipse.jface.action.Action.runWithEvent(Action.java:474)
2026-02-07 18:30:04,750 [ERROR] LogOutputStream:75 - [STDERR_REDIRECT] 	at org.eclipse.jface.action.ActionContributionItem.handleWidgetSelection(ActionContributionItem.java:581)
2026-02-07 18:30:04,751 [ERROR] LogOutputStream:75 - [STDERR_REDIRECT] 	at org.eclipse.jface.action.ActionContributionItem.lambda$4(ActionContributionItem.java:415)
2026-02-07 18:30:04,753 [ERROR] LogOutputStream:75 - [STDERR_REDIRECT] 	at org.eclipse.swt.widgets.EventTable.sendEvent(EventTable.java:91)
2026-02-07 18:30:04,754 [ERROR] LogOutputStream:75 - [STDERR_REDIRECT] 	at org.eclipse.swt.widgets.Display.sendEvent(Display.java:4326)
2026-02-07 18:30:04,755 [ERROR] LogOutputStream:75 - [STDERR_REDIRECT] 	at org.eclipse.swt.widgets.Widget.sendEvent(Widget.java:1174)
2026-02-07 18:30:04,756 [ERROR] LogOutputStream:75 - [STDERR_REDIRECT] 	at org.eclipse.swt.widgets.Display.runDeferredEvents(Display.java:4124)
2026-02-07 18:30:04,757 [ERROR] LogOutputStream:75 - [STDERR_REDIRECT] 	at org.eclipse.swt.widgets.Display.readAndDispatch(Display.java:3712)
2026-02-07 18:30:04,759 [ERROR] LogOutputStream:75 - [STDERR_REDIRECT] 	at org.eclipse.e4.ui.internal.workbench.swt.PartRenderingEngine$5.run(PartRenderingEngine.java:1151)
2026-02-07 18:30:04,760 [ERROR] LogOutputStream:75 - [STDERR_REDIRECT] 	at org.eclipse.core.databinding.observable.Realm.runWithDefault(Realm.java:339)
2026-02-07 18:30:04,762 [ERROR] LogOutputStream:75 - [STDERR_REDIRECT] 	at org.eclipse.e4.ui.internal.workbench.swt.PartRenderingEngine.run(PartRenderingEngine.java:1042)
2026-02-07 18:30:04,763 [ERROR] LogOutputStream:75 - [STDERR_REDIRECT] 	at org.eclipse.e4.ui.internal.workbench.E4Workbench.createAndRunUI(E4Workbench.java:153)
2026-02-07 18:30:04,764 [ERROR] LogOutputStream:75 - [STDERR_REDIRECT] 	at org.eclipse.ui.internal.Workbench.lambda$3(Workbench.java:639)
2026-02-07 18:30:04,765 [ERROR] LogOutputStream:75 - [STDERR_REDIRECT] 	at org.eclipse.core.databinding.observable.Realm.runWithDefault(Realm.java:339)
2026-02-07 18:30:04,767 [ERROR] LogOutputStream:75 - [STDERR_REDIRECT] 	at org.eclipse.ui.internal.Workbench.createAndRunWorkbench(Workbench.java:546)
2026-02-07 18:30:04,768 [ERROR] LogOutputStream:75 - [STDERR_REDIRECT] 	at org.eclipse.ui.PlatformUI.createAndRunWorkbench(PlatformUI.java:173)
2026-02-07 18:30:04,769 [ERROR] LogOutputStream:75 - [STDERR_REDIRECT] 	at org.eclipse.ui.internal.ide.application.IDEApplication.start(IDEApplication.java:152)
2026-02-07 18:30:04,771 [ERROR] LogOutputStream:75 - [STDERR_REDIRECT] 	at org.eclipse.equinox.internal.app.EclipseAppHandle.run(EclipseAppHandle.java:208)
2026-02-07 18:30:04,772 [ERROR] LogOutputStream:75 - [STDERR_REDIRECT] 	at org.eclipse.core.runtime.internal.adaptor.EclipseAppLauncher.runApplication(EclipseAppLauncher.java:143)
2026-02-07 18:30:04,774 [ERROR] LogOutputStream:75 - [STDERR_REDIRECT] 	at org.eclipse.core.runtime.internal.adaptor.EclipseAppLauncher.start(EclipseAppLauncher.java:109)
2026-02-07 18:30:04,775 [ERROR] LogOutputStream:75 - [STDERR_REDIRECT] 	at org.eclipse.core.runtime.adaptor.EclipseStarter.run(EclipseStarter.java:439)
2026-02-07 18:30:04,777 [ERROR] LogOutputStream:75 - [STDERR_REDIRECT] 	at org.eclipse.core.runtime.adaptor.EclipseStarter.run(EclipseStarter.java:271)
2026-02-07 18:30:04,778 [ERROR] LogOutputStream:75 - [STDERR_REDIRECT] 	at java.base/jdk.internal.reflect.DirectMethodHandleAccessor.invoke(DirectMethodHandleAccessor.java:103)
2026-02-07 18:30:04,779 [ERROR] LogOutputStream:75 - [STDERR_REDIRECT] 	at java.base/java.lang.reflect.Method.invoke(Method.java:580)
2026-02-07 18:30:04,781 [ERROR] LogOutputStream:75 - [STDERR_REDIRECT] 	at org.eclipse.equinox.launcher.Main.invokeFramework(Main.java:668)
2026-02-07 18:30:04,782 [ERROR] LogOutputStream:75 - [STDERR_REDIRECT] 	at org.eclipse.equinox.launcher.Main.basicRun(Main.java:605)
2026-02-07 18:30:04,783 [ERROR] LogOutputStream:75 - [STDERR_REDIRECT] 	at org.eclipse.equinox.launcher.Main.run(Main.java:1481)
2026-02-07 18:35:16,754 [INFO] McuFinderGlobals:63 - Set McuFinder mode to 2 (CubeIDE integrated)
2026-02-07 18:35:16,793 [INFO] MainUpdater:2872 - connection check result : 10
2026-02-07 18:35:16,827 [INFO] McuFinderGlobals:76 - Set McuFinderConnectedMode to true
2026-02-07 18:35:17,099 [INFO] ServerAccessManage:473 - Download File mcusAds.json._tmp_
2026-02-07 18:35:17,219 [INFO] LoadUrlFilesThread:156 - End of LoadUrlFiles Thread
2026-02-07 18:35:18,713 [INFO] ServerAccessManage:473 - Download File cube-finder-db.zip
2026-02-07 18:35:20,225 [INFO] FileExtend:242 - Unzip File : cube-finder-db.zip
2026-02-07 18:35:20,226 [INFO] FileExtend:257 - Standard Zip Deflate
2026-02-07 18:35:21,354 [INFO] LoadUrlFilesThread:156 - End of LoadUrlFiles Thread
2026-02-07 18:35:22,889 [INFO] ServerAccessManage:473 - Download File crdb.zip
2026-02-07 18:35:24,556 [INFO] FileExtend:242 - Unzip File : crdb.zip
2026-02-07 18:35:24,556 [INFO] FileExtend:257 - Standard Zip Deflate
2026-02-07 18:35:24,688 [INFO] LoadUrlFilesThread:156 - End of LoadUrlFiles Thread
2026-02-07 18:35:25,472 [INFO] ServerAccessManage:473 - Download File tutoVideoDB.zip
2026-02-07 18:35:25,536 [INFO] FileExtend:242 - Unzip File : tutoVideoDB.zip
2026-02-07 18:35:25,536 [INFO] FileExtend:257 - Standard Zip Deflate
2026-02-07 18:35:25,653 [INFO] LoadUrlFilesThread:156 - End of LoadUrlFiles Thread
2026-02-07 18:35:25,654 [WARN] DbFile:41 - Overriding database path with different value: C:\Users\Lenovo\.stmcufinder\plugins\mcufinder/ => C:\Users\Lenovo\.stmcufinder\plugins\mcufinder
2026-02-07 18:35:26,329 [INFO] ServerAccessManage:473 - Download File api_config.json
2026-02-07 18:35:26,437 [INFO] LoadUrlFilesThread:156 - End of LoadUrlFiles Thread
2026-02-07 18:35:26,439 [INFO] DbMcusAds:53 - JSON generation date=Thu Jan 08 22:57:51 ICT 2026 (1767887871456)
2026-02-07 18:35:26,466 [INFO] LoadUrlFilesThread:185 - End of LoadServerUrlFiles without Thread
2026-02-07 18:35:26,466 [INFO] TargetSelectorAdapter:259 - Refresh data is successful
2026-02-07 18:35:26,644 [INFO] ApiDb:581 - Connected to CubeFinder SQLite database (C:\Users\Lenovo\.stmcufinder\plugins\mcufinder\mcu\cube-finder-db.db)
2026-02-07 18:35:26,709 [INFO] ApiDb:668 - CubeFinder database Data Model version=2.1
2026-02-07 18:35:26,709 [INFO] ApiDb:669 - CubeFinder database Configuration version=3.0.39
2026-02-07 18:35:26,709 [INFO] ApiDb:670 - CubeFinder database generation date=2025-12-22 (1766407740)
2026-02-07 18:35:26,709 [INFO] ApiDb:671 - CubeFinder database FW Pack versions=[FP-ATR-ASTRA1_V2.0.0, FP-SNS-FLIGHT1_V5.1.0, FP-SNS-MOTENV1_V5.1.0, FP-SNS-MOTENVWB1_V1.4.0, FP-SNS-SMARTAG2_V1.2.0, FP-SNS-STBOX1_V2.1.0, STM32Cube_FW_C0_V1.4.0, STM32Cube_FW_F4_V1.28.3, STM32Cube_FW_F7_V1.17.4, STM32Cube_FW_G0_V1.6.2, STM32Cube_FW_G4_V1.6.1, STM32Cube_FW_H5_V1.5.1, STM32Cube_FW_H7RS_V1.3.0, STM32Cube_FW_H7_V1.12.1, STM32Cube_FW_L0_V1.12.2, STM32Cube_FW_L4_V1.18.1, STM32Cube_FW_L5_V1.6.0, STM32Cube_FW_N6_V1.3.0, STM32Cube_FW_U0_V1.3.0, STM32Cube_FW_U3_V1.2.1, STM32Cube_FW_U5_V1.8.0, STM32Cube_FW_WB0_V1.4.0, STM32Cube_FW_WBA_V1.8.0, STM32Cube_FW_WB_V1.24.0, STM32Cube_FW_WL3_V1.3.0, STM32Cube_FW_WL_V1.4.0, X-CUBE-ALGOBUILD_V1.4.0, X-CUBE-ALS_V1.0.2, X-CUBE-AZRTOS-F4_V1.1.0, X-CUBE-AZRTOS-F7_V1.1.0, X-CUBE-AZRTOS-G0_V1.1.0, X-CUBE-AZRTOS-G4_V2.0.0, X-CUBE-AZRTOS-H7RS_V1.1.0, X-CUBE-AZRTOS-H7_V3.4.0, X-CUBE-AZRTOS-L4_V2.0.0, X-CUBE-AZRTOS-L5_V2.0.0, X-CUBE-AZRTOS-WB_V2.0.0, X-CUBE-AZRTOS-WL_V2.0.0, X-CUBE-BLE1_V7.1.0, X-CUBE-BLE2_V3.3.0, X-CUBE-BLEMGR_V4.1.0, X-CUBE-EEPRMA1_V5.2.0, X-CUBE-FREERTOS_V1.3.1, X-CUBE-GNSS1_V6.0.0, X-CUBE-MEMS1_V12.0.0, X-CUBE-NFC4_V3.0.0, X-CUBE-NFC7_V2.0.0, X-CUBE-SFXS2LP1_V4.0.0, X-CUBE-ST67W61_V1.1.0, X-CUBE-SUBG2_V5.0.0, X-CUBE-TOF1_V3.4.3]
2026-02-07 18:35:28,690 [INFO] ApiDb:240 - Found 895 in-development CPN: [B-G473E-ZEST1S, B-WB1M-WPAN1, B-WBA5M-WPAN, B-WL5M-SUBG1, NUCLEO-C031C6, NUCLEO-C051C8, NUCLEO-C071RB, NUCLEO-C092RC, NUCLEO-H503RB, NUCLEO-H533RE, NUCLEO-H563ZI, NUCLEO-H7S3L8, NUCLEO-N657X0-Q, NUCLEO-U031R8, NUCLEO-U083RC, NUCLEO-U385RG-Q, NUCLEO-U545RE-Q, NUCLEO-U5A5ZJ-Q, NUCLEO-WB05KZ, NUCLEO-WB07CC, NUCLEO-WB09KE, NUCLEO-WBA52CG, NUCLEO-WBA55CG, NUCLEO-WBA65RI, NUCLEO-WL33CC1, NUCLEO-WL33CC2, STEVAL-PROTEUS1, STEVAL-SMARTAG2, STEVAL-STWINBX1, STM320518-EVAL, STM32C0116-DK, STM32C011D6Y3TR, STM32C011D6Y6TR, STM32C011F4P3, STM32C011F4P6, STM32C011F4U3, STM32C011F4U6TR, STM32C011F6P3, STM32C011F6P6, STM32C011F6U3, STM32C011F6U6TR, STM32C011J4M3, STM32C011J4M6, STM32C011J6M3, STM32C011J6M6, STM32C0316-DK, STM32C031C4T3, STM32C031C4T6, STM32C031C4U3, STM32C031C4U6, STM32C031C6T3, STM32C031C6T6, STM32C031C6U3, STM32C031C6U6, STM32C031F4P3, STM32C031F4P6, STM32C031F6P3, STM32C031F6P6, STM32C031G4U3, STM32C031G4U6, STM32C031G6U3, STM32C031G6U6, STM32C031K4T3, STM32C031K4T6, STM32C031K4U3, STM32C031K4U6, STM32C031K6T3, STM32C031K6T6, STM32C031K6U3, STM32C031K6U6, STM32C051C6T6, STM32C051C6U6, STM32C051C8T6, STM32C051C8U6, STM32C051D8Y6TR, STM32C051F6P6, STM32C051F8P6, STM32C051G6U6, STM32C051G8U6, STM32C051K6T6, STM32C051K6U6, STM32C051K8T6, STM32C071C8T6, STM32C071C8T6N, STM32C071C8U6, STM32C071C8U6N, STM32C071CBT6, STM32C071CBT6N, STM32C071CBU6, STM32C071CBU6N, STM32C071F8P6, STM32C071F8P6N, STM32C071FBP6, STM32C071FBP6N, STM32C071FBY6TR, STM32C071G8U6, STM32C071G8U6N, STM32C071GBU6, STM32C071GBU6N, STM32C071K8T6, STM32C071K8T6N, STM32C071K8U6, STM32C071K8U6N, STM32C071KBT6, STM32C071KBT6N, STM32C071KBU6, STM32C071KBU6N, STM32C071R8T6, STM32C071R8T6N, STM32C071RBI6N, STM32C071RBT6, STM32C071RBT6N, STM32C091CBT6, STM32C091CBU6, STM32C091CCT6, STM32C091CCU6, STM32C091ECY6TR, STM32C091FBP6, STM32C091FCP6, STM32C091GBU6, STM32C091GCU6, STM32C091KBT6, STM32C091KBU6, STM32C091KCT6, STM32C091KCU6, STM32C091RBT6, STM32C091RCI6, STM32C091RCT6, STM32C092CBT6, STM32C092CBU6, STM32C092CCT6, STM32C092CCU6, STM32C092ECY6TR, STM32C092FBP6, STM32C092FCP6, STM32C092GBU6, STM32C092GCU6, STM32C092KBT6, STM32C092KBU6, STM32C092KCT6, STM32C092KCU6, STM32C092RBT6, STM32C092RCI6, STM32C092RCT6, STM32G071K8TXN, STM32G071K8UXN, STM32G081GBU6N, STM32G081KBT6N, STM32G081KBUXN, STM32G0B1CCT6N, STM32G0B1KCT6, STM32G0B1NEY6TR, STM32G0B1RCT6N, STM32G0C1CCT6, STM32G0C1CCT6N, STM32G0C1CCU6N, STM32G0C1CET6N, STM32G0C1CEU6N, STM32G0C1KCT6, STM32G0C1NEY6TR, STM32G0C1RCI6N, STM32G0C1RCT6N, STM32G0C1REI6N, STM32G0C1RET6N, STM32G0C1VCI6, STM32G0C1VEI6, STM32G411C6T3, STM32G411C6T6, STM32G411C6U3, STM32G411C6U6, STM32G411C8T3, STM32G411C8T6, STM32G411C8U3, STM32G411C8U6, STM32G411CBT3, STM32G411CBT6, STM32G411CBU3, STM32G411CBU6, STM32G411CCT3, STM32G411CCT6, STM32G411CCU3, STM32G411CCU6, STM32G411K6T3, STM32G411K6T6, STM32G411K6U3, STM32G411K6U6, STM32G411K8T3, STM32G411K8T6, STM32G411K8U3, STM32G411K8U6, STM32G411KBT3, STM32G411KBT6, STM32G411KBU3, STM32G411KBU6, STM32G411M6T3, STM32G411M6T6, STM32G411M8T3, STM32G411M8T6, STM32G411MBT3, STM32G411MBT6, STM32G411MCT3, STM32G411MCT6, STM32G411R6T3, STM32G411R6T6, STM32G411R8T3, STM32G411R8T6, STM32G411RBT3, STM32G411RBT6, STM32G411RCT3, STM32G411RCT6, STM32G414CBT3, STM32G414CBT6, STM32G414CBU3, STM32G414CBU6, STM32G414CCT3, STM32G414CCT6, STM32G414CCU3, STM32G414CCU6, STM32G414MBT3, STM32G414MBT6, STM32G414MCT3, STM32G414MCT6, STM32G414RBT3, STM32G414RBT6, STM32G414RCT3, STM32G414RCT6, STM32G414VBT3, STM32G414VBT6, STM32G414VCT3, STM32G414VCT6, STM32G431CBT3Z, STM32G431RBT3Z, STM32G471CCT6, STM32G471CCU6, STM32G471CET3, STM32G471CET6, STM32G471CEU3, STM32G471CEU6, STM32G471MCT6, STM32G471MET3, STM32G471MET6, STM32G471MEY6TR, STM32G471QCT6, STM32G471QET3, STM32G471RCT6, STM32G471RET3, STM32G471RET6, STM32G471VCH6, STM32G471VCI6, STM32G471VCT6, STM32G471VEH3, STM32G471VEH6, STM32G471VEI3, STM32G471VEI6, STM32G471VET3, STM32G471VET6, STM32G473QET3Z, STM32G473RET3Z, STM32G474CCT6, STM32G491RET3Z, STM32H503CBT6, STM32H503CBU6, STM32H503EBY6TR, STM32H503KBU6, STM32H503RBT6, STM32H523CCT6, STM32H523CCU6, STM32H523CET6, STM32H523CEU6, STM32H523HEY6TR, STM32H523RCT6, STM32H523RET6, STM32H523VCI6, STM32H523VCT6, STM32H523VEI6, STM32H523VET6, STM32H523ZCJ6, STM32H523ZCT6, STM32H523ZEJ6, STM32H523ZET6, STM32H533CET6, STM32H533CEU6, STM32H533HEY6TR, STM32H533RET6, STM32H533VEI6, STM32H533VET6, STM32H533ZEJ6, STM32H533ZET6, STM32H562AGI6, STM32H562AII6, STM32H562IGK6, STM32H562IGT6, STM32H562IIK6, STM32H562IIT6, STM32H562RGT6, STM32H562RGV6, STM32H562RIT6, STM32H562RIV6, STM32H562VGT6, STM32H562VIT6, STM32H562ZGT6, STM32H562ZIT6, STM32H563AGI6, STM32H563AII3Q, STM32H563AII6, STM32H563IGK6, STM32H563IGT6, STM32H563IIK3Q, STM32H563IIK6, STM32H563IIT3Q, STM32H563IIT6, STM32H563MIY3QTR, STM32H563RGT6, STM32H563RGV6, STM32H563RIT6, STM32H563RIV6, STM32H563VGT6, STM32H563VIT3Q, STM32H563VIT6, STM32H563ZGT6, STM32H563ZIT3Q, STM32H563ZIT6, STM32H573AII3Q, STM32H573AII6, STM32H573I-DK, STM32H573IIK3Q, STM32H573IIK6, STM32H573IIT3Q, STM32H573IIT6, STM32H573MIY3QTR, STM32H573RIT6, STM32H573RIV6, STM32H573VIT3Q, STM32H573VIT6, STM32H573ZIT3Q, STM32H573ZIT6, STM32H7R3A8I6, STM32H7R3I8K6, STM32H7R3I8T6, STM32H7R3L8H6, STM32H7R3L8H6H, STM32H7R3R8V6, STM32H7R3V8H6, STM32H7R3V8T6, STM32H7R3V8Y6TR, STM32H7R3Z8J6, STM32H7R3Z8T6, STM32H7R7A8I6, STM32H7R7I8K6, STM32H7R7I8T6, STM32H7R7L8H6, STM32H7R7L8H6H, STM32H7R7Z8J6, STM32H7S3A8I6, STM32H7S3I8K6, STM32H7S3I8T6, STM32H7S3L8H6, STM32H7S3L8H6H, STM32H7S3R8V6, STM32H7S3V8H6, STM32H7S3V8T6, STM32H7S3V8Y6TR, STM32H7S3Z8J6, STM32H7S3Z8T6, STM32H7S78-DK, STM32H7S7A8I6, STM32H7S7I8K6, STM32H7S7I8T6, STM32H7S7L8H6, STM32H7S7L8H6H, STM32H7S7Z8J6, STM32L4R5QGI6STR, STM32MP131AAE3, STM32MP131AAF3, STM32MP131AAG3, STM32MP131CAE3, STM32MP131CAF3, STM32MP131CAG3, STM32MP131DAE7, STM32MP131DAF7, STM32MP131DAG7, STM32MP131FAE7, STM32MP131FAF7, STM32MP131FAG7, STM32MP133AAE3, STM32MP133AAF3, STM32MP133AAG3, STM32MP133CAE3, STM32MP133CAF3, STM32MP133CAG3, STM32MP133DAE7, STM32MP133DAF7, STM32MP133DAG7, STM32MP133FAE7, STM32MP133FAF7, STM32MP133FAG7, STM32MP135AAE3, STM32MP135AAF3, STM32MP135AAG3, STM32MP135CAE3, STM32MP135CAF3, STM32MP135CAG3, STM32MP135DAE7, STM32MP135DAF7, STM32MP135DAG7, STM32MP135F-DK, STM32MP135FAE7, STM32MP135FAF7, STM32MP135FAF7T, STM32MP135FAF7U, STM32MP135FAG7, STM32MP231AAJ3, STM32MP231AAK3, STM32MP231AAL3, STM32MP231CAJ3, STM32MP231CAK3, STM32MP231CAL3, STM32MP231DAJ3, STM32MP231DAK3, STM32MP231DAL3, STM32MP231FAJ3, STM32MP231FAK3, STM32MP231FAL3, STM32MP233AAJ3, STM32MP233AAK3, STM32MP233AAL3, STM32MP233CAJ3, STM32MP233CAK3, STM32MP233CAL3, STM32MP233DAJ3, STM32MP233DAK3, STM32MP233DAL3, STM32MP233FAJ3, STM32MP233FAK3, STM32MP233FAL3, STM32MP235AAJ3, STM32MP235AAK3, STM32MP235AAL3, STM32MP235CAJ3, STM32MP235CAK3, STM32MP235CAL3, STM32MP235DAJ3, STM32MP235DAK3, STM32MP235DAL3, STM32MP235FAJ3, STM32MP235FAK3, STM32MP235FAL3, STM32MP251AAI3, STM32MP251AAJ3, STM32MP251AAK3, STM32MP251AAL3, STM32MP251CAI3, STM32MP251CAJ3, STM32MP251CAK3, STM32MP251CAL3, STM32MP251DAI3, STM32MP251DAJ3, STM32MP251DAK3, STM32MP251DAL3, STM32MP251FAI3, STM32MP251FAJ3, STM32MP251FAK3, STM32MP251FAL3, STM32MP253AAI3, STM32MP253AAJ3, STM32MP253AAK3, STM32MP253AAL3, STM32MP253CAI3, STM32MP253CAJ3, STM32MP253CAK3, STM32MP253CAL3, STM32MP253DAI3, STM32MP253DAJ3, STM32MP253DAK3, STM32MP253DAL3, STM32MP253FAI3, STM32MP253FAJ3, STM32MP253FAK3, STM32MP253FAL3, STM32MP255AAI3, STM32MP255AAJ3, STM32MP255AAK3, STM32MP255AAL3, STM32MP255CAI3, STM32MP255CAJ3, STM32MP255CAK3, STM32MP255CAL3, STM32MP255DAI3, STM32MP255DAJ3, STM32MP255DAK3, STM32MP255DAL3, STM32MP255FAI3, STM32MP255FAJ3, STM32MP255FAK3, STM32MP255FAL3, STM32MP257AAI3, STM32MP257AAJ3, STM32MP257AAK3, STM32MP257AAL3, STM32MP257CAI3, STM32MP257CAJ3, STM32MP257CAK3, STM32MP257CAL3, STM32MP257DAI3, STM32MP257DAJ3, STM32MP257DAK3, STM32MP257DAL3, STM32MP257F-DK, STM32MP257F-EV1, STM32MP257FAI3, STM32MP257FAJ3, STM32MP257FAK3, STM32MP257FAL3, STM32N645A0H3Q, STM32N645B0H3Q, STM32N645I0H3Q, STM32N645L0H3Q, STM32N645X0H3Q, STM32N645Z0H3Q, STM32N647A0H3Q, STM32N647B0H3Q, STM32N647I0H3Q, STM32N647L0H3Q, STM32N647X0H3Q, STM32N647Z0H3Q, STM32N655A0H3Q, STM32N655B0H3Q, STM32N655I0H3Q, STM32N655L0H3Q, STM32N655X0H3Q, STM32N655Z0H3Q, STM32N6570-DK, STM32N657A0H3Q, STM32N657B0H3Q, STM32N657I0H3Q, STM32N657L0H3Q, STM32N657X0H3Q, STM32N657Z0H3Q, STM32U031C6T6, STM32U031C6U6, STM32U031C8T6, STM32U031C8U6, STM32U031F4P6, STM32U031F6P6, STM32U031F8P6, STM32U031G6Y6TR, STM32U031G8Y6TR, STM32U031K4U6, STM32U031K6U6, STM32U031K8U6, STM32U031R6I6, STM32U031R6T6, STM32U031R8I6, STM32U031R8T6, STM32U073C8T6, STM32U073C8U6, STM32U073CBT6, STM32U073CBU6, STM32U073CCT6, STM32U073CCU6, STM32U073H8Y6TR, STM32U073HBY6TR, STM32U073HCY6TR, STM32U073K8U6, STM32U073KBU6, STM32U073KCU6, STM32U073M8I6, STM32U073M8T6, STM32U073MBI6, STM32U073MBT6, STM32U073MCI6, STM32U073MCT6, STM32U073R8I6, STM32U073R8T6, STM32U073RBI6, STM32U073RBT6, STM32U073RCI6, STM32U073RCT6, STM32U083C-DK, STM32U083CCT6, STM32U083CCU6, STM32U083HCY6TR, STM32U083KCU6, STM32U083MCI6, STM32U083MCT6, STM32U083RCI6, STM32U083RCT6, STM32U375CET6, STM32U375CET6Q, STM32U375CEU6, STM32U375CEU6Q, STM32U375CEY6QTR, STM32U375CGT6, STM32U375CGT6Q, STM32U375CGU6, STM32U375CGU6Q, STM32U375CGY6QTR, STM32U375KEU6, STM32U375KGU6, STM32U375REI6, STM32U375REI6Q, STM32U375RET6, STM32U375RET6Q, STM32U375REY6GTR, STM32U375REY6QTR, STM32U375RGI6, STM32U375RGI6Q, STM32U375RGT6, STM32U375RGT6Q, STM32U375RGY6GTR, STM32U375RGY6QTR, STM32U375VEI6, STM32U375VEI6Q, STM32U375VET6, STM32U375VET6Q, STM32U375VGI6, STM32U375VGI6Q, STM32U375VGT6, STM32U375VGT6Q, STM32U385CGT6, STM32U385CGT6Q, STM32U385CGU6, STM32U385CGU6Q, STM32U385CGY6QTR, STM32U385KGU6, STM32U385RGI6, STM32U385RGI6Q, STM32U385RGT6, STM32U385RGT6Q, STM32U385RGY6GTR, STM32U385RGY6QTR, STM32U385VGI6, STM32U385VGI6Q, STM32U385VGT6, STM32U385VGT6Q, STM32U535CBT6, STM32U535CBT6Q, STM32U535CBU6, STM32U535CBU6Q, STM32U535CCT6, STM32U535CCT6Q, STM32U535CCU6, STM32U535CCU6Q, STM32U535CET6, STM32U535CET6Q, STM32U535CEU6, STM32U535CEU6Q, STM32U535JEY6QTR, STM32U535NCY6QTR, STM32U535NEY6QTR, STM32U535RBI6, STM32U535RBI6Q, STM32U535RBT6, STM32U535RBT6Q, STM32U535RCI6, STM32U535RCI6Q, STM32U535RCT6, STM32U535RCT6Q, STM32U535REI6, STM32U535REI6Q, STM32U535RET6, STM32U535RET6Q, STM32U535VCI6, STM32U535VCI6Q, STM32U535VCT6, STM32U535VCT6Q, STM32U535VEI6, STM32U535VEI6Q, STM32U535VET6, STM32U535VET6Q, STM32U545CET6, STM32U545CET6Q, STM32U545CEU6, STM32U545CEU6Q, STM32U545JEY6QTR, STM32U545NEY6QTR, STM32U545REI6, STM32U545REI6Q, STM32U545RET6, STM32U545RET6Q, STM32U545VEI6, STM32U545VEI6Q, STM32U545VET6, STM32U545VET6Q, STM32U595AIH6, STM32U595AIH6Q, STM32U595AJH6, STM32U595AJH6Q, STM32U595QII6, STM32U595QII6Q, STM32U595QJI6, STM32U595QJI6Q, STM32U595RIT6, STM32U595RIT6Q, STM32U595RJT6, STM32U595RJT6Q, STM32U595VIT6, STM32U595VIT6Q, STM32U595VJT6, STM32U595VJT6Q, STM32U595ZIT6, STM32U595ZIT6Q, STM32U595ZIY6QTR, STM32U595ZJT6, STM32U595ZJT6Q, STM32U595ZJY6QTR, STM32U599BJY6QTR, STM32U599NIH6Q, STM32U599NJH6Q, STM32U599VIT6Q, STM32U599VJT6, STM32U599VJT6Q, STM32U599ZIT6Q, STM32U599ZIY6QTR, STM32U599ZJT6Q, STM32U599ZJY6QTR, STM32U5A5AJH6, STM32U5A5AJH6Q, STM32U5A5QII3Q , STM32U5A5QJI6, STM32U5A5QJI6Q, STM32U5A5RJT6, STM32U5A5RJT6Q, STM32U5A5VJT6, STM32U5A5VJT6Q, STM32U5A5ZJT6, STM32U5A5ZJT6Q, STM32U5A5ZJY6QTR, STM32U5A9BJY6QTR, STM32U5A9J-DK, STM32U5A9NJH6Q, STM32U5A9VJT6Q, STM32U5A9ZJT6Q, STM32U5A9ZJY6QTR, STM32U5F7VIT6, STM32U5F7VIT6Q, STM32U5F7VJT6, STM32U5F7VJT6Q, STM32U5F9BJY6QTR, STM32U5F9NJH6Q, STM32U5F9VIT6Q, STM32U5F9VJT6Q, STM32U5F9ZIJ6QTR, STM32U5F9ZIT6Q, STM32U5F9ZJJ6QTR, STM32U5F9ZJT6Q, STM32U5G7VJT6, STM32U5G7VJT6Q, STM32U5G9BJY6QTR, STM32U5G9J-DK1, STM32U5G9J-DK2, STM32U5G9NJH6Q, STM32U5G9VJT6Q, STM32U5G9ZJJ6QTR, STM32U5G9ZJT6Q, STM32WB05KZV6TR, STM32WB05KZV7TR, STM32WB05TZF6TR, STM32WB05TZF7TR, STM32WB06CCF6TR, STM32WB06CCF7TR, STM32WB06CCV6TR, STM32WB06CCV7TR, STM32WB06KCV6TR, STM32WB06KCV7TR, STM32WB07CCF6TR, STM32WB07CCF7TR, STM32WB07CCV6TR, STM32WB07CCV7TR, STM32WB07KCV6TR, STM32WB07KCV7TR, STM32WB09KEV6TR, STM32WB09KEV7TR, STM32WB09TEF6TR, STM32WB09TEF7TR, STM32WB1MMCH6, STM32WBA50KGU6, STM32WBA50KGU6TR, STM32WBA52CEU6, STM32WBA52CEU6TR, STM32WBA52CEU7, STM32WBA52CEU7TR, STM32WBA52CGU6, STM32WBA52CGU6TR, STM32WBA52CGU6U, STM32WBA52CGU7, STM32WBA52CGU7TR, STM32WBA52KEU6, STM32WBA52KEU6TR, STM32WBA52KGU6, STM32WBA52KGU6TR, STM32WBA54CEU6, STM32WBA54CEU6TR, STM32WBA54CEU7, STM32WBA54CEU7TR, STM32WBA54CGU6, STM32WBA54CGU6TR, STM32WBA54CGU7, STM32WBA54CGU7TR, STM32WBA54KEU6, STM32WBA54KEU6TR, STM32WBA54KEU7, STM32WBA54KEU7TR, STM32WBA54KGU6, STM32WBA54KGU6TR, STM32WBA54KGU7, STM32WBA54KGU7TR, STM32WBA55CEU6, STM32WBA55CEU6TR, STM32WBA55CEU7, STM32WBA55CEU7TR, STM32WBA55CGU6, STM32WBA55CGU6TR, STM32WBA55CGU6U, STM32WBA55CGU7, STM32WBA55CGU7TR, STM32WBA55G-DK1, STM32WBA55HEF6, STM32WBA55HEF7, STM32WBA55HGF6, STM32WBA55HGF7, STM32WBA55UEI6, STM32WBA55UEI6TR, STM32WBA55UEI7, STM32WBA55UEI7TR, STM32WBA55UGI6, STM32WBA55UGI6TR, STM32WBA55UGI7, STM32WBA55UGI7TR, STM32WBA5MJGH6TR, STM32WBA62CGU6, STM32WBA62CIU6, STM32WBA62MGF6, STM32WBA62MIF6, STM32WBA62PGI6, STM32WBA62PII6, STM32WBA63CGU6, STM32WBA63CGU7, STM32WBA63CIU6, STM32WBA63CIU7, STM32WBA64CGU6, STM32WBA64CGU7, STM32WBA64CIU6, STM32WBA64CIU7, STM32WBA65CGU6, STM32WBA65CGU7, STM32WBA65CIU6, STM32WBA65CIU7, STM32WBA65I-DK1, STM32WBA65MGF6, STM32WBA65MGF7, STM32WBA65MIF6, STM32WBA65MIF7, STM32WBA65PGI6, STM32WBA65PGI7, STM32WBA65PII6, STM32WBA65PII7, STM32WBA65RGV6, STM32WBA65RGV7, STM32WBA65RIV6, STM32WBA65RIV7, STM32WL30K8V6, STM32WL30KBV6, STM32WL31C8V6, STM32WL31CBV6, STM32WL31K8V6, STM32WL31KBV6, STM32WL33C8V6, STM32WL33C8V6TR, STM32WL33C8V7, STM32WL33C8V7TR, STM32WL33CBV6, STM32WL33CBV6TR, STM32WL33CBV7, STM32WL33CBV7TR, STM32WL33CCV6, STM32WL33CCV6TR, STM32WL33CCV7, STM32WL33CCV7A, STM32WL33CCV7ATR, STM32WL33CCV7TR, STM32WL33K8V6, STM32WL33K8V6TR, STM32WL33K8V7, STM32WL33K8V7TR, STM32WL33KBV6, STM32WL33KBV6TR, STM32WL33KBV7, STM32WL33KBV7TR, STM32WL33KCV6, STM32WL33KCV6TR, STM32WL33KCV7, STM32WL33KCV7TR, STM32WL5MOCH6, STM32WL5MOCH6TR]
2026-02-07 18:35:28,695 [INFO] DbMcus:218 - Found 4822 MCUs, 4822 are supported
2026-02-07 18:35:28,707 [INFO] ApiDb:423 - Load user favorites file C:\Users\Lenovo/.stm32cubeide/favorites.mcus.txt: 1 item(s)
2026-02-07 18:35:28,708 [INFO] ApiDb:427 - User favorites MCUs=[STM32F103C8T6]
2026-02-07 18:35:28,708 [INFO] DbMcus:224 - Set 1 / 1 favorites MCUs
2026-02-07 18:35:29,124 [INFO] ApiDb:668 - CubeFinder database Data Model version=2.1
2026-02-07 18:35:29,124 [INFO] ApiDb:669 - CubeFinder database Configuration version=3.0.39
2026-02-07 18:35:29,124 [INFO] ApiDb:670 - CubeFinder database generation date=2025-12-22 (1766407740)
2026-02-07 18:35:29,125 [INFO] ApiDb:671 - CubeFinder database FW Pack versions=[FP-ATR-ASTRA1_V2.0.0, FP-SNS-FLIGHT1_V5.1.0, FP-SNS-MOTENV1_V5.1.0, FP-SNS-MOTENVWB1_V1.4.0, FP-SNS-SMARTAG2_V1.2.0, FP-SNS-STBOX1_V2.1.0, STM32Cube_FW_C0_V1.4.0, STM32Cube_FW_F4_V1.28.3, STM32Cube_FW_F7_V1.17.4, STM32Cube_FW_G0_V1.6.2, STM32Cube_FW_G4_V1.6.1, STM32Cube_FW_H5_V1.5.1, STM32Cube_FW_H7RS_V1.3.0, STM32Cube_FW_H7_V1.12.1, STM32Cube_FW_L0_V1.12.2, STM32Cube_FW_L4_V1.18.1, STM32Cube_FW_L5_V1.6.0, STM32Cube_FW_N6_V1.3.0, STM32Cube_FW_U0_V1.3.0, STM32Cube_FW_U3_V1.2.1, STM32Cube_FW_U5_V1.8.0, STM32Cube_FW_WB0_V1.4.0, STM32Cube_FW_WBA_V1.8.0, STM32Cube_FW_WB_V1.24.0, STM32Cube_FW_WL3_V1.3.0, STM32Cube_FW_WL_V1.4.0, X-CUBE-ALGOBUILD_V1.4.0, X-CUBE-ALS_V1.0.2, X-CUBE-AZRTOS-F4_V1.1.0, X-CUBE-AZRTOS-F7_V1.1.0, X-CUBE-AZRTOS-G0_V1.1.0, X-CUBE-AZRTOS-G4_V2.0.0, X-CUBE-AZRTOS-H7RS_V1.1.0, X-CUBE-AZRTOS-H7_V3.4.0, X-CUBE-AZRTOS-L4_V2.0.0, X-CUBE-AZRTOS-L5_V2.0.0, X-CUBE-AZRTOS-WB_V2.0.0, X-CUBE-AZRTOS-WL_V2.0.0, X-CUBE-BLE1_V7.1.0, X-CUBE-BLE2_V3.3.0, X-CUBE-BLEMGR_V4.1.0, X-CUBE-EEPRMA1_V5.2.0, X-CUBE-FREERTOS_V1.3.1, X-CUBE-GNSS1_V6.0.0, X-CUBE-MEMS1_V12.0.0, X-CUBE-NFC4_V3.0.0, X-CUBE-NFC7_V2.0.0, X-CUBE-SFXS2LP1_V4.0.0, X-CUBE-ST67W61_V1.1.0, X-CUBE-SUBG2_V5.0.0, X-CUBE-TOF1_V3.4.3]
2026-02-07 18:35:29,168 [INFO] DbBoardsSqlite:226 - include board P-NUCLEO-WB55-NUCLEO as a kit item of type 'Nucleo-64'
2026-02-07 18:35:29,169 [INFO] DbBoardsSqlite:226 - include board P-NUCLEO-WB55-USBDONGLE as a kit item of type 'Nucleo USB Dongle'
2026-02-07 18:35:29,169 [INFO] DbBoardsSqlite:226 - include board STEVAL-IDP005V1 as a kit item of type 'Evaluation Board'
2026-02-07 18:35:29,169 [INFO] DbBoardsSqlite:226 - include board STEVAL-IDP005V2 as a kit item of type 'Evaluation Board'
2026-02-07 18:35:29,225 [INFO] ApiDb:240 - Found 895 in-development CPN: [B-G473E-ZEST1S, B-WB1M-WPAN1, B-WBA5M-WPAN, B-WL5M-SUBG1, NUCLEO-C031C6, NUCLEO-C051C8, NUCLEO-C071RB, NUCLEO-C092RC, NUCLEO-H503RB, NUCLEO-H533RE, NUCLEO-H563ZI, NUCLEO-H7S3L8, NUCLEO-N657X0-Q, NUCLEO-U031R8, NUCLEO-U083RC, NUCLEO-U385RG-Q, NUCLEO-U545RE-Q, NUCLEO-U5A5ZJ-Q, NUCLEO-WB05KZ, NUCLEO-WB07CC, NUCLEO-WB09KE, NUCLEO-WBA52CG, NUCLEO-WBA55CG, NUCLEO-WBA65RI, NUCLEO-WL33CC1, NUCLEO-WL33CC2, STEVAL-PROTEUS1, STEVAL-SMARTAG2, STEVAL-STWINBX1, STM320518-EVAL, STM32C0116-DK, STM32C011D6Y3TR, STM32C011D6Y6TR, STM32C011F4P3, STM32C011F4P6, STM32C011F4U3, STM32C011F4U6TR, STM32C011F6P3, STM32C011F6P6, STM32C011F6U3, STM32C011F6U6TR, STM32C011J4M3, STM32C011J4M6, STM32C011J6M3, STM32C011J6M6, STM32C0316-DK, STM32C031C4T3, STM32C031C4T6, STM32C031C4U3, STM32C031C4U6, STM32C031C6T3, STM32C031C6T6, STM32C031C6U3, STM32C031C6U6, STM32C031F4P3, STM32C031F4P6, STM32C031F6P3, STM32C031F6P6, STM32C031G4U3, STM32C031G4U6, STM32C031G6U3, STM32C031G6U6, STM32C031K4T3, STM32C031K4T6, STM32C031K4U3, STM32C031K4U6, STM32C031K6T3, STM32C031K6T6, STM32C031K6U3, STM32C031K6U6, STM32C051C6T6, STM32C051C6U6, STM32C051C8T6, STM32C051C8U6, STM32C051D8Y6TR, STM32C051F6P6, STM32C051F8P6, STM32C051G6U6, STM32C051G8U6, STM32C051K6T6, STM32C051K6U6, STM32C051K8T6, STM32C071C8T6, STM32C071C8T6N, STM32C071C8U6, STM32C071C8U6N, STM32C071CBT6, STM32C071CBT6N, STM32C071CBU6, STM32C071CBU6N, STM32C071F8P6, STM32C071F8P6N, STM32C071FBP6, STM32C071FBP6N, STM32C071FBY6TR, STM32C071G8U6, STM32C071G8U6N, STM32C071GBU6, STM32C071GBU6N, STM32C071K8T6, STM32C071K8T6N, STM32C071K8U6, STM32C071K8U6N, STM32C071KBT6, STM32C071KBT6N, STM32C071KBU6, STM32C071KBU6N, STM32C071R8T6, STM32C071R8T6N, STM32C071RBI6N, STM32C071RBT6, STM32C071RBT6N, STM32C091CBT6, STM32C091CBU6, STM32C091CCT6, STM32C091CCU6, STM32C091ECY6TR, STM32C091FBP6, STM32C091FCP6, STM32C091GBU6, STM32C091GCU6, STM32C091KBT6, STM32C091KBU6, STM32C091KCT6, STM32C091KCU6, STM32C091RBT6, STM32C091RCI6, STM32C091RCT6, STM32C092CBT6, STM32C092CBU6, STM32C092CCT6, STM32C092CCU6, STM32C092ECY6TR, STM32C092FBP6, STM32C092FCP6, STM32C092GBU6, STM32C092GCU6, STM32C092KBT6, STM32C092KBU6, STM32C092KCT6, STM32C092KCU6, STM32C092RBT6, STM32C092RCI6, STM32C092RCT6, STM32G071K8TXN, STM32G071K8UXN, STM32G081GBU6N, STM32G081KBT6N, STM32G081KBUXN, STM32G0B1CCT6N, STM32G0B1KCT6, STM32G0B1NEY6TR, STM32G0B1RCT6N, STM32G0C1CCT6, STM32G0C1CCT6N, STM32G0C1CCU6N, STM32G0C1CET6N, STM32G0C1CEU6N, STM32G0C1KCT6, STM32G0C1NEY6TR, STM32G0C1RCI6N, STM32G0C1RCT6N, STM32G0C1REI6N, STM32G0C1RET6N, STM32G0C1VCI6, STM32G0C1VEI6, STM32G411C6T3, STM32G411C6T6, STM32G411C6U3, STM32G411C6U6, STM32G411C8T3, STM32G411C8T6, STM32G411C8U3, STM32G411C8U6, STM32G411CBT3, STM32G411CBT6, STM32G411CBU3, STM32G411CBU6, STM32G411CCT3, STM32G411CCT6, STM32G411CCU3, STM32G411CCU6, STM32G411K6T3, STM32G411K6T6, STM32G411K6U3, STM32G411K6U6, STM32G411K8T3, STM32G411K8T6, STM32G411K8U3, STM32G411K8U6, STM32G411KBT3, STM32G411KBT6, STM32G411KBU3, STM32G411KBU6, STM32G411M6T3, STM32G411M6T6, STM32G411M8T3, STM32G411M8T6, STM32G411MBT3, STM32G411MBT6, STM32G411MCT3, STM32G411MCT6, STM32G411R6T3, STM32G411R6T6, STM32G411R8T3, STM32G411R8T6, STM32G411RBT3, STM32G411RBT6, STM32G411RCT3, STM32G411RCT6, STM32G414CBT3, STM32G414CBT6, STM32G414CBU3, STM32G414CBU6, STM32G414CCT3, STM32G414CCT6, STM32G414CCU3, STM32G414CCU6, STM32G414MBT3, STM32G414MBT6, STM32G414MCT3, STM32G414MCT6, STM32G414RBT3, STM32G414RBT6, STM32G414RCT3, STM32G414RCT6, STM32G414VBT3, STM32G414VBT6, STM32G414VCT3, STM32G414VCT6, STM32G431CBT3Z, STM32G431RBT3Z, STM32G471CCT6, STM32G471CCU6, STM32G471CET3, STM32G471CET6, STM32G471CEU3, STM32G471CEU6, STM32G471MCT6, STM32G471MET3, STM32G471MET6, STM32G471MEY6TR, STM32G471QCT6, STM32G471QET3, STM32G471RCT6, STM32G471RET3, STM32G471RET6, STM32G471VCH6, STM32G471VCI6, STM32G471VCT6, STM32G471VEH3, STM32G471VEH6, STM32G471VEI3, STM32G471VEI6, STM32G471VET3, STM32G471VET6, STM32G473QET3Z, STM32G473RET3Z, STM32G474CCT6, STM32G491RET3Z, STM32H503CBT6, STM32H503CBU6, STM32H503EBY6TR, STM32H503KBU6, STM32H503RBT6, STM32H523CCT6, STM32H523CCU6, STM32H523CET6, STM32H523CEU6, STM32H523HEY6TR, STM32H523RCT6, STM32H523RET6, STM32H523VCI6, STM32H523VCT6, STM32H523VEI6, STM32H523VET6, STM32H523ZCJ6, STM32H523ZCT6, STM32H523ZEJ6, STM32H523ZET6, STM32H533CET6, STM32H533CEU6, STM32H533HEY6TR, STM32H533RET6, STM32H533VEI6, STM32H533VET6, STM32H533ZEJ6, STM32H533ZET6, STM32H562AGI6, STM32H562AII6, STM32H562IGK6, STM32H562IGT6, STM32H562IIK6, STM32H562IIT6, STM32H562RGT6, STM32H562RGV6, STM32H562RIT6, STM32H562RIV6, STM32H562VGT6, STM32H562VIT6, STM32H562ZGT6, STM32H562ZIT6, STM32H563AGI6, STM32H563AII3Q, STM32H563AII6, STM32H563IGK6, STM32H563IGT6, STM32H563IIK3Q, STM32H563IIK6, STM32H563IIT3Q, STM32H563IIT6, STM32H563MIY3QTR, STM32H563RGT6, STM32H563RGV6, STM32H563RIT6, STM32H563RIV6, STM32H563VGT6, STM32H563VIT3Q, STM32H563VIT6, STM32H563ZGT6, STM32H563ZIT3Q, STM32H563ZIT6, STM32H573AII3Q, STM32H573AII6, STM32H573I-DK, STM32H573IIK3Q, STM32H573IIK6, STM32H573IIT3Q, STM32H573IIT6, STM32H573MIY3QTR, STM32H573RIT6, STM32H573RIV6, STM32H573VIT3Q, STM32H573VIT6, STM32H573ZIT3Q, STM32H573ZIT6, STM32H7R3A8I6, STM32H7R3I8K6, STM32H7R3I8T6, STM32H7R3L8H6, STM32H7R3L8H6H, STM32H7R3R8V6, STM32H7R3V8H6, STM32H7R3V8T6, STM32H7R3V8Y6TR, STM32H7R3Z8J6, STM32H7R3Z8T6, STM32H7R7A8I6, STM32H7R7I8K6, STM32H7R7I8T6, STM32H7R7L8H6, STM32H7R7L8H6H, STM32H7R7Z8J6, STM32H7S3A8I6, STM32H7S3I8K6, STM32H7S3I8T6, STM32H7S3L8H6, STM32H7S3L8H6H, STM32H7S3R8V6, STM32H7S3V8H6, STM32H7S3V8T6, STM32H7S3V8Y6TR, STM32H7S3Z8J6, STM32H7S3Z8T6, STM32H7S78-DK, STM32H7S7A8I6, STM32H7S7I8K6, STM32H7S7I8T6, STM32H7S7L8H6, STM32H7S7L8H6H, STM32H7S7Z8J6, STM32L4R5QGI6STR, STM32MP131AAE3, STM32MP131AAF3, STM32MP131AAG3, STM32MP131CAE3, STM32MP131CAF3, STM32MP131CAG3, STM32MP131DAE7, STM32MP131DAF7, STM32MP131DAG7, STM32MP131FAE7, STM32MP131FAF7, STM32MP131FAG7, STM32MP133AAE3, STM32MP133AAF3, STM32MP133AAG3, STM32MP133CAE3, STM32MP133CAF3, STM32MP133CAG3, STM32MP133DAE7, STM32MP133DAF7, STM32MP133DAG7, STM32MP133FAE7, STM32MP133FAF7, STM32MP133FAG7, STM32MP135AAE3, STM32MP135AAF3, STM32MP135AAG3, STM32MP135CAE3, STM32MP135CAF3, STM32MP135CAG3, STM32MP135DAE7, STM32MP135DAF7, STM32MP135DAG7, STM32MP135F-DK, STM32MP135FAE7, STM32MP135FAF7, STM32MP135FAF7T, STM32MP135FAF7U, STM32MP135FAG7, STM32MP231AAJ3, STM32MP231AAK3, STM32MP231AAL3, STM32MP231CAJ3, STM32MP231CAK3, STM32MP231CAL3, STM32MP231DAJ3, STM32MP231DAK3, STM32MP231DAL3, STM32MP231FAJ3, STM32MP231FAK3, STM32MP231FAL3, STM32MP233AAJ3, STM32MP233AAK3, STM32MP233AAL3, STM32MP233CAJ3, STM32MP233CAK3, STM32MP233CAL3, STM32MP233DAJ3, STM32MP233DAK3, STM32MP233DAL3, STM32MP233FAJ3, STM32MP233FAK3, STM32MP233FAL3, STM32MP235AAJ3, STM32MP235AAK3, STM32MP235AAL3, STM32MP235CAJ3, STM32MP235CAK3, STM32MP235CAL3, STM32MP235DAJ3, STM32MP235DAK3, STM32MP235DAL3, STM32MP235FAJ3, STM32MP235FAK3, STM32MP235FAL3, STM32MP251AAI3, STM32MP251AAJ3, STM32MP251AAK3, STM32MP251AAL3, STM32MP251CAI3, STM32MP251CAJ3, STM32MP251CAK3, STM32MP251CAL3, STM32MP251DAI3, STM32MP251DAJ3, STM32MP251DAK3, STM32MP251DAL3, STM32MP251FAI3, STM32MP251FAJ3, STM32MP251FAK3, STM32MP251FAL3, STM32MP253AAI3, STM32MP253AAJ3, STM32MP253AAK3, STM32MP253AAL3, STM32MP253CAI3, STM32MP253CAJ3, STM32MP253CAK3, STM32MP253CAL3, STM32MP253DAI3, STM32MP253DAJ3, STM32MP253DAK3, STM32MP253DAL3, STM32MP253FAI3, STM32MP253FAJ3, STM32MP253FAK3, STM32MP253FAL3, STM32MP255AAI3, STM32MP255AAJ3, STM32MP255AAK3, STM32MP255AAL3, STM32MP255CAI3, STM32MP255CAJ3, STM32MP255CAK3, STM32MP255CAL3, STM32MP255DAI3, STM32MP255DAJ3, STM32MP255DAK3, STM32MP255DAL3, STM32MP255FAI3, STM32MP255FAJ3, STM32MP255FAK3, STM32MP255FAL3, STM32MP257AAI3, STM32MP257AAJ3, STM32MP257AAK3, STM32MP257AAL3, STM32MP257CAI3, STM32MP257CAJ3, STM32MP257CAK3, STM32MP257CAL3, STM32MP257DAI3, STM32MP257DAJ3, STM32MP257DAK3, STM32MP257DAL3, STM32MP257F-DK, STM32MP257F-EV1, STM32MP257FAI3, STM32MP257FAJ3, STM32MP257FAK3, STM32MP257FAL3, STM32N645A0H3Q, STM32N645B0H3Q, STM32N645I0H3Q, STM32N645L0H3Q, STM32N645X0H3Q, STM32N645Z0H3Q, STM32N647A0H3Q, STM32N647B0H3Q, STM32N647I0H3Q, STM32N647L0H3Q, STM32N647X0H3Q, STM32N647Z0H3Q, STM32N655A0H3Q, STM32N655B0H3Q, STM32N655I0H3Q, STM32N655L0H3Q, STM32N655X0H3Q, STM32N655Z0H3Q, STM32N6570-DK, STM32N657A0H3Q, STM32N657B0H3Q, STM32N657I0H3Q, STM32N657L0H3Q, STM32N657X0H3Q, STM32N657Z0H3Q, STM32U031C6T6, STM32U031C6U6, STM32U031C8T6, STM32U031C8U6, STM32U031F4P6, STM32U031F6P6, STM32U031F8P6, STM32U031G6Y6TR, STM32U031G8Y6TR, STM32U031K4U6, STM32U031K6U6, STM32U031K8U6, STM32U031R6I6, STM32U031R6T6, STM32U031R8I6, STM32U031R8T6, STM32U073C8T6, STM32U073C8U6, STM32U073CBT6, STM32U073CBU6, STM32U073CCT6, STM32U073CCU6, STM32U073H8Y6TR, STM32U073HBY6TR, STM32U073HCY6TR, STM32U073K8U6, STM32U073KBU6, STM32U073KCU6, STM32U073M8I6, STM32U073M8T6, STM32U073MBI6, STM32U073MBT6, STM32U073MCI6, STM32U073MCT6, STM32U073R8I6, STM32U073R8T6, STM32U073RBI6, STM32U073RBT6, STM32U073RCI6, STM32U073RCT6, STM32U083C-DK, STM32U083CCT6, STM32U083CCU6, STM32U083HCY6TR, STM32U083KCU6, STM32U083MCI6, STM32U083MCT6, STM32U083RCI6, STM32U083RCT6, STM32U375CET6, STM32U375CET6Q, STM32U375CEU6, STM32U375CEU6Q, STM32U375CEY6QTR, STM32U375CGT6, STM32U375CGT6Q, STM32U375CGU6, STM32U375CGU6Q, STM32U375CGY6QTR, STM32U375KEU6, STM32U375KGU6, STM32U375REI6, STM32U375REI6Q, STM32U375RET6, STM32U375RET6Q, STM32U375REY6GTR, STM32U375REY6QTR, STM32U375RGI6, STM32U375RGI6Q, STM32U375RGT6, STM32U375RGT6Q, STM32U375RGY6GTR, STM32U375RGY6QTR, STM32U375VEI6, STM32U375VEI6Q, STM32U375VET6, STM32U375VET6Q, STM32U375VGI6, STM32U375VGI6Q, STM32U375VGT6, STM32U375VGT6Q, STM32U385CGT6, STM32U385CGT6Q, STM32U385CGU6, STM32U385CGU6Q, STM32U385CGY6QTR, STM32U385KGU6, STM32U385RGI6, STM32U385RGI6Q, STM32U385RGT6, STM32U385RGT6Q, STM32U385RGY6GTR, STM32U385RGY6QTR, STM32U385VGI6, STM32U385VGI6Q, STM32U385VGT6, STM32U385VGT6Q, STM32U535CBT6, STM32U535CBT6Q, STM32U535CBU6, STM32U535CBU6Q, STM32U535CCT6, STM32U535CCT6Q, STM32U535CCU6, STM32U535CCU6Q, STM32U535CET6, STM32U535CET6Q, STM32U535CEU6, STM32U535CEU6Q, STM32U535JEY6QTR, STM32U535NCY6QTR, STM32U535NEY6QTR, STM32U535RBI6, STM32U535RBI6Q, STM32U535RBT6, STM32U535RBT6Q, STM32U535RCI6, STM32U535RCI6Q, STM32U535RCT6, STM32U535RCT6Q, STM32U535REI6, STM32U535REI6Q, STM32U535RET6, STM32U535RET6Q, STM32U535VCI6, STM32U535VCI6Q, STM32U535VCT6, STM32U535VCT6Q, STM32U535VEI6, STM32U535VEI6Q, STM32U535VET6, STM32U535VET6Q, STM32U545CET6, STM32U545CET6Q, STM32U545CEU6, STM32U545CEU6Q, STM32U545JEY6QTR, STM32U545NEY6QTR, STM32U545REI6, STM32U545REI6Q, STM32U545RET6, STM32U545RET6Q, STM32U545VEI6, STM32U545VEI6Q, STM32U545VET6, STM32U545VET6Q, STM32U595AIH6, STM32U595AIH6Q, STM32U595AJH6, STM32U595AJH6Q, STM32U595QII6, STM32U595QII6Q, STM32U595QJI6, STM32U595QJI6Q, STM32U595RIT6, STM32U595RIT6Q, STM32U595RJT6, STM32U595RJT6Q, STM32U595VIT6, STM32U595VIT6Q, STM32U595VJT6, STM32U595VJT6Q, STM32U595ZIT6, STM32U595ZIT6Q, STM32U595ZIY6QTR, STM32U595ZJT6, STM32U595ZJT6Q, STM32U595ZJY6QTR, STM32U599BJY6QTR, STM32U599NIH6Q, STM32U599NJH6Q, STM32U599VIT6Q, STM32U599VJT6, STM32U599VJT6Q, STM32U599ZIT6Q, STM32U599ZIY6QTR, STM32U599ZJT6Q, STM32U599ZJY6QTR, STM32U5A5AJH6, STM32U5A5AJH6Q, STM32U5A5QII3Q , STM32U5A5QJI6, STM32U5A5QJI6Q, STM32U5A5RJT6, STM32U5A5RJT6Q, STM32U5A5VJT6, STM32U5A5VJT6Q, STM32U5A5ZJT6, STM32U5A5ZJT6Q, STM32U5A5ZJY6QTR, STM32U5A9BJY6QTR, STM32U5A9J-DK, STM32U5A9NJH6Q, STM32U5A9VJT6Q, STM32U5A9ZJT6Q, STM32U5A9ZJY6QTR, STM32U5F7VIT6, STM32U5F7VIT6Q, STM32U5F7VJT6, STM32U5F7VJT6Q, STM32U5F9BJY6QTR, STM32U5F9NJH6Q, STM32U5F9VIT6Q, STM32U5F9VJT6Q, STM32U5F9ZIJ6QTR, STM32U5F9ZIT6Q, STM32U5F9ZJJ6QTR, STM32U5F9ZJT6Q, STM32U5G7VJT6, STM32U5G7VJT6Q, STM32U5G9BJY6QTR, STM32U5G9J-DK1, STM32U5G9J-DK2, STM32U5G9NJH6Q, STM32U5G9VJT6Q, STM32U5G9ZJJ6QTR, STM32U5G9ZJT6Q, STM32WB05KZV6TR, STM32WB05KZV7TR, STM32WB05TZF6TR, STM32WB05TZF7TR, STM32WB06CCF6TR, STM32WB06CCF7TR, STM32WB06CCV6TR, STM32WB06CCV7TR, STM32WB06KCV6TR, STM32WB06KCV7TR, STM32WB07CCF6TR, STM32WB07CCF7TR, STM32WB07CCV6TR, STM32WB07CCV7TR, STM32WB07KCV6TR, STM32WB07KCV7TR, STM32WB09KEV6TR, STM32WB09KEV7TR, STM32WB09TEF6TR, STM32WB09TEF7TR, STM32WB1MMCH6, STM32WBA50KGU6, STM32WBA50KGU6TR, STM32WBA52CEU6, STM32WBA52CEU6TR, STM32WBA52CEU7, STM32WBA52CEU7TR, STM32WBA52CGU6, STM32WBA52CGU6TR, STM32WBA52CGU6U, STM32WBA52CGU7, STM32WBA52CGU7TR, STM32WBA52KEU6, STM32WBA52KEU6TR, STM32WBA52KGU6, STM32WBA52KGU6TR, STM32WBA54CEU6, STM32WBA54CEU6TR, STM32WBA54CEU7, STM32WBA54CEU7TR, STM32WBA54CGU6, STM32WBA54CGU6TR, STM32WBA54CGU7, STM32WBA54CGU7TR, STM32WBA54KEU6, STM32WBA54KEU6TR, STM32WBA54KEU7, STM32WBA54KEU7TR, STM32WBA54KGU6, STM32WBA54KGU6TR, STM32WBA54KGU7, STM32WBA54KGU7TR, STM32WBA55CEU6, STM32WBA55CEU6TR, STM32WBA55CEU7, STM32WBA55CEU7TR, STM32WBA55CGU6, STM32WBA55CGU6TR, STM32WBA55CGU6U, STM32WBA55CGU7, STM32WBA55CGU7TR, STM32WBA55G-DK1, STM32WBA55HEF6, STM32WBA55HEF7, STM32WBA55HGF6, STM32WBA55HGF7, STM32WBA55UEI6, STM32WBA55UEI6TR, STM32WBA55UEI7, STM32WBA55UEI7TR, STM32WBA55UGI6, STM32WBA55UGI6TR, STM32WBA55UGI7, STM32WBA55UGI7TR, STM32WBA5MJGH6TR, STM32WBA62CGU6, STM32WBA62CIU6, STM32WBA62MGF6, STM32WBA62MIF6, STM32WBA62PGI6, STM32WBA62PII6, STM32WBA63CGU6, STM32WBA63CGU7, STM32WBA63CIU6, STM32WBA63CIU7, STM32WBA64CGU6, STM32WBA64CGU7, STM32WBA64CIU6, STM32WBA64CIU7, STM32WBA65CGU6, STM32WBA65CGU7, STM32WBA65CIU6, STM32WBA65CIU7, STM32WBA65I-DK1, STM32WBA65MGF6, STM32WBA65MGF7, STM32WBA65MIF6, STM32WBA65MIF7, STM32WBA65PGI6, STM32WBA65PGI7, STM32WBA65PII6, STM32WBA65PII7, STM32WBA65RGV6, STM32WBA65RGV7, STM32WBA65RIV6, STM32WBA65RIV7, STM32WL30K8V6, STM32WL30KBV6, STM32WL31C8V6, STM32WL31CBV6, STM32WL31K8V6, STM32WL31KBV6, STM32WL33C8V6, STM32WL33C8V6TR, STM32WL33C8V7, STM32WL33C8V7TR, STM32WL33CBV6, STM32WL33CBV6TR, STM32WL33CBV7, STM32WL33CBV7TR, STM32WL33CCV6, STM32WL33CCV6TR, STM32WL33CCV7, STM32WL33CCV7A, STM32WL33CCV7ATR, STM32WL33CCV7TR, STM32WL33K8V6, STM32WL33K8V6TR, STM32WL33K8V7, STM32WL33K8V7TR, STM32WL33KBV6, STM32WL33KBV6TR, STM32WL33KBV7, STM32WL33KBV7TR, STM32WL33KCV6, STM32WL33KCV6TR, STM32WL33KCV7, STM32WL33KCV7TR, STM32WL5MOCH6, STM32WL5MOCH6TR]
2026-02-07 18:35:29,515 [INFO] BoardInfo:889 - No configuration file found for board P-NUCLEO-WB55
2026-02-07 18:35:29,516 [INFO] DbBoards:161 - Kit is not supported: P-NUCLEO-WB55
2026-02-07 18:35:29,524 [INFO] BoardInfo:889 - No configuration file found for board STEVAL-BFA001V1B
2026-02-07 18:35:29,525 [INFO] DbBoards:161 - Kit is not supported: STEVAL-BFA001V1B
2026-02-07 18:35:29,526 [INFO] BoardInfo:889 - No configuration file found for board STEVAL-BFA001V2B
2026-02-07 18:35:29,528 [INFO] DbBoards:161 - Kit is not supported: STEVAL-BFA001V2B
2026-02-07 18:35:29,758 [INFO] DbBoards:168 - Found 211 boards, 208 are supported
2026-02-07 18:35:29,758 [INFO] DbBoards:169 - Found 211 boards, 43 of them is supported for  Bsp
2026-02-07 18:35:29,761 [INFO] ApiDb:423 - Load user favorites file C:\Users\Lenovo/.stm32cubeide/favorites.boards.txt: 0 item(s)
2026-02-07 18:35:29,762 [INFO] ApiDb:427 - User favorites Boards=[]
2026-02-07 18:35:29,762 [INFO] DbBoards:198 - Set 0 / 0 favorites Boards
2026-02-07 18:35:29,764 [INFO] ApiDb:668 - CubeFinder database Data Model version=2.1
2026-02-07 18:35:29,764 [INFO] ApiDb:669 - CubeFinder database Configuration version=3.0.39
2026-02-07 18:35:29,764 [INFO] ApiDb:670 - CubeFinder database generation date=2025-12-22 (1766407740)
2026-02-07 18:35:29,764 [INFO] ApiDb:671 - CubeFinder database FW Pack versions=[FP-ATR-ASTRA1_V2.0.0, FP-SNS-FLIGHT1_V5.1.0, FP-SNS-MOTENV1_V5.1.0, FP-SNS-MOTENVWB1_V1.4.0, FP-SNS-SMARTAG2_V1.2.0, FP-SNS-STBOX1_V2.1.0, STM32Cube_FW_C0_V1.4.0, STM32Cube_FW_F4_V1.28.3, STM32Cube_FW_F7_V1.17.4, STM32Cube_FW_G0_V1.6.2, STM32Cube_FW_G4_V1.6.1, STM32Cube_FW_H5_V1.5.1, STM32Cube_FW_H7RS_V1.3.0, STM32Cube_FW_H7_V1.12.1, STM32Cube_FW_L0_V1.12.2, STM32Cube_FW_L4_V1.18.1, STM32Cube_FW_L5_V1.6.0, STM32Cube_FW_N6_V1.3.0, STM32Cube_FW_U0_V1.3.0, STM32Cube_FW_U3_V1.2.1, STM32Cube_FW_U5_V1.8.0, STM32Cube_FW_WB0_V1.4.0, STM32Cube_FW_WBA_V1.8.0, STM32Cube_FW_WB_V1.24.0, STM32Cube_FW_WL3_V1.3.0, STM32Cube_FW_WL_V1.4.0, X-CUBE-ALGOBUILD_V1.4.0, X-CUBE-ALS_V1.0.2, X-CUBE-AZRTOS-F4_V1.1.0, X-CUBE-AZRTOS-F7_V1.1.0, X-CUBE-AZRTOS-G0_V1.1.0, X-CUBE-AZRTOS-G4_V2.0.0, X-CUBE-AZRTOS-H7RS_V1.1.0, X-CUBE-AZRTOS-H7_V3.4.0, X-CUBE-AZRTOS-L4_V2.0.0, X-CUBE-AZRTOS-L5_V2.0.0, X-CUBE-AZRTOS-WB_V2.0.0, X-CUBE-AZRTOS-WL_V2.0.0, X-CUBE-BLE1_V7.1.0, X-CUBE-BLE2_V3.3.0, X-CUBE-BLEMGR_V4.1.0, X-CUBE-EEPRMA1_V5.2.0, X-CUBE-FREERTOS_V1.3.1, X-CUBE-GNSS1_V6.0.0, X-CUBE-MEMS1_V12.0.0, X-CUBE-NFC4_V3.0.0, X-CUBE-NFC7_V2.0.0, X-CUBE-SFXS2LP1_V4.0.0, X-CUBE-ST67W61_V1.1.0, X-CUBE-SUBG2_V5.0.0, X-CUBE-TOF1_V3.4.3]
2026-02-07 18:35:30,305 [ERROR] DbExamplesSqlite:437 - Missing JSON key: board_cpn
2026-02-07 18:35:30,305 [ERROR] DbExamplesSqlite:437 - Missing JSON key: board_cpn
2026-02-07 18:35:30,305 [ERROR] DbExamplesSqlite:437 - Missing JSON key: board_cpn
2026-02-07 18:35:30,305 [ERROR] DbExamplesSqlite:437 - Missing JSON key: board_cpn
2026-02-07 18:35:30,542 [ERROR] DbExamplesSqlite:437 - Missing JSON key: board_cpn
2026-02-07 18:35:30,542 [ERROR] DbExamplesSqlite:437 - Missing JSON key: board_cpn
2026-02-07 18:35:30,552 [INFO] DbExamplesSqlite:395 - Ignored 42 examples not supported by CubeIDE
2026-02-07 18:35:30,553 [INFO] DbExamplesSqlite:396 - Found 10819 examples active
2026-02-07 18:35:30,554 [INFO] DbExamplesSqlite:397 - Found 0 examples obsolete
2026-02-07 18:35:30,554 [INFO] DbExamplesSqlite:398 - Found 0 examples under development
2026-02-07 18:35:30,554 [INFO] DbExamplesSqlite:399 - Found 85 examples not building
2026-02-07 18:35:30,557 [INFO] DbExamples:125 - Found 10862 examples
2026-02-07 18:35:30,605 [ERROR] DbExamples:208 - Found 73 examples with invalid data (board or MCU)
2026-02-07 18:35:30,605 [INFO] DbExamples:222 - Found 134 boards with related examples
2026-02-07 18:35:30,607 [INFO] DbExamples:235 - Found 111 MCUs with related examples
2026-02-07 18:35:30,629 [INFO] ApiDb:414 - User favorites file not found: C:\Users\Lenovo/.stm32cubeide/favorites.examples.txt
2026-02-07 18:35:30,629 [INFO] DbExamples:250 - Set 0 / 0 favorites Examples
2026-02-07 18:35:30,993 [INFO] McuFinderGlobals:76 - Set McuFinderConnectedMode to true
2026-02-07 18:35:31,003 [INFO] MultiScanPanel:200 - Auto-refresh data requested => check proxy status ongoing
2026-02-07 18:35:31,007 [INFO] FinderPluginLoader:95 - Searching for filters in installed packs
2026-02-07 18:35:32,513 [INFO] LoadUrlFilesThread:185 - End of LoadServerUrlFiles without Thread
2026-02-07 18:35:32,580 [INFO] DetailPanel:341 - Set advertising image to C:/Users/Lenovo/STM32Cube/Repository/\en.prom-stm32mp21-0126.png
2026-02-07 18:35:51,273 [INFO] McuResultTable:1403 - Unmark MCU STM32F103C8T6 as favorite
2026-02-07 18:35:51,567 [INFO] McuResultTable:1403 - Mark MCU STM32F103C8T6 as favorite
2026-02-07 18:36:24,883 [ERROR] AdobePublisher:162 - Exception while opening the connection: java.net.UnknownHostException: stmicroelectronics.d3.sc.omtrdc.net
2026-02-07 18:36:24,884 [ERROR] AdobePublisher:162 - Exception while opening the connection: java.net.UnknownHostException: stmicroelectronics.d3.sc.omtrdc.net
2026-02-07 18:36:24,885 [ERROR] AdobePublisher:162 - Exception while opening the connection: java.net.UnknownHostException: stmicroelectronics.d3.sc.omtrdc.net
2026-02-07 18:36:24,885 [ERROR] AdobePublisher:162 - Exception while opening the connection: java.net.UnknownHostException: stmicroelectronics.d3.sc.omtrdc.net
2026-02-07 18:36:24,887 [ERROR] AdobePublisher:162 - Exception while opening the connection: java.net.UnknownHostException: stmicroelectronics.d3.sc.omtrdc.net
2026-02-07 18:36:24,888 [INFO] McuFinderGlobals:76 - Set McuFinderConnectedMode to true
2026-02-07 18:36:24,891 [INFO] ApiDb:448 - Save user favorites file C:\Users\Lenovo/.stm32cubeide/favorites.mcus.txt: 1 item(s)
2026-02-07 18:36:24,892 [INFO] ApiDb:452 - User favorites MCUs=[STM32F103C8T6]
2026-02-07 18:36:25,865 [ERROR] AdobePublisher:162 - Exception while opening the connection: java.net.UnknownHostException: stmicroelectronics.d3.sc.omtrdc.net
2026-02-07 18:36:25,866 [ERROR] AdobePublisher:162 - Exception while opening the connection: java.net.UnknownHostException: stmicroelectronics.d3.sc.omtrdc.net
2026-02-07 18:36:25,866 [ERROR] AdobePublisher:162 - Exception while opening the connection: java.net.UnknownHostException: stmicroelectronics.d3.sc.omtrdc.net
2026-02-07 18:36:25,867 [ERROR] AdobePublisher:162 - Exception while opening the connection: java.net.UnknownHostException: stmicroelectronics.d3.sc.omtrdc.net
2026-02-07 18:36:25,868 [ERROR] AdobePublisher:162 - Exception while opening the connection: java.net.UnknownHostException: stmicroelectronics.d3.sc.omtrdc.net
2026-02-07 18:38:52,555 [ERROR] LogOutputStream:75 - [STDERR_REDIRECT] org.eclipse.cdt.managedbuilder.core.BuildException: No toolchain option in toolchain configuration org.eclipse.cdt.build.core.prefbase.toolchain.1975800988: 
2026-02-07 18:38:52,557 [ERROR] LogOutputStream:75 - [STDERR_REDIRECT] 	at com.st.stm32cube.ide.mcu.toolchain.ToolChainHelper.getToolChainId(ToolChainHelper.java:166)
2026-02-07 18:38:52,558 [ERROR] LogOutputStream:75 - [STDERR_REDIRECT] 	at com.st.stm32cube.ide.mcu.toolchain.ToolChainHelper.getToolChainInfo(ToolChainHelper.java:109)
2026-02-07 18:38:52,559 [ERROR] LogOutputStream:75 - [STDERR_REDIRECT] 	at com.st.stm32cube.ide.mcu.toolchain.ui.unmanaged.ToolSettingsTab.createControls(ToolSettingsTab.java:149)
2026-02-07 18:38:52,561 [ERROR] LogOutputStream:75 - [STDERR_REDIRECT] 	at org.eclipse.cdt.ui.newui.AbstractCPropertyTab.createControls(AbstractCPropertyTab.java:139)
2026-02-07 18:38:52,562 [ERROR] LogOutputStream:75 - [STDERR_REDIRECT] 	at org.eclipse.cdt.ui.newui.AbstractPage.loadTab(AbstractPage.java:1199)
2026-02-07 18:38:52,563 [ERROR] LogOutputStream:75 - [STDERR_REDIRECT] 	at org.eclipse.cdt.ui.newui.AbstractPage.loadExtensionsSynchronized(AbstractPage.java:1143)
2026-02-07 18:38:52,564 [ERROR] LogOutputStream:75 - [STDERR_REDIRECT] 	at org.eclipse.cdt.ui.newui.AbstractPage.createWidgets(AbstractPage.java:373)
2026-02-07 18:38:52,565 [ERROR] LogOutputStream:75 - [STDERR_REDIRECT] 	at org.eclipse.cdt.ui.newui.AbstractPage.contentForCDT(AbstractPage.java:359)
2026-02-07 18:38:52,567 [ERROR] LogOutputStream:75 - [STDERR_REDIRECT] 	at org.eclipse.cdt.ui.newui.AbstractPage.createContents(AbstractPage.java:256)
2026-02-07 18:38:52,568 [ERROR] LogOutputStream:75 - [STDERR_REDIRECT] 	at org.eclipse.jface.preference.PreferencePage.createControl(PreferencePage.java:244)
2026-02-07 18:38:52,569 [ERROR] LogOutputStream:75 - [STDERR_REDIRECT] 	at org.eclipse.jface.preference.PreferenceDialog.createPageControl(PreferenceDialog.java:1433)
2026-02-07 18:38:52,570 [ERROR] LogOutputStream:75 - [STDERR_REDIRECT] 	at org.eclipse.jface.preference.PreferenceDialog$8.run(PreferenceDialog.java:1196)
2026-02-07 18:38:52,571 [ERROR] LogOutputStream:75 - [STDERR_REDIRECT] 	at org.eclipse.core.runtime.SafeRunner.run(SafeRunner.java:47)
2026-02-07 18:38:52,572 [ERROR] LogOutputStream:75 - [STDERR_REDIRECT] 	at org.eclipse.jface.util.SafeRunnable.run(SafeRunnable.java:174)
2026-02-07 18:38:52,573 [ERROR] LogOutputStream:75 - [STDERR_REDIRECT] 	at org.eclipse.jface.preference.PreferenceDialog.showPage(PreferenceDialog.java:1188)
2026-02-07 18:38:52,575 [ERROR] LogOutputStream:75 - [STDERR_REDIRECT] 	at org.eclipse.ui.internal.dialogs.FilteredPreferenceDialog.showPage(FilteredPreferenceDialog.java:618)
2026-02-07 18:38:52,576 [ERROR] LogOutputStream:75 - [STDERR_REDIRECT] 	at org.eclipse.jface.preference.PreferenceDialog$5.lambda$0(PreferenceDialog.java:660)
2026-02-07 18:38:52,577 [ERROR] LogOutputStream:75 - [STDERR_REDIRECT] 	at org.eclipse.swt.custom.BusyIndicator.showWhile(BusyIndicator.java:67)
2026-02-07 18:38:52,578 [ERROR] LogOutputStream:75 - [STDERR_REDIRECT] 	at org.eclipse.jface.preference.PreferenceDialog$5.selectionChanged(PreferenceDialog.java:657)
2026-02-07 18:38:52,579 [ERROR] LogOutputStream:75 - [STDERR_REDIRECT] 	at org.eclipse.jface.viewers.StructuredViewer$3.run(StructuredViewer.java:820)
2026-02-07 18:38:52,580 [ERROR] LogOutputStream:75 - [STDERR_REDIRECT] 	at org.eclipse.core.runtime.SafeRunner.run(SafeRunner.java:47)
2026-02-07 18:38:52,581 [ERROR] LogOutputStream:75 - [STDERR_REDIRECT] 	at org.eclipse.jface.util.SafeRunnable.run(SafeRunnable.java:174)
2026-02-07 18:38:52,583 [ERROR] LogOutputStream:75 - [STDERR_REDIRECT] 	at org.eclipse.jface.viewers.StructuredViewer.firePostSelectionChanged(StructuredViewer.java:817)
2026-02-07 18:38:52,584 [ERROR] LogOutputStream:75 - [STDERR_REDIRECT] 	at org.eclipse.jface.viewers.ColumnViewer.firePostSelectionChanged(ColumnViewer.java:1065)
2026-02-07 18:38:52,585 [ERROR] LogOutputStream:75 - [STDERR_REDIRECT] 	at org.eclipse.jface.viewers.StructuredViewer.handlePostSelect(StructuredViewer.java:1185)
2026-02-07 18:38:52,586 [ERROR] LogOutputStream:75 - [STDERR_REDIRECT] 	at org.eclipse.swt.events.SelectionListener$1.widgetSelected(SelectionListener.java:84)
2026-02-07 18:38:52,588 [ERROR] LogOutputStream:75 - [STDERR_REDIRECT] 	at org.eclipse.jface.util.OpenStrategy.firePostSelectionEvent(OpenStrategy.java:283)
2026-02-07 18:38:52,589 [ERROR] LogOutputStream:75 - [STDERR_REDIRECT] 	at org.eclipse.jface.util.OpenStrategy$1.lambda$1(OpenStrategy.java:437)
2026-02-07 18:38:52,590 [ERROR] LogOutputStream:75 - [STDERR_REDIRECT] 	at org.eclipse.swt.widgets.RunnableLock.run(RunnableLock.java:40)
2026-02-07 18:38:52,591 [ERROR] LogOutputStream:75 - [STDERR_REDIRECT] 	at org.eclipse.swt.widgets.Synchronizer.runAsyncMessages(Synchronizer.java:132)
2026-02-07 18:38:52,592 [ERROR] LogOutputStream:75 - [STDERR_REDIRECT] 	at org.eclipse.swt.widgets.Display.runAsyncMessages(Display.java:4099)
2026-02-07 18:38:52,593 [ERROR] LogOutputStream:75 - [STDERR_REDIRECT] 	at org.eclipse.swt.widgets.Display.readAndDispatch(Display.java:3715)
2026-02-07 18:38:52,594 [ERROR] LogOutputStream:75 - [STDERR_REDIRECT] 	at org.eclipse.jface.window.Window.runEventLoop(Window.java:823)
2026-02-07 18:38:52,594 [ERROR] LogOutputStream:75 - [STDERR_REDIRECT] 	at org.eclipse.jface.window.Window.open(Window.java:799)
2026-02-07 18:38:52,595 [ERROR] LogOutputStream:75 - [STDERR_REDIRECT] 	at org.eclipse.ui.dialogs.PropertyDialogAction.run(PropertyDialogAction.java:154)
2026-02-07 18:38:52,596 [ERROR] LogOutputStream:75 - [STDERR_REDIRECT] 	at org.eclipse.jface.action.Action.runWithEvent(Action.java:474)
2026-02-07 18:38:52,598 [ERROR] LogOutputStream:75 - [STDERR_REDIRECT] 	at org.eclipse.jface.action.ActionContributionItem.handleWidgetSelection(ActionContributionItem.java:581)
2026-02-07 18:38:52,599 [ERROR] LogOutputStream:75 - [STDERR_REDIRECT] 	at org.eclipse.jface.action.ActionContributionItem.lambda$4(ActionContributionItem.java:415)
2026-02-07 18:38:52,600 [ERROR] LogOutputStream:75 - [STDERR_REDIRECT] 	at org.eclipse.swt.widgets.EventTable.sendEvent(EventTable.java:91)
2026-02-07 18:38:52,601 [ERROR] LogOutputStream:75 - [STDERR_REDIRECT] 	at org.eclipse.swt.widgets.Display.sendEvent(Display.java:4326)
2026-02-07 18:38:52,602 [ERROR] LogOutputStream:75 - [STDERR_REDIRECT] 	at org.eclipse.swt.widgets.Widget.sendEvent(Widget.java:1174)
2026-02-07 18:38:52,603 [ERROR] LogOutputStream:75 - [STDERR_REDIRECT] 	at org.eclipse.swt.widgets.Display.runDeferredEvents(Display.java:4124)
2026-02-07 18:38:52,604 [ERROR] LogOutputStream:75 - [STDERR_REDIRECT] 	at org.eclipse.swt.widgets.Display.readAndDispatch(Display.java:3712)
2026-02-07 18:38:52,605 [ERROR] LogOutputStream:75 - [STDERR_REDIRECT] 	at org.eclipse.e4.ui.internal.workbench.swt.PartRenderingEngine$5.run(PartRenderingEngine.java:1151)
2026-02-07 18:38:52,607 [ERROR] LogOutputStream:75 - [STDERR_REDIRECT] 	at org.eclipse.core.databinding.observable.Realm.runWithDefault(Realm.java:339)
2026-02-07 18:38:52,608 [ERROR] LogOutputStream:75 - [STDERR_REDIRECT] 	at org.eclipse.e4.ui.internal.workbench.swt.PartRenderingEngine.run(PartRenderingEngine.java:1042)
2026-02-07 18:38:52,609 [ERROR] LogOutputStream:75 - [STDERR_REDIRECT] 	at org.eclipse.e4.ui.internal.workbench.E4Workbench.createAndRunUI(E4Workbench.java:153)
2026-02-07 18:38:52,610 [ERROR] LogOutputStream:75 - [STDERR_REDIRECT] 	at org.eclipse.ui.internal.Workbench.lambda$3(Workbench.java:639)
2026-02-07 18:38:52,612 [ERROR] LogOutputStream:75 - [STDERR_REDIRECT] 	at org.eclipse.core.databinding.observable.Realm.runWithDefault(Realm.java:339)
2026-02-07 18:38:52,613 [ERROR] LogOutputStream:75 - [STDERR_REDIRECT] 	at org.eclipse.ui.internal.Workbench.createAndRunWorkbench(Workbench.java:546)
2026-02-07 18:38:52,614 [ERROR] LogOutputStream:75 - [STDERR_REDIRECT] 	at org.eclipse.ui.PlatformUI.createAndRunWorkbench(PlatformUI.java:173)
2026-02-07 18:38:52,615 [ERROR] LogOutputStream:75 - [STDERR_REDIRECT] 	at org.eclipse.ui.internal.ide.application.IDEApplication.start(IDEApplication.java:152)
2026-02-07 18:38:52,616 [ERROR] LogOutputStream:75 - [STDERR_REDIRECT] 	at org.eclipse.equinox.internal.app.EclipseAppHandle.run(EclipseAppHandle.java:208)
2026-02-07 18:38:52,618 [ERROR] LogOutputStream:75 - [STDERR_REDIRECT] 	at org.eclipse.core.runtime.internal.adaptor.EclipseAppLauncher.runApplication(EclipseAppLauncher.java:143)
2026-02-07 18:38:52,619 [ERROR] LogOutputStream:75 - [STDERR_REDIRECT] 	at org.eclipse.core.runtime.internal.adaptor.EclipseAppLauncher.start(EclipseAppLauncher.java:109)
2026-02-07 18:38:52,620 [ERROR] LogOutputStream:75 - [STDERR_REDIRECT] 	at org.eclipse.core.runtime.adaptor.EclipseStarter.run(EclipseStarter.java:439)
2026-02-07 18:38:52,621 [ERROR] LogOutputStream:75 - [STDERR_REDIRECT] 	at org.eclipse.core.runtime.adaptor.EclipseStarter.run(EclipseStarter.java:271)
2026-02-07 18:38:52,623 [ERROR] LogOutputStream:75 - [STDERR_REDIRECT] 	at java.base/jdk.internal.reflect.DirectMethodHandleAccessor.invoke(DirectMethodHandleAccessor.java:103)
2026-02-07 18:38:52,623 [ERROR] LogOutputStream:75 - [STDERR_REDIRECT] 	at java.base/java.lang.reflect.Method.invoke(Method.java:580)
2026-02-07 18:38:52,624 [ERROR] LogOutputStream:75 - [STDERR_REDIRECT] 	at org.eclipse.equinox.launcher.Main.invokeFramework(Main.java:668)
2026-02-07 18:38:52,625 [ERROR] LogOutputStream:75 - [STDERR_REDIRECT] 	at org.eclipse.equinox.launcher.Main.basicRun(Main.java:605)
2026-02-07 18:38:52,626 [ERROR] LogOutputStream:75 - [STDERR_REDIRECT] 	at org.eclipse.equinox.launcher.Main.run(Main.java:1481)
2026-02-07 18:41:14,139 [ERROR] LogOutputStream:75 - [STDERR_REDIRECT] org.eclipse.cdt.managedbuilder.core.BuildException: No toolchain option in toolchain configuration org.eclipse.cdt.build.core.prefbase.toolchain.1975800988: 
2026-02-07 18:41:14,141 [ERROR] LogOutputStream:75 - [STDERR_REDIRECT] 	at com.st.stm32cube.ide.mcu.toolchain.ToolChainHelper.getToolChainId(ToolChainHelper.java:166)
2026-02-07 18:41:14,142 [ERROR] LogOutputStream:75 - [STDERR_REDIRECT] 	at com.st.stm32cube.ide.mcu.toolchain.ToolChainHelper.getToolChainInfo(ToolChainHelper.java:109)
2026-02-07 18:41:14,143 [ERROR] LogOutputStream:75 - [STDERR_REDIRECT] 	at com.st.stm32cube.ide.mcu.toolchain.ui.unmanaged.ToolSettingsTab.createControls(ToolSettingsTab.java:149)
2026-02-07 18:41:14,144 [ERROR] LogOutputStream:75 - [STDERR_REDIRECT] 	at org.eclipse.cdt.ui.newui.AbstractCPropertyTab.createControls(AbstractCPropertyTab.java:139)
2026-02-07 18:41:14,145 [ERROR] LogOutputStream:75 - [STDERR_REDIRECT] 	at org.eclipse.cdt.ui.newui.AbstractPage.loadTab(AbstractPage.java:1199)
2026-02-07 18:41:14,146 [ERROR] LogOutputStream:75 - [STDERR_REDIRECT] 	at org.eclipse.cdt.ui.newui.AbstractPage.loadExtensionsSynchronized(AbstractPage.java:1143)
2026-02-07 18:41:14,147 [ERROR] LogOutputStream:75 - [STDERR_REDIRECT] 	at org.eclipse.cdt.ui.newui.AbstractPage.createWidgets(AbstractPage.java:373)
2026-02-07 18:41:14,148 [ERROR] LogOutputStream:75 - [STDERR_REDIRECT] 	at org.eclipse.cdt.ui.newui.AbstractPage.contentForCDT(AbstractPage.java:359)
2026-02-07 18:41:14,149 [ERROR] LogOutputStream:75 - [STDERR_REDIRECT] 	at org.eclipse.cdt.ui.newui.AbstractPage.createContents(AbstractPage.java:256)
2026-02-07 18:41:14,150 [ERROR] LogOutputStream:75 - [STDERR_REDIRECT] 	at org.eclipse.jface.preference.PreferencePage.createControl(PreferencePage.java:244)
2026-02-07 18:41:14,151 [ERROR] LogOutputStream:75 - [STDERR_REDIRECT] 	at org.eclipse.jface.preference.PreferenceDialog.createPageControl(PreferenceDialog.java:1433)
2026-02-07 18:41:14,152 [ERROR] LogOutputStream:75 - [STDERR_REDIRECT] 	at org.eclipse.jface.preference.PreferenceDialog$8.run(PreferenceDialog.java:1196)
2026-02-07 18:41:14,152 [ERROR] LogOutputStream:75 - [STDERR_REDIRECT] 	at org.eclipse.core.runtime.SafeRunner.run(SafeRunner.java:47)
2026-02-07 18:41:14,153 [ERROR] LogOutputStream:75 - [STDERR_REDIRECT] 	at org.eclipse.jface.util.SafeRunnable.run(SafeRunnable.java:174)
2026-02-07 18:41:14,154 [ERROR] LogOutputStream:75 - [STDERR_REDIRECT] 	at org.eclipse.jface.preference.PreferenceDialog.showPage(PreferenceDialog.java:1188)
2026-02-07 18:41:14,156 [ERROR] LogOutputStream:75 - [STDERR_REDIRECT] 	at org.eclipse.ui.internal.dialogs.FilteredPreferenceDialog.showPage(FilteredPreferenceDialog.java:618)
2026-02-07 18:41:14,157 [ERROR] LogOutputStream:75 - [STDERR_REDIRECT] 	at org.eclipse.jface.preference.PreferenceDialog$5.lambda$0(PreferenceDialog.java:660)
2026-02-07 18:41:14,158 [ERROR] LogOutputStream:75 - [STDERR_REDIRECT] 	at org.eclipse.swt.custom.BusyIndicator.showWhile(BusyIndicator.java:67)
2026-02-07 18:41:14,159 [ERROR] LogOutputStream:75 - [STDERR_REDIRECT] 	at org.eclipse.jface.preference.PreferenceDialog$5.selectionChanged(PreferenceDialog.java:657)
2026-02-07 18:41:14,160 [ERROR] LogOutputStream:75 - [STDERR_REDIRECT] 	at org.eclipse.jface.viewers.StructuredViewer$3.run(StructuredViewer.java:820)
2026-02-07 18:41:14,160 [ERROR] LogOutputStream:75 - [STDERR_REDIRECT] 	at org.eclipse.core.runtime.SafeRunner.run(SafeRunner.java:47)
2026-02-07 18:41:14,161 [ERROR] LogOutputStream:75 - [STDERR_REDIRECT] 	at org.eclipse.jface.util.SafeRunnable.run(SafeRunnable.java:174)
2026-02-07 18:41:14,162 [ERROR] LogOutputStream:75 - [STDERR_REDIRECT] 	at org.eclipse.jface.viewers.StructuredViewer.firePostSelectionChanged(StructuredViewer.java:817)
2026-02-07 18:41:14,164 [ERROR] LogOutputStream:75 - [STDERR_REDIRECT] 	at org.eclipse.jface.viewers.ColumnViewer.firePostSelectionChanged(ColumnViewer.java:1065)
2026-02-07 18:41:14,165 [ERROR] LogOutputStream:75 - [STDERR_REDIRECT] 	at org.eclipse.jface.viewers.StructuredViewer.setSelection(StructuredViewer.java:1665)
2026-02-07 18:41:14,165 [ERROR] LogOutputStream:75 - [STDERR_REDIRECT] 	at org.eclipse.jface.viewers.TreeViewer.setSelection(TreeViewer.java:1091)
2026-02-07 18:41:14,166 [ERROR] LogOutputStream:75 - [STDERR_REDIRECT] 	at org.eclipse.jface.preference.PreferenceDialog.selectSavedItem(PreferenceDialog.java:990)
2026-02-07 18:41:14,168 [ERROR] LogOutputStream:75 - [STDERR_REDIRECT] 	at org.eclipse.ui.internal.dialogs.FilteredPreferenceDialog.selectSavedItem(FilteredPreferenceDialog.java:668)
2026-02-07 18:41:14,169 [ERROR] LogOutputStream:75 - [STDERR_REDIRECT] 	at org.eclipse.jface.preference.PreferenceDialog.lambda$0(PreferenceDialog.java:348)
2026-02-07 18:41:14,169 [ERROR] LogOutputStream:75 - [STDERR_REDIRECT] 	at org.eclipse.swt.custom.BusyIndicator.showWhile(BusyIndicator.java:67)
2026-02-07 18:41:14,171 [ERROR] LogOutputStream:75 - [STDERR_REDIRECT] 	at org.eclipse.jface.preference.PreferenceDialog.createContents(PreferenceDialog.java:345)
2026-02-07 18:41:14,171 [ERROR] LogOutputStream:75 - [STDERR_REDIRECT] 	at org.eclipse.jface.window.Window.create(Window.java:431)
2026-02-07 18:41:14,172 [ERROR] LogOutputStream:75 - [STDERR_REDIRECT] 	at org.eclipse.jface.dialogs.Dialog.create(Dialog.java:1092)
2026-02-07 18:41:14,173 [ERROR] LogOutputStream:75 - [STDERR_REDIRECT] 	at org.eclipse.ui.internal.dialogs.PropertyDialog.createDialogOn(PropertyDialog.java:84)
2026-02-07 18:41:14,174 [ERROR] LogOutputStream:75 - [STDERR_REDIRECT] 	at org.eclipse.ui.dialogs.PropertyDialogAction.createDialog(PropertyDialogAction.java:170)
2026-02-07 18:41:14,175 [ERROR] LogOutputStream:75 - [STDERR_REDIRECT] 	at org.eclipse.ui.dialogs.PropertyDialogAction.run(PropertyDialogAction.java:152)
2026-02-07 18:41:14,176 [ERROR] LogOutputStream:75 - [STDERR_REDIRECT] 	at org.eclipse.jface.action.Action.runWithEvent(Action.java:474)
2026-02-07 18:41:14,177 [ERROR] LogOutputStream:75 - [STDERR_REDIRECT] 	at org.eclipse.jface.action.ActionContributionItem.handleWidgetSelection(ActionContributionItem.java:581)
2026-02-07 18:41:14,178 [ERROR] LogOutputStream:75 - [STDERR_REDIRECT] 	at org.eclipse.jface.action.ActionContributionItem.lambda$4(ActionContributionItem.java:415)
2026-02-07 18:41:14,179 [ERROR] LogOutputStream:75 - [STDERR_REDIRECT] 	at org.eclipse.swt.widgets.EventTable.sendEvent(EventTable.java:91)
2026-02-07 18:41:14,180 [ERROR] LogOutputStream:75 - [STDERR_REDIRECT] 	at org.eclipse.swt.widgets.Display.sendEvent(Display.java:4326)
2026-02-07 18:41:14,180 [ERROR] LogOutputStream:75 - [STDERR_REDIRECT] 	at org.eclipse.swt.widgets.Widget.sendEvent(Widget.java:1174)
2026-02-07 18:41:14,181 [ERROR] LogOutputStream:75 - [STDERR_REDIRECT] 	at org.eclipse.swt.widgets.Display.runDeferredEvents(Display.java:4124)
2026-02-07 18:41:14,182 [ERROR] LogOutputStream:75 - [STDERR_REDIRECT] 	at org.eclipse.swt.widgets.Display.readAndDispatch(Display.java:3712)
2026-02-07 18:41:14,183 [ERROR] LogOutputStream:75 - [STDERR_REDIRECT] 	at org.eclipse.e4.ui.internal.workbench.swt.PartRenderingEngine$5.run(PartRenderingEngine.java:1151)
2026-02-07 18:41:14,184 [ERROR] LogOutputStream:75 - [STDERR_REDIRECT] 	at org.eclipse.core.databinding.observable.Realm.runWithDefault(Realm.java:339)
2026-02-07 18:41:14,186 [ERROR] LogOutputStream:75 - [STDERR_REDIRECT] 	at org.eclipse.e4.ui.internal.workbench.swt.PartRenderingEngine.run(PartRenderingEngine.java:1042)
2026-02-07 18:41:14,187 [ERROR] LogOutputStream:75 - [STDERR_REDIRECT] 	at org.eclipse.e4.ui.internal.workbench.E4Workbench.createAndRunUI(E4Workbench.java:153)
2026-02-07 18:41:14,187 [ERROR] LogOutputStream:75 - [STDERR_REDIRECT] 	at org.eclipse.ui.internal.Workbench.lambda$3(Workbench.java:639)
2026-02-07 18:41:14,188 [ERROR] LogOutputStream:75 - [STDERR_REDIRECT] 	at org.eclipse.core.databinding.observable.Realm.runWithDefault(Realm.java:339)
2026-02-07 18:41:14,189 [ERROR] LogOutputStream:75 - [STDERR_REDIRECT] 	at org.eclipse.ui.internal.Workbench.createAndRunWorkbench(Workbench.java:546)
2026-02-07 18:41:14,190 [ERROR] LogOutputStream:75 - [STDERR_REDIRECT] 	at org.eclipse.ui.PlatformUI.createAndRunWorkbench(PlatformUI.java:173)
2026-02-07 18:41:14,192 [ERROR] LogOutputStream:75 - [STDERR_REDIRECT] 	at org.eclipse.ui.internal.ide.application.IDEApplication.start(IDEApplication.java:152)
2026-02-07 18:41:14,193 [ERROR] LogOutputStream:75 - [STDERR_REDIRECT] 	at org.eclipse.equinox.internal.app.EclipseAppHandle.run(EclipseAppHandle.java:208)
2026-02-07 18:41:14,194 [ERROR] LogOutputStream:75 - [STDERR_REDIRECT] 	at org.eclipse.core.runtime.internal.adaptor.EclipseAppLauncher.runApplication(EclipseAppLauncher.java:143)
2026-02-07 18:41:14,195 [ERROR] LogOutputStream:75 - [STDERR_REDIRECT] 	at org.eclipse.core.runtime.internal.adaptor.EclipseAppLauncher.start(EclipseAppLauncher.java:109)
2026-02-07 18:41:14,196 [ERROR] LogOutputStream:75 - [STDERR_REDIRECT] 	at org.eclipse.core.runtime.adaptor.EclipseStarter.run(EclipseStarter.java:439)
2026-02-07 18:41:14,196 [ERROR] LogOutputStream:75 - [STDERR_REDIRECT] 	at org.eclipse.core.runtime.adaptor.EclipseStarter.run(EclipseStarter.java:271)
2026-02-07 18:41:14,198 [ERROR] LogOutputStream:75 - [STDERR_REDIRECT] 	at java.base/jdk.internal.reflect.DirectMethodHandleAccessor.invoke(DirectMethodHandleAccessor.java:103)
2026-02-07 18:41:14,199 [ERROR] LogOutputStream:75 - [STDERR_REDIRECT] 	at java.base/java.lang.reflect.Method.invoke(Method.java:580)
2026-02-07 18:41:14,199 [ERROR] LogOutputStream:75 - [STDERR_REDIRECT] 	at org.eclipse.equinox.launcher.Main.invokeFramework(Main.java:668)
2026-02-07 18:41:14,200 [ERROR] LogOutputStream:75 - [STDERR_REDIRECT] 	at org.eclipse.equinox.launcher.Main.basicRun(Main.java:605)
2026-02-07 18:41:14,201 [ERROR] LogOutputStream:75 - [STDERR_REDIRECT] 	at org.eclipse.equinox.launcher.Main.run(Main.java:1481)
2026-02-07 19:32:01,688 [ERROR] AdobePublisher:162 - Exception while opening the connection: java.net.UnknownHostException: stmicroelectronics.d3.sc.omtrdc.net
2026-02-07 19:32:01,689 [ERROR] AdobePublisher:162 - Exception while opening the connection: java.net.UnknownHostException: stmicroelectronics.d3.sc.omtrdc.net
2026-02-07 19:32:01,690 [ERROR] AdobePublisher:162 - Exception while opening the connection: java.net.UnknownHostException: stmicroelectronics.d3.sc.omtrdc.net
2026-02-07 19:32:01,690 [ERROR] AdobePublisher:162 - Exception while opening the connection: java.net.UnknownHostException: stmicroelectronics.d3.sc.omtrdc.net
2026-02-07 19:32:01,691 [ERROR] AdobePublisher:162 - Exception while opening the connection: java.net.UnknownHostException: stmicroelectronics.d3.sc.omtrdc.net
2026-02-07 19:32:02,874 [ERROR] AdobePublisher:162 - Exception while opening the connection: java.net.UnknownHostException: stmicroelectronics.d3.sc.omtrdc.net
2026-02-07 19:32:02,874 [ERROR] AdobePublisher:162 - Exception while opening the connection: java.net.UnknownHostException: stmicroelectronics.d3.sc.omtrdc.net
2026-02-07 19:32:02,875 [ERROR] AdobePublisher:162 - Exception while opening the connection: java.net.UnknownHostException: stmicroelectronics.d3.sc.omtrdc.net
2026-02-07 19:32:02,876 [ERROR] AdobePublisher:162 - Exception while opening the connection: java.net.UnknownHostException: stmicroelectronics.d3.sc.omtrdc.net
2026-02-07 19:32:02,876 [ERROR] AdobePublisher:162 - Exception while opening the connection: java.net.UnknownHostException: stmicroelectronics.d3.sc.omtrdc.net
2026-02-07 19:38:34,679 [ERROR] ConfigurationRetriever:142 - IOException on connection: sw-center.st.com
2026-02-07 19:38:34,680 [ERROR] ConfigurationRetriever:142 - IOException on connection: sw-center.st.com
2026-02-07 19:38:34,681 [ERROR] ConfigurationRetriever:142 - IOException on connection: sw-center.st.com
2026-02-07 19:51:16,323 [ERROR] ConfigurationRetriever:142 - IOException on connection: sw-center.st.com
2026-02-07 19:51:16,323 [ERROR] ConfigurationRetriever:142 - IOException on connection: sw-center.st.com
2026-02-07 19:51:16,324 [ERROR] ConfigurationRetriever:142 - IOException on connection: sw-center.st.com
2026-02-07 20:01:28,784 [ERROR] ConfigurationRetriever:142 - IOException on connection: sw-center.st.com
2026-02-07 20:01:28,784 [ERROR] ConfigurationRetriever:142 - IOException on connection: sw-center.st.com
2026-02-07 20:01:28,785 [ERROR] ConfigurationRetriever:142 - IOException on connection: sw-center.st.com
2026-02-07 20:01:28,825 [ERROR] ConfigurationRetriever:142 - IOException on connection: sw-center.st.com
2026-02-07 20:01:28,825 [ERROR] ConfigurationRetriever:142 - IOException on connection: sw-center.st.com
2026-02-07 20:01:28,826 [ERROR] ConfigurationRetriever:142 - IOException on connection: sw-center.st.com
2026-02-07 20:29:16,191 [ERROR] ConfigurationRetriever:142 - IOException on connection: sw-center.st.com
2026-02-07 20:29:16,191 [ERROR] ConfigurationRetriever:142 - IOException on connection: sw-center.st.com
2026-02-07 20:29:16,192 [ERROR] ConfigurationRetriever:142 - IOException on connection: sw-center.st.com
2026-02-07 20:29:16,246 [ERROR] ConfigurationRetriever:142 - IOException on connection: sw-center.st.com
2026-02-07 20:29:16,247 [ERROR] ConfigurationRetriever:142 - IOException on connection: sw-center.st.com
2026-02-07 20:29:16,247 [ERROR] ConfigurationRetriever:142 - IOException on connection: sw-center.st.com
2026-02-07 20:37:43,564 [ERROR] LogOutputStream:75 - [STDERR_REDIRECT] 
2026-02-07 20:37:43,566 [ERROR] LogOutputStream:75 - [STDERR_REDIRECT] 
